Date,Close,High,Low,Open,Volume,ma_5,ma_10,ma_20,momentum,volatility,rsi,target
2015-02-02,166.78854370117188,166.87940563546837,163.4349329327051,165.24390342208943,163107000,166.23345336914062,167.50716857910157,167.19081420898436,0.239532470703125,0.011050277888750395,48.50953701699216,1
2015-02-03,169.2005157470703,169.20878394437813,167.3089513455954,167.68065470962785,124212900,166.58038330078125,167.73680725097657,167.31967163085938,2.29638671875,0.010766470120005618,55.141560858505215,0
2015-02-04,168.5561981201172,169.64654124823144,168.10188848340294,168.4405568129497,134306700,167.227978515625,167.8177520751953,167.49478607177736,0.8094482421875,0.01055659893169295,56.06055729165938,1
2015-02-05,170.2577667236328,170.40645559253682,169.14265692465472,169.2169950571287,97953200,167.91026306152344,167.81940307617188,167.65213775634766,0.016510009765625,0.010435148506602683,63.33581534912802,0
2015-02-06,169.78700256347656,171.18296677943948,169.26661025471967,170.62127129310568,125672000,168.91800537109376,167.8673126220703,167.6376853942871,0.479095458984375,0.009682038484536238,57.974064234421434,0
2015-02-09,169.0270538330078,169.8613224730138,168.62230290257145,169.14269515542406,87219000,169.36570739746094,167.7995803833008,167.65337982177735,-0.6773223876953125,0.009560269353461649,55.12583208928279,1
2015-02-10,170.8277130126953,171.0837749758462,169.06830163446324,170.05952712324256,96164200,169.69114685058594,168.1357650756836,167.82518768310547,3.361846923828125,0.009642489064374945,57.11008851252754,1
2015-02-11,170.92684936523438,171.35637961746548,170.01824270561735,170.6625317819855,91087800,170.16527709960937,168.69662780761718,168.02549362182617,5.6086273193359375,0.0096005114805014,51.77884109082934,1
2015-02-12,172.57061767578125,172.62844463006107,170.95989500311532,171.71982537678446,97545900,170.62784729003906,169.26905517578126,168.3583755493164,5.724273681640625,0.009614928202591551,58.16445676818479,1
2015-02-13,173.281005859375,173.3305646226638,172.43846907159076,172.69454368851316,93670400,171.32664794921874,170.12232666015626,168.80277099609376,8.53271484375,0.009254441593365002,58.811557373351576,1
2015-02-17,173.55361938476562,173.7270876879443,172.71935066023605,172.96714451626255,76968200,172.23196105957032,170.79883422851563,169.1530014038086,6.76507568359375,0.00892325406845383,66.60670000491166,1
2015-02-18,173.57015991210938,173.64449807608503,172.91760241775967,173.1819326949548,80652900,172.78045043945312,171.23579864501954,169.48630294799804,4.3696441650390625,0.008934481501525648,75.4719238403141,0
2015-02-19,173.44619750976562,173.80964522816615,172.83495598696246,172.9753766774431,91462500,173.28432006835936,171.72479858398438,169.77127532958986,4.8899993896484375,0.008923839491811822,72.30592778401214,1
2015-02-20,174.48695373535156,174.56129186467138,172.41365347753623,173.03316309644572,140896400,173.66758728027344,172.14771728515626,169.98356018066406,4.22918701171875,0.00844278110001178,85.44773922654389,0
2015-02-23,174.46214294433594,174.46214294433594,173.8591446156618,174.2391159925804,74411100,173.90381469726563,172.6152313232422,170.24127197265625,4.675140380859375,0.008301369706808656,82.73382793450853,1
2015-02-24,174.9578094482422,175.1560571033271,174.090493287688,174.38785846833633,72472300,174.18465270996094,173.20830688476562,170.5039436340332,5.930755615234375,0.00830467977708775,79.35926445825694,0
2015-02-25,174.80914306640625,175.31301152317158,174.4704746962613,174.83392244920137,73061700,174.4324493408203,173.60644989013673,170.87110748291016,3.9814300537109375,0.0075778044291807106,83.5845800052779,0
2015-02-26,174.6026153564453,174.87520113297848,173.99961684898244,174.7182566612815,72697900,174.66373291015626,173.97402648925782,171.3353271484375,3.6757659912109375,0.006768885978778418,77.80094979223296,0
2015-02-27,174.00790405273438,174.76783451094943,173.95834528867053,174.50350429733115,108076000,174.56792297363282,174.1177551269531,171.6934051513672,1.437286376953125,0.0067217576423007665,76.58615817851548,1
2015-03-02,175.1065216064453,175.1643359693863,174.0574814403365,174.10704020970294,87491400,174.6967987060547,174.30030670166016,172.2113166809082,1.8255157470703125,0.005813241704212487,86.7258448094685,0
2015-03-03,174.3878631591797,175.15606181483415,173.52881517195365,174.67697275512717,110325800,174.5828094482422,174.38373107910155,172.5912826538086,0.8342437744140625,0.0055875123245221975,74.74105022056328,0
2015-03-04,173.65269470214844,173.86746613042823,172.6862610867606,173.7931153877391,114497200,174.3515197753906,174.39198455810546,172.8138916015625,0.0825347900390625,0.004964335484357209,67.4045163414867,1
2015-03-05,173.8427734375,174.1236149487229,173.3389047949115,173.97492599315802,76873000,174.19955139160157,174.4316421508789,173.07822036743164,0.396575927734375,0.0048171142430872916,59.974302162542415,0
2015-03-06,171.397705078125,173.41317890386983,171.06730490510006,172.98364859577046,188128000,173.6775115966797,174.12271728515626,173.13521728515624,-3.0892486572265625,0.005538441330614043,38.39166469156425,1
2015-03-09,172.1080322265625,172.4632116903932,171.43896385686813,171.59590830979997,89818900,173.07781372070312,173.8873062133789,173.25126876831055,-2.3541107177734375,0.005549502493022897,41.545839401467774,0
2015-03-10,169.31613159179688,170.82773680839537,169.27482842335175,170.74514307546252,157121300,172.06346740722657,173.32313842773436,173.26572265625,-5.6416778564453125,0.006639811279538706,31.21828642261417,0
2015-03-11,168.9196319580078,169.7456448282181,168.8370256294043,169.57217657973325,110145700,171.11685485839843,172.73418731689452,173.17031860351562,-5.8895111083984375,0.006172835802487417,30.484664844859097,1
2015-03-12,171.0673370361328,171.13340699998056,169.497904409586,169.54746318445234,93993500,170.561767578125,172.3806594848633,173.17734298706054,-3.5352783203125,0.006848414810774472,36.5416120183138,0
2015-03-13,170.018310546875,171.75293082772876,168.98579397352322,170.79476502666947,162410900,170.285888671875,171.98170013427733,173.04972763061522,-3.989593505859375,0.006592789751068993,33.81544682284135,1
2015-03-16,172.28981018066406,172.38067212385542,170.04305358898614,170.74516975037025,136099200,170.3222442626953,171.7000289916992,173.0001678466797,-2.81671142578125,0.007242049959088433,41.39602401338451,0
2015-03-17,171.7776641845703,172.15762309564545,170.96816239253445,171.55463715174756,94510400,170.81455078125,171.4390090942383,172.91137008666993,-2.610198974609375,0.0072527520751454275,40.44778401436263,1
2015-03-18,173.8427734375,174.51184222763354,170.67087262640413,171.30690642861398,228808500,171.79917907714844,171.45801696777343,172.92500076293945,0.1900787353515625,0.0077748586390200035,47.856764724870345,0
2015-03-19,173.04971313476562,173.85094670509045,172.6614860397028,173.4296846377479,117917300,172.195654296875,171.3787109375,172.90517654418946,-0.793060302734375,0.007843556064583682,47.32720196403581,1
2015-03-20,174.5772705078125,175.08338827650132,173.81394763146972,173.99648273888036,177715100,173.1074462890625,171.69666748046876,172.9096923828125,3.1795654296875,0.007983217357825128,48.558197924071045,0
2015-03-23,174.23704528808594,175.15801303387462,174.23704528808594,174.58551785943564,71784500,173.49689331054688,171.9095687866211,172.8984375,2.1290130615234375,0.007995791476034545,49.580487490174306,0
2015-03-24,173.25799560546875,174.56891073329592,173.1916180726312,174.112585767895,77805300,173.79295959472657,172.3037551879883,172.81344680786134,3.941864013671875,0.008059208349369086,48.91680771714306,0
2015-03-25,170.7190704345703,173.69770310854292,170.67759556201722,173.46538811728843,159521700,173.16821899414063,172.48369903564452,172.60894317626952,1.7994384765625,0.008663091431031531,42.40643762273258,0
2015-03-26,170.3125457763672,171.22520830472868,169.35838305008411,170.05534076691788,153067200,172.62078552246095,172.40821990966796,172.39443969726562,-0.754791259765625,0.008667492687101638,47.071815197063785,1
2015-03-27,170.70248413085938,170.87671404274337,170.00552650267113,170.19636661978635,118939000,171.8458282470703,172.4766372680664,172.2291687011719,0.684173583984375,0.008685000507911208,46.14054816835881,1
2015-03-30,172.78501892089844,173.08371141679822,171.7147115290507,171.73129641311075,96180400,171.5554229736328,172.52615814208986,172.11309356689452,0.495208740234375,0.009035770003445466,59.91121899923879,0
2015-03-31,171.27496337890625,172.66057350740502,171.2168909627428,171.96361589192352,126768700,171.1588165283203,172.47588806152345,171.95744857788085,-0.5027008056640625,0.009187788341696904,56.326992363783916,0
2015-04-01,170.66932678222656,171.26671193265366,169.6819815291534,171.24182193973758,137303600,171.14886779785155,172.1585433959961,171.80828018188475,-3.1734466552734375,0.009175972878628055,48.83427006464161,1
2015-04-02,171.28329467773438,171.73132717172223,170.4203994638197,170.60293450290862,86900900,171.343017578125,171.98190155029297,171.6803062438965,-1.76641845703125,0.009220504064346347,53.801895306859215,1
2015-04-06,172.43655395507812,172.950963908092,170.26274398824668,170.39548636758687,114368200,171.68983154296876,171.76782989501953,171.73224868774415,-2.140716552734375,0.008797067572232798,50.47281823661462,0
2015-04-07,171.98023986816406,173.20819250095542,171.94705743385904,172.461467457011,81236300,171.52887573242188,171.54214935302736,171.72585906982422,-2.256805419921875,0.008773478745322668,50.65506923720651,1
2015-04-08,172.5609893798828,173.00072933374554,171.81426450055042,172.20422448381984,89351900,171.78608093261718,171.47244873046876,171.88810195922852,-0.6970062255859375,0.00791925890548174,45.41492867739608,1
2015-04-09,173.3243408203125,173.55665582878575,171.90556078000932,172.3950807864195,85548900,172.31708374023438,171.73297576904298,172.10833740234375,2.6052703857421875,0.007914421966911146,50.9844634406226,1
2015-04-10,174.2701873779297,174.3116749111512,173.37412249347702,173.57324239659198,72722900,172.91446228027343,172.1287399291992,172.2684799194336,3.9576416015625,0.007520986787739836,48.85128524770571,0
2015-04-13,173.48196411132812,174.75970915796125,173.4321841386416,174.1291290766868,74436600,173.12354431152343,172.40668792724608,172.44166259765626,2.77947998046875,0.007449444737849784,47.267045824823626,1
2015-04-14,173.81387329101562,173.99640832035578,172.66059069303114,173.28286574935842,75099900,173.49027099609376,172.50957336425782,172.51786575317382,1.0288543701171875,0.006869847420208835,52.110836593551255,1
2015-04-15,174.59381103515625,175.09992867523593,174.1955584748344,174.2785335608359,99529300,173.89683532714844,172.84145812988282,172.65867309570314,3.31884765625,0.00687601391084506,66.98218821348463,0
2015-04-16,174.54400634765625,175.05012391611444,174.06277876943213,174.26191135152382,68934900,174.1407684326172,173.2289260864258,172.69373474121093,3.8746795654296875,0.006353058511748062,69.14423152595775,0
2015-04-17,172.5361785888672,173.59819398304518,171.75625826434415,173.35758646133294,191113200,173.7939666748047,173.35421447753907,172.668058013916,1.2528839111328125,0.006801825156481363,57.23669551958742,1
2015-04-20,174.1125946044922,174.4444696253035,173.37416192199962,173.4571243470922,92189500,173.9200927734375,173.52181854248047,172.64482421875,1.6760406494140625,0.0068235823189910306,55.45730078004451,0
2015-04-21,173.90516662597656,174.95058431814448,173.60647404818283,174.79293925483387,72559800,173.9383514404297,173.7143112182617,172.62823028564452,1.9249267578125,0.006814941564738711,62.108842103784255,1
2015-04-22,174.75975036621094,174.94228541591448,173.324359960795,174.24532765331014,78264600,173.97153930664064,173.93418731689454,172.70331802368165,2.198760986328125,0.006770658874039329,68.40937809031975,1
2015-04-23,175.19944763183594,175.84661259165944,174.2452850760431,174.36144256472383,102585900,174.10262756347657,174.12169799804687,172.9273368835449,1.8751068115234375,0.005768669408320047,67.90593573791719,1
2015-04-24,175.6060333251953,175.87154345258304,175.15800081050318,175.6143384293135,61327400,174.7165985107422,174.25528259277343,173.19201126098633,1.335845947265625,0.0057057034330171,65.5539331311543,0
2015-04-27,174.87594604492188,176.29472655151122,174.68510584935564,176.17027656329202,79358100,174.86926879882813,174.39468078613282,173.40068435668945,1.39398193359375,0.005842036561648502,63.83856886797819,1
2015-04-28,175.4318084716797,175.48158845695426,173.6811405816105,174.85102087644302,86863500,175.17459716796876,174.5564743041992,173.53302383422852,1.6179351806640625,0.005270344369608892,63.75234636773503,0
2015-04-29,174.70997619628906,175.30734868948554,173.9051659940532,174.54402602905753,125684900,175.16464233398438,174.5680908203125,173.70477447509765,0.1161651611328125,0.004920845939313914,56.66424487938766,0
2015-04-30,172.95928955078125,174.52742224365647,172.26233184044423,174.13746218128156,161304900,174.71661071777345,174.409619140625,173.81927261352538,-1.584716796875,0.005423713906133842,44.148238361662045,1
2015-05-01,174.8343963623047,174.87588389704135,173.63962625911066,173.7391862143041,103399700,174.56228332519532,174.63944091796876,173.9968276977539,2.2982177734375,0.005853585991522286,55.503165936288866,1
2015-05-04,175.33221435546875,175.91300183759805,175.14967933819705,175.25753173188116,70927200,174.65353698730468,174.76140289306642,174.14161071777343,1.2196197509765625,0.005717690734601474,56.095956204880395,0
2015-05-05,173.3243408203125,175.44838364955402,173.1832933266122,175.09160603354397,113326200,174.23204345703124,174.7033203125,174.20881576538085,-0.5808258056640625,0.006309376010572247,45.360669523263574,0
2015-05-06,172.61074829101562,174.17888047446598,171.54873351387542,173.87189558645014,135060200,173.81219787597655,174.48842010498046,174.2113037109375,-2.1490020751953125,0.0063462168645119195,43.2617482502606,1
2015-05-07,173.2994842529297,173.72263947585762,172.1793965303919,172.5112715607244,88244900,173.88023681640624,174.29842376708984,174.21006088256837,-1.89996337890625,0.006331154448933076,52.92986229225528,1
2015-05-08,175.58114624023438,175.78027883907205,174.8842011346324,174.96717621586973,155877300,174.0295867919922,174.29593505859376,174.2756088256836,-0.0248870849609375,0.006890099153098689,55.347362128032664,0
2015-05-11,174.7431640625,175.80517933263093,174.66849408105816,175.53968184520852,75708100,173.91177673339843,174.28265686035155,174.3386688232422,-0.132781982421875,0.006899700747746003,52.91739044978141,0
2015-05-12,174.22047424316406,174.75978706151977,173.09208127179795,173.91348916793956,119727600,174.09100341796875,174.1615234375,174.3589988708496,-1.211334228515625,0.006929611266728357,48.078161229559186,1
2015-05-13,174.25363159179688,175.24926925428832,174.02131655922287,174.62699413270371,94667900,174.419580078125,174.1158889770508,174.34198989868165,-0.4563446044921875,0.006853922753074612,46.528777240292506,1
2015-05-14,176.07069396972656,176.1619615027784,174.9920811228103,175.26588372196588,95934000,174.97382202148438,174.42702941894532,174.41832427978517,3.1114044189453125,0.007244152119710089,51.545350652303206,1
2015-05-15,176.26148986816406,176.40253736481634,175.7802622947641,176.26148986816406,76510100,175.10989074707032,174.56973876953126,174.60458984375,1.427093505859375,0.00667443381819546,54.779432276945265,1
2015-05-18,176.80909729003906,177.05799719315343,176.02917716636372,176.09555469393385,74549700,175.52307739257813,174.7174270629883,174.73941497802736,1.4768829345703125,0.006423273359602182,54.7536639161402,0
2015-05-19,176.75100708007812,177.1990522131285,176.46891209125,176.92524966742403,72114600,176.02918395996093,175.06009368896486,174.88170700073243,3.426666259765625,0.006412165735065172,57.38280926597453,0
2015-05-20,176.6265869140625,177.37331204809766,176.31129677913978,176.85059685814068,76857500,176.50377502441407,175.46167755126953,174.975048828125,4.015838623046875,0.006346622705595749,65.03410415905599,1
2015-05-21,177.14093017578125,177.34835515256788,176.31952271002848,176.4854728196305,64764600,176.717822265625,175.8458221435547,175.07212295532227,3.8414459228515625,0.006353691579407971,60.64308717895279,0
2015-05-22,176.7178497314453,177.1741747121736,176.65147219637822,176.7593246131695,57433500,176.80909423828126,175.9594924926758,175.12771377563476,1.1367034912109375,0.006372638880320963,56.43817202395216,0
2015-05-26,174.8178253173828,176.65146828487644,174.40297522756453,176.22831309072097,124308600,176.41083984375,175.96695861816406,175.12480773925782,0.0746612548828125,0.006775176217121882,57.00952918411106,1
2015-05-27,176.47718811035156,176.70950309837983,174.8675680788576,175.27412563801573,93214000,176.3560760498047,176.1926300048828,175.1770767211914,2.2567138671875,0.00707141267901408,66.66710517487927,0
2015-05-28,176.27809143066406,176.3859438363147,175.58943881822523,176.17022636479442,74974600,176.286376953125,176.39507598876952,175.25548248291017,2.0244598388671875,0.007004033504724817,63.40582696026723,0
2015-05-29,175.1829376220703,176.25324554113234,174.91744008394502,176.2117706503356,124919600,175.8947784423828,176.3063003540039,175.3666648864746,-0.88775634765625,0.00675103721726368,47.993479982469765,1
2015-06-01,175.53961181640625,176.17847161639543,174.75138679267897,175.8465967244586,93338800,175.659130859375,176.23411254882814,175.40192565917968,-0.7218780517578125,0.006325889974134006,54.217776786551205,0
2015-06-02,175.36538696289062,176.05403946034752,174.46101702993104,175.08329201026015,91531000,175.76864318847657,176.0897415161133,175.4035842895508,-1.4437103271484375,0.006300179157328896,56.29550698493939,1
2015-06-03,175.830078125,176.45235332192888,175.3405580085357,175.8964556652323,87820900,175.63922119140625,175.99764862060547,175.52887115478515,-0.920928955078125,0.0057091314899689926,58.275633364626415,0
2015-06-04,174.34486389160156,175.78024133719322,174.02957384242922,175.12478391204863,151882800,175.25257568359376,175.76947631835938,175.61557693481444,-2.2817230224609375,0.005978479111961546,40.613121578599674,0
2015-06-05,174.0462188720703,174.7182740253216,173.3907486078771,174.19555883491697,121704700,175.02523193359374,175.4600051879883,175.65291366577148,-3.0947113037109375,0.005939983730069627,38.09074592388184,0
2015-06-08,172.9758758544922,174.08768362665737,172.90120588284333,173.93833102314068,89063300,174.51248474121093,175.08580780029297,175.52265014648438,-3.741973876953125,0.005257365588613616,30.48926347967641,0
2015-06-09,172.95098876953125,173.49030144767775,172.32042123131572,172.95098876953125,105034700,174.02960510253905,174.8991241455078,175.43304138183595,-1.8668365478515625,0.005171404074179369,30.592667173726014,1
2015-06-10,175.02520751953125,175.4068750792361,173.65620762232342,173.71428003736858,134551300,173.8686309814453,174.7539260864258,175.4732780456543,-1.4519805908203125,0.0058347799364966944,43.179791783100896,1
2015-06-11,175.58941650390625,175.971071417342,175.23263891764168,175.46495390674622,73876400,174.11754150390624,174.68505859375,175.54006729125976,-0.6886749267578125,0.005872539735523094,43.420116015106295,0
2015-06-12,174.24533081054688,175.46499109192928,173.97152823103042,174.7680459769165,135382400,174.15736389160156,174.59129791259767,175.44879913330078,-0.9376068115234375,0.005634293725852676,40.27396799825214,0
2015-06-15,173.4986114501953,173.7807064831923,172.40340109589576,173.1086513386087,124384200,174.26191101074218,174.38719787597657,175.31065521240234,-2.0410003662109375,0.005682278676846017,44.29283607548644,1
2015-06-16,174.44442749023438,174.52740255550577,173.17498748493023,173.3492173976957,85308200,174.56059875488282,174.29510192871095,175.19242172241212,-0.92095947265625,0.005789735043735769,40.62723820164324,1
2015-06-17,174.72650146484375,175.3321915160813,173.70597411773852,174.72650146484375,126708600,174.5008575439453,174.18474426269532,175.0911964416504,-1.10357666015625,0.005811847179024442,42.90017301835336,1
2015-06-18,176.54354858398438,177.00817851517942,174.7596988138142,175.3238886844893,165867900,174.69168395996093,174.40461273193358,175.0870445251465,2.1986846923828125,0.006306606830412609,55.84010877381883,0
2015-06-19,175.75987243652344,176.37684161534378,175.38469380583308,176.3018084335659,130478700,174.99459228515624,174.57597808837892,175.0179916381836,1.713653564453125,0.006341787754519003,50.91198795051321,1
2015-06-22,176.66030883789062,177.24392145490066,176.45187485168697,176.67698711889116,70696000,175.6269317626953,174.94442138671874,175.01511459350587,3.6844329833984375,0.006437796562172217,55.05747345636929,1
2015-06-23,176.7853546142578,177.1188566072924,176.39351044536755,176.8687332929665,68476800,176.0951171875,175.3278579711914,175.1134910583496,3.8343658447265625,0.00591926690498846,53.83262910826864,0
2015-06-24,175.50146484375,176.89380272943305,175.47645377624346,176.51862399503057,92307300,176.25010986328124,175.37548370361327,175.06470489501953,0.47625732421875,0.0057749005479229435,54.71654908324757,0
2015-06-25,174.9678192138672,176.1267116240838,174.8927860349281,176.00165632585197,97107400,175.93496398925782,175.31332397460938,174.9991912841797,-0.6215972900390625,0.005805761650730604,53.68755372772742,0
2015-06-26,174.9344482421875,175.56808285795128,174.38417957171453,175.32629235647144,104174800,175.76987915039064,175.38223571777343,174.98676681518555,0.689117431640625,0.005639877360814606,58.54590970525377,0
2015-06-29,171.26605224609375,174.9428311592116,171.19101905728778,173.45878205663925,202621300,174.69102783203124,175.1589797973633,174.77308883666993,-2.2325592041015625,0.007294270117031309,44.421711798546326,1
2015-06-30,171.62457275390625,172.85016577780942,171.1493370940324,172.8001309279785,182925100,173.65887145996095,174.87699432373046,174.5860481262207,-2.819854736328125,0.007331569677189728,37.29867802846376,1
2015-07-01,173.00022888183594,173.44210796677788,172.21651496611176,173.19198460957617,135979900,173.15862426757812,174.7043670654297,174.4445556640625,-1.7262725830078125,0.007568499768359241,40.88210165447794,0
2015-07-02,172.84181213378906,173.6422043099479,172.4249441241193,173.47545965044043,104373700,172.7334228515625,174.33419342041014,174.36940307617186,-3.7017364501953125,0.00735139655718165,44.60712405355998,0
2015-07-06,172.34991455078125,173.12528295856598,171.35776663146785,171.55786786015534,117975400,172.21651611328124,173.99319763183593,174.28458786010742,-3.4099578857421875,0.007366339506974504,45.498091737720685,1
2015-07-07,173.43373107910156,173.55878636499753,170.17382092755489,172.5499731339721,173820200,172.65005187988282,173.67053985595703,174.3074806213379,-3.2265777587890625,0.007386051203292668,46.08132332321673,0
2015-07-08,170.52403259277344,172.38326041458043,170.29058751747044,172.09979321197,164020100,172.42994384765626,173.0444076538086,174.1861328125,-6.261322021484375,0.008301548151365013,36.46418289102364,1
2015-07-09,170.83250427246094,172.87516768530955,170.72412724140756,172.6166988345158,144113100,171.99639892578125,172.5775115966797,173.97649765014648,-4.6689605712890625,0.007779640535290542,29.625153650094774,1
2015-07-10,172.98355102539062,173.40041904782046,170.87419984963972,172.82513914137888,129456900,172.02474670410157,172.37908477783202,173.8462043762207,-1.9842681884765625,0.008322004172497687,40.975602497780464,1
2015-07-13,174.892822265625,175.00119930594377,174.20081978785296,174.24250913650008,106069400,172.5333282470703,172.3749221801758,173.87857894897462,-0.0416259765625,0.00854806555136452,44.60840990122974,1
2015-07-14,175.6515350341797,175.96002607641583,174.79278777313695,174.85115541311302,81709600,172.97688903808594,172.81347045898437,173.98622512817383,4.3854827880859375,0.008526290682766446,46.67009638463511,0
2015-07-15,175.59315490722656,176.15175654972325,175.11791923897846,175.693199165046,97914100,173.99071350097657,173.2103286743164,174.04366149902344,3.9685821533203125,0.008452689654075805,50.29017126333875,1
2015-07-16,177.0021514892578,177.0021514892578,176.401860564588,176.6436384017293,106683300,175.22464294433593,173.6105209350586,174.15744400024414,4.001922607421875,0.00862245814924612,56.100074122200965,1
2015-07-17,177.15220642089844,177.21057404232326,176.58527209631774,176.99379455908894,89030000,176.0583740234375,174.04156036376952,174.18787689208983,4.310394287109375,0.008314984846108948,56.60387645998817,1
2015-07-20,177.24395751953125,177.735858773829,176.92714644686333,177.37735835107748,70446800,176.52860107421876,174.53096466064454,174.26208114624023,4.89404296875,0.008242834357580456,72.61840704449457,0
2015-07-21,176.54360961914062,177.36901289331283,176.2434641305146,177.11054402998832,77965000,176.70701599121094,174.84195251464843,174.25624618530273,3.1098785400390625,0.008221960897509397,68.14269956327945,0
2015-07-22,176.226806640625,176.56030873500586,175.82661684917207,175.85996069770812,88667900,176.83374633789063,175.4122299194336,174.2283187866211,5.7027740478515625,0.008229645999977853,62.9087219658945,0
2015-07-23,175.23455810546875,176.46015056574527,174.8760578715985,176.36010635569716,90509100,176.4802276611328,175.85243530273436,174.21497344970703,4.4020538330078125,0.00816298471189287,58.97403321303936,0
2015-07-24,173.41709899902344,175.39304937337204,173.08360966659248,175.33469446500777,117755000,175.73320617675782,175.89579010009766,174.13743743896484,0.4335479736328125,0.008463667079957587,53.64051365602536,0
2015-07-27,172.4082794189453,173.041926985497,171.96640031164114,172.5333474647767,132361100,174.7660705566406,175.6473358154297,174.01112899780273,-2.4845428466796875,0.008549047774874726,46.48385915345576,1
2015-07-28,174.52593994140625,174.6676735197943,172.41658910232414,173.24197951304296,123544800,174.36253662109374,175.53477630615234,174.17412338256835,-1.1255950927734375,0.007575947654730946,64.51015388224307,1
2015-07-29,175.72657775878906,175.9516773670981,174.50931734159477,174.65105096520566,105791300,174.26249084472656,175.5481185913086,174.3792236328125,0.1334228515625,0.007688042735850227,66.66670130906702,1
2015-07-30,175.76821899414062,175.9349636396938,174.6009810316665,175.21795021419427,91304400,174.36922302246094,175.4247253417969,174.51762313842772,-1.2339324951171875,0.007520559697752551,61.074189594281336,0
2015-07-31,175.50146484375,176.29351166566732,175.21799759747296,176.26850059816078,103266900,174.78609619140624,175.25965118408203,174.65060577392578,-1.6507415771484375,0.0075290748827151165,52.78420719058082,0
2015-08-03,174.90945434570312,175.52642351088926,173.9589958987843,175.46806861139632,113965700,175.2863311767578,175.0262008666992,174.77858276367186,-2.334503173828125,0.007543389943677988,46.55281180491664,0
2015-08-04,174.56765747070312,175.293003760113,174.08408903716236,174.8344463902207,81820800,175.2946746826172,174.82860565185547,174.83527908325195,-1.9759521484375,0.007450291711812726,45.35847232293933,1
2015-08-05,175.14295959472656,176.17678428147403,174.85947963441458,175.45977068172783,85786800,175.17795104980468,174.72022094726563,175.06622543334962,-1.0838470458984375,0.006281700781734427,40.89817102868805,0
2015-08-06,173.7089080810547,175.43473505916185,173.1252826787766,175.32634530357268,116030800,174.7660888671875,174.56765594482422,175.2100456237793,-1.5256500244140625,0.006631731648430099,35.0256010065217,0
2015-08-07,173.37542724609375,173.70058383084157,172.47499069099115,173.55051743255973,117858000,174.34088134765625,174.56348876953126,175.22963943481446,-0.0416717529296875,0.006048366111254994,33.52276272279184,1
2015-08-10,175.55979919433594,175.64316516294912,174.4842726082692,174.4842726082692,80270700,174.4709503173828,174.8786407470703,175.26298828125,3.151519775390625,0.006204655918679867,46.27993791722682,0
2015-08-11,173.97573852539062,174.64273005734745,173.2170354987672,174.22586194010012,126081400,174.35256652832032,174.82362060546876,175.17919845581054,-0.550201416015625,0.0064510242825831475,42.23249750430691,1
2015-08-12,174.18409729003906,174.36752020008473,171.21599961373644,172.6750373934088,172123700,174.16079406738282,174.66937255859375,175.10874557495117,-1.54248046875,0.006461673868577229,46.16799311560201,0
2015-08-13,173.9673309326172,174.7093553533563,173.42539498015836,174.025685828599,89383300,174.2124786376953,174.4892837524414,174.95700454711914,-1.8008880615234375,0.006151924881676126,52.272612685287896,1
2015-08-14,174.60098266601562,174.67601584894675,173.63384590223302,173.77557948836994,72786500,174.45758972167968,174.39923553466798,174.829443359375,-0.900482177734375,0.00622374801198939,59.34612688010635,1
2015-08-17,175.57640075683594,175.57640075683594,173.55042908060022,174.00898626713425,79072600,174.46091003417968,174.46593017578124,174.74606552124024,0.6669464111328125,0.006377535796191524,54.96047786832681,0
2015-08-18,175.0679168701172,175.65152964294157,174.83447176098744,175.30136197924693,71692700,174.679345703125,174.51595611572264,174.67228088378906,0.5002593994140625,0.006351384140284897,46.672135242400785,0
2015-08-19,173.68389892578125,175.09290215490807,172.87517394473667,174.32586652045595,172946000,174.57930603027344,174.37005004882812,174.54513549804688,-1.4590606689453125,0.006565371377084606,40.72689700866769,0
2015-08-20,170.05715942382812,173.65889288945445,169.99879178827263,172.1748435960607,194327900,173.79727172851562,174.00487518310547,174.28626556396483,-3.6517486572265625,0.007914470299815677,31.353216379158965,0
2015-08-21,164.93798828125,170.0321155609395,164.67953216633668,168.18955347177467,346588500,171.8646728515625,173.1611312866211,173.86231002807617,-8.43743896484375,0.01002974263799885,23.93172280640168,0
2015-08-24,157.99295043945312,164.64615924941685,152.07342055854252,156.31714588799085,507244300,168.34798278808594,171.40444641113282,173.14154357910155,-17.566848754882812,0.013389775973849997,17.78972464223655,0
2015-08-25,156.1337432861328,162.9536976161637,155.84193059927358,162.93701933416563,369833100,164.56114807128907,169.62024688720703,172.2219337463379,-17.841995239257812,0.012895842395209967,14.814450786076122,1
2015-08-26,162.12826538085938,162.40338699308438,157.05080481195267,160.1439701534292,339257000,162.2500213623047,168.41466369628907,171.5420181274414,-12.055831909179688,0.016029133023346066,31.660695722522902,1
2015-08-27,166.13858032226562,166.26363563658603,162.75361411543824,164.26267427664732,274143900,161.4663055419922,167.6317886352539,171.06053619384767,-7.8287506103515625,0.017251116833388033,39.73500444992364,1
2015-08-28,166.14691162109375,166.61380175279606,165.0130301347587,165.49659854882236,160414400,161.70809020996094,166.78638153076173,170.59280853271486,-8.454071044921875,0.017260195635129077,35.76999395167708,0
2015-08-31,164.8045196533203,166.02177926478575,164.2542510869676,165.1713653642221,163298800,163.07040405273438,165.70919342041014,170.0875617980957,-10.771881103515625,0.01730341854202887,36.033285231943964,0
2015-09-01,159.8855438232422,162.386751628339,159.0184513266002,161.0110797024553,256000400,163.82076416015624,164.19095611572266,169.35345611572265,-15.182373046875,0.018323285197247244,30.95711301322538,1
2015-09-02,162.92037963867188,162.96206898938476,160.42750403896449,162.26172097409798,160269300,163.97918701171875,163.1146041870117,168.74232711791993,-10.763519287109375,0.018985762209827423,36.31485328559736,1
2015-09-03,163.0370635986328,165.1214034229012,162.54516245333764,163.62900898451664,152087800,163.3588836669922,162.4125946044922,168.20873489379883,-7.0200958251953125,0.018972931272030962,35.488554222634974,0
2015-09-04,160.5692138671875,161.62806215377893,159.75215614582967,160.78599337005926,207081000,162.24334411621095,161.97571716308593,167.56842422485352,-4.3687744140625,0.019162790979142846,31.847563318719267,1
2015-09-08,164.60450744628906,164.75458655536866,162.7202684935989,163.36224883448918,116025700,162.20334167480468,162.63687286376953,167.02065963745116,6.6115570068359375,0.019912467528183705,38.338583603782915,0
2015-09-09,162.4034423828125,166.30533377944414,162.0366092008,166.18027845850835,149347700,162.70692138671876,163.2638427734375,166.44204483032226,6.2696990966796875,0.02000491075446997,37.652853714719384,1
2015-09-10,163.2871551513672,164.42936908185118,161.9531728346661,162.21162888709986,158611100,162.7802764892578,163.37973175048828,165.89719772338867,1.1588897705078125,0.020076894697611564,42.116423739625326,1
2015-09-11,164.0291748046875,164.09587519080304,162.18661321341497,162.89529368431928,119691200,162.97869873046875,163.16879119873047,165.4002899169922,-2.109405517578125,0.020145646061944262,48.82156667526683,0
2015-09-14,163.4205780029297,164.25431394794666,162.93700962820373,164.2042918267338,79452000,163.5489715576172,162.89615783691406,164.84126968383788,-2.7263336181640625,0.020089987101742958,58.42176815342603,1
2015-09-15,165.4632110595703,165.90509001207155,163.37887157728196,163.9207947539575,113806200,163.72071228027343,162.96202697753907,164.33561019897462,0.65869140625,0.020305808101890532,64.39411631761338,1
2015-09-16,166.89724731445312,167.0890157322511,165.42154392267057,165.76337869686665,99581600,164.61947326660157,163.66319732666017,163.9270767211914,7.0117034912109375,0.020465876772271692,58.5629086381978,0
2015-09-17,166.52210998535156,169.1567191508858,166.14693127954274,166.76390058189295,276046600,165.26646423339844,164.02337036132812,163.56898727416993,3.6017303466796875,0.020421733306533303,50.7920382119442,0
2015-09-18,163.8008575439453,166.5078213622885,163.3902112311698,164.01876403278732,223657500,165.22080078125,164.09974975585936,163.25617218017578,0.7637939453125,0.02022398545732314,45.64327016423135,1
2015-09-21,164.64732360839844,165.66975777619078,163.5997355626022,164.63055861904252,105726200,165.46614990234374,164.50756072998047,163.24163894653321,4.0781097412109375,0.019122678193849656,49.70260192999858,0
2015-09-22,162.51023864746094,162.971179937286,161.3788384622485,162.48509755782862,153890900,164.87555541992188,164.29813385009766,163.4675033569336,-2.094268798828125,0.016695280987671896,55.54981970797079,0
2015-09-23,162.25042724609375,163.14715588396928,161.67215665007348,162.67783852718148,92790600,163.94619140625,164.28283233642577,163.77333755493163,-0.15301513671875,0.016421196064593205,48.39506551916739,0
2015-09-24,161.66378784179688,162.12472915587193,159.70270601966715,161.03523499204192,159378800,162.97452697753906,164.12049560546876,163.7501136779785,-1.6233673095703125,0.01404227687598318,46.7826314506275,0
2015-09-25,161.62188720703125,163.42373351263564,160.7502868003842,163.12202764694086,155054800,162.53873291015626,163.87976684570313,163.5242790222168,-2.40728759765625,0.012775439130392084,52.78254612569938,0
2015-09-28,157.56558227539062,160.83406390607155,157.25550037665104,160.72511068200106,178515900,161.12238464355468,163.2942672729492,163.09521255493163,-5.8549957275390625,0.013829654195304403,31.414555455012078,1
2015-09-29,157.6577911376953,159.01547380900044,156.6604853688763,157.78350936374622,159045600,160.15189514160156,162.51372528076172,162.73787612915038,-7.805419921875,0.013783183089309127,35.89937496996356,1
2015-09-30,160.5994110107422,160.7670225082803,158.76403506104677,159.5434342791708,163452000,159.82169189453126,161.88394165039062,162.7735694885254,-6.2978363037109375,0.012886534385969593,42.8841862366627,1
2015-10-01,161.01846313476562,161.32016897733686,159.082522639908,160.97655705897594,131079000,159.692626953125,161.33357696533204,162.67847366333007,-5.5036468505859375,0.012135605371287527,41.89044559599121,1
2015-10-02,163.4237060546875,163.44884714027629,158.49584867228302,159.04060203189462,211003300,160.05299072265626,161.29586181640624,162.69780578613282,-0.3771514892578125,0.012618696929404998,50.007682086049854,1
2015-10-05,166.3318328857422,166.55811547378664,164.5383627458455,164.64731598970752,126320800,161.80624084472657,161.4643127441406,162.98593673706054,1.68450927734375,0.01266144449755366,52.046234563197245,0
2015-10-06,165.7619171142578,166.7592228059203,165.09984721152352,166.19771724589555,110274500,163.42706604003905,161.78948059082032,163.04380722045897,3.251678466796875,0.011448855362080531,47.2119655595966,1
2015-10-07,167.11962890625,167.4716169552266,165.50214631315984,166.69220479911124,124307300,164.73110961914062,162.27640075683593,163.27961654663085,4.86920166015625,0.011092154527074108,51.39977851764101,1
2015-10-08,168.62814331054688,168.91308416476795,166.4323902644095,166.73409610650796,153055200,166.25304565429687,162.97283630371095,163.54666595458986,6.96435546875,0.01118791210631905,61.989920251895164,1
2015-10-09,168.72872924804688,169.20642276618494,168.10017639559013,168.77063532913212,107069200,167.31405029296874,163.6835205078125,163.78164367675782,7.106842041015625,0.01116934586071878,60.527378449413845,1
2015-10-12,168.88796997070312,169.089098705504,168.37674645651603,168.8041578059088,56395600,167.82527770996094,164.81575927734374,164.05501327514648,11.3223876953125,0.011103967555173493,68.31957516675038,0
2015-10-13,167.82362365722656,169.42434143886834,167.65601210879015,168.15884675409936,88038700,168.23761901855468,165.83234252929688,164.17303390502929,10.16583251953125,0.010936674380173667,65.30138592027,0
2015-10-14,167.01902770996094,168.34318034427724,166.72571077201667,167.76490977995587,99106200,168.21749877929688,166.47430419921875,164.1791229248047,6.41961669921875,0.01083858890441133,64.52909329211194,1
2015-10-15,169.58360290527344,169.59197900820092,167.31242579347253,167.68117892937616,134142200,168.4085906982422,167.33081817626953,164.3321975708008,8.565139770507812,0.011341594288902397,68.99985653038024,1
2015-10-16,170.35459899902344,170.37135120218616,169.22319867641423,169.98584592238217,114580100,168.7337646484375,168.02390747070314,164.65988464355468,6.9308929443359375,0.010600840920609055,86.19519488135761,1
2015-10-19,170.4384002685547,170.4384002685547,169.39920099152403,169.7092829967101,76523900,169.04385070800782,168.43456420898437,164.9494384765625,4.1065673828125,0.010579235230022388,86.1886220507822,0
2015-10-20,170.22048950195312,170.83227734943787,169.75117209632427,170.00259578875122,78448500,169.52322387695312,168.88042144775392,165.3349510192871,4.4585723876953125,0.010029085263258177,82.21066559046952,0
2015-10-21,169.16452026367188,170.79036614497844,168.9968959484565,170.6395196068124,102038000,169.95232238769532,169.08491058349608,165.680655670166,2.044891357421875,0.010176718381140018,76.15688841504524,1
2015-10-22,172.02235412597656,172.23187176059804,169.1645433085749,170.1115543212638,174911700,170.44007263183593,169.42433166503906,166.198583984375,3.3942108154296875,0.010591321593245166,76.83032156144272,1
2015-10-23,173.90797424316406,174.2767272443333,172.8939162778874,173.6900805551726,144442300,171.15074768066407,169.94225616455077,166.81288833618163,5.1792449951171875,0.010697136611236497,75.25108173150275,0
2015-10-26,173.48057556152344,173.7906575223188,173.1118225335832,173.7319992431136,69033000,171.75918273925782,170.40151672363282,167.60863800048827,4.5926055908203125,0.008448077457950218,75.97283237112936,0
2015-10-27,173.14532470703125,173.4805477033603,172.4664770393679,172.8100889227646,77905800,172.34414978027343,170.93368682861328,168.38301467895508,5.3217010498046875,0.00853340083161505,71.77441944071336,1
2015-10-28,175.11476135253906,175.13990243487535,172.81845724625225,173.4805270610009,135906700,173.53419799804686,171.7432601928711,169.10878219604493,8.095733642578125,0.008049413073259513,72.68435067048735,0
2015-10-29,175.0142822265625,175.38303533093182,174.49468255473792,174.6120119254061,90525500,174.13258361816406,172.286328125,169.80857315063477,5.4306793212890625,0.008117166169029676,71.98137029107852,0
2015-10-30,174.2599334716797,175.52542767919255,174.10071087287469,175.20695690570935,131076900,174.20297546386718,172.67686157226564,170.3503845214844,3.90533447265625,0.007916536538057073,68.03572544644001,1
2015-11-02,176.3216094970703,176.51436208500124,174.46109241234478,174.58681062981634,86270800,174.77118225097655,173.2651824951172,170.8498733520508,5.883209228515625,0.0074374453067490385,76.7402243220404,1
2015-11-03,176.83287048339844,177.38600006681244,175.7433763067183,175.9696589159223,95246100,175.50869140625,173.92642059326172,171.4034210205078,6.6123809814453125,0.00728510469559877,81.4615667582396,0
2015-11-04,176.29647827148438,177.2518779531897,175.76011376224525,177.1261725166253,96224500,175.74503479003906,174.63961639404297,171.86226348876954,7.1319580078125,0.007317761443896049,74.73721262638928,0
2015-11-05,176.12049865722656,176.8160986601643,175.23214603282946,176.3551573584658,78408700,175.96627807617188,175.04943084716797,172.23688125610352,4.09814453125,0.00720418144151846,72.22207846891753,0
2015-11-06,176.02825927734375,176.26293069837328,174.70411961400538,175.77684844755572,110471500,176.3199432373047,175.26145935058594,172.60185775756835,2.1202850341796875,0.007221642214522722,71.52960535981899,0
2015-11-09,174.38563537597656,175.5673173364517,173.43861203046924,175.416458062295,131008700,175.93274841308593,175.35196533203126,172.87674102783203,0.905059814453125,0.007663548862736538,64.45577744943839,1
2015-11-10,174.78797912597656,174.82150910678078,173.63982664827824,173.90800255500784,75874600,175.52377014160157,175.51623077392577,173.22495880126954,1.6426544189453125,0.007432828930941898,70.44465327651227,0
2015-11-11,174.10076904296875,175.10645107827153,174.03372186888976,175.05616889469752,67846000,175.08462829589843,175.41483154296876,173.57904586791992,-1.0139923095703125,0.007393352562405364,58.972406479108884,0
2015-11-12,171.67039489746094,173.5309128287457,171.65364269119257,173.0615952943574,121315200,174.19460754394532,175.0804428100586,173.6833854675293,-3.3438873291015625,0.007532639847722083,40.77440119986512,0
2015-11-13,169.74281311035156,171.5279075743205,169.65901372340684,171.25973163297792,153577100,172.93751831054686,174.62873077392578,173.6527961730957,-4.517120361328125,0.007917948529819484,36.285652220649624,1
2015-11-16,172.32400512695312,172.38267618416583,169.44104134703582,169.55838346146123,117645200,172.5251922607422,174.22897033691407,173.74707641601563,-3.9976043701171875,0.00863216946125999,47.41286329789995,0
2015-11-17,172.19837951660156,173.5141438029439,171.70392089635575,172.63417984038364,121123700,172.00727233886718,173.76552124023436,173.84597091674806,-4.634490966796875,0.008626796644966675,39.60612382073163,1
2015-11-18,174.93045043945312,175.07292088872342,172.6341454727028,172.67603876700397,121342500,172.17320861816407,173.62891845703126,174.1342674255371,-1.36602783203125,0.009107081190925256,49.74841788092207,0
2015-11-19,174.77960205078125,175.1986372929131,174.48627226611268,174.8131192434579,88220500,172.79505004882813,173.4948287963867,174.27212982177736,-1.3408966064453125,0.00838662992692549,51.61815726681232,1
2015-11-20,175.41648864746094,176.0953235296875,175.03935957821705,175.53381797540212,94011500,173.92978515625,173.43365173339845,174.3475555419922,-0.6117706298828125,0.008075143000552325,46.90718316850268,0
2015-11-23,175.21536254882812,175.97799679772703,174.7544213294247,175.47516229396336,64931200,174.508056640625,173.5166244506836,174.4342948913574,0.8297271728515625,0.008055485098817282,44.353260412149936,1
2015-11-24,175.45005798339844,175.85232822831483,173.82419922577145,174.20970448066703,98874400,175.15839233398438,173.58283233642578,174.54953155517578,0.662078857421875,0.008036078505706253,46.98155445782686,0
2015-11-25,175.4249267578125,175.77691484040187,175.16511415567015,175.5757733126617,51980100,175.25728759765624,173.71524810791016,174.56503982543944,1.32415771484375,0.0076328297445731825,47.49252184589117,1
2015-11-27,175.62603759765625,175.82717910489592,175.03939085313215,175.51708434940895,37317800,175.42657470703125,174.11081237792968,174.59562759399415,3.9556427001953125,0.007634338555242135,48.56131756240476,0
2015-11-30,174.89691162109375,175.9025935308499,174.78795837832422,175.78526418784404,112822700,175.32265930175782,174.6262222290039,174.62747650146486,5.1540985107421875,0.0076294847189644155,51.95661542378444,1
2015-12-01,176.56468200683594,176.68202415007264,175.24891800729733,175.5254827993396,97858400,175.59252319335937,175.0502899169922,174.63963012695314,4.2406768798828125,0.007460877708122192,56.19891820524287,0
2015-12-02,174.76283264160156,176.8328677084274,174.51140894509157,176.51439684031868,108441300,175.455078125,175.30673522949218,174.53612823486327,2.564453125,0.007770642661445307,52.143240314197676,0
2015-12-03,172.31565856933594,175.28242221225327,171.59491750079425,175.01424632913574,166224200,174.83322448730468,175.04525604248047,174.33708724975585,-2.6147918701171875,0.008321979678271616,52.08658581113753,1
2015-12-04,175.6763153076172,175.9696450663858,172.31565756611263,172.31565756611263,192913900,174.84328002929686,175.13492736816406,174.31487808227538,0.8967132568359375,0.009513569574056614,67.55966143086283,0
2015-12-07,174.61199951171875,175.76852814381505,173.6482107323735,175.34949288008443,102027100,174.7862976074219,175.05447845458986,174.24406509399415,-0.8044891357421875,0.009607089928541078,57.43899317152161,0
2015-12-08,173.4386444091797,174.56165553159656,172.45810370188096,173.0531392360218,103372400,174.1610900878906,174.876806640625,174.19671554565429,-1.7767181396484375,0.009495828078231981,53.77528327861909,0
2015-12-09,172.0894012451172,174.88855377360304,171.11723635169787,172.8017663177648,162401500,173.62640380859375,174.54074096679688,174.06178665161133,-3.36065673828125,0.0096210365257973,40.55708775029745,1
2015-12-10,172.5335693359375,173.84095726678345,171.9217814530039,172.15644016941516,116128900,173.66998596191405,174.25160522460936,173.98342666625976,-2.891357421875,0.009617320147105507,42.67754452293304,0
2015-12-11,169.1896514892578,171.08368593413098,168.8795567545404,170.42161596421371,211173300,172.37265319824218,173.60796661376952,173.8593894958496,-6.4363861083984375,0.010084462265933281,32.74506388117459,1
2015-12-14,170.04443359375,170.17015179291053,167.57212913215866,169.34884660105973,182385200,171.45914001464843,173.12271881103516,173.87447052001954,-4.85247802734375,0.00984229653561903,36.17198734071846,1
2015-12-15,171.8295440673828,172.73466148106343,170.0193092400215,171.55297934754117,154069600,171.13731994628907,172.64920501708986,173.84974746704103,-4.735137939453125,0.009513630765530507,41.05944893342196,1
2015-12-16,174.34373474121094,174.64544051098505,171.63677169914146,172.9525352034785,197017000,171.58818664550782,172.60729522705077,173.95701522827147,-0.419097900390625,0.010064347365091271,47.622371192898086,0
2015-12-17,171.68711853027344,174.72092956664895,171.67035354010022,174.65388239389682,173092500,171.418896484375,172.54444122314453,173.7948486328125,-0.6285400390625,0.009995100947613099,42.18228819970431,0
2015-12-18,168.62852478027344,171.0818146567759,168.4683416450139,170.9469351054431,251393500,171.30667114257812,171.83966217041015,173.4872947692871,-7.04779052734375,0.010687659298780924,38.611937360873554,1
2015-12-21,170.01954650878906,170.1965943918638,168.6875130023776,169.80035600673932,99094300,171.30169372558595,171.3804168701172,173.21744766235352,-4.5924530029296875,0.010857902623706612,37.98837094685717,1
2015-12-22,171.5623321533203,171.8574076490797,169.91837134677343,170.90474783070158,111026200,171.24825134277344,171.19278564453126,173.03479614257813,-1.876312255859375,0.011113193532605495,44.07005739164853,1
2015-12-23,173.6868133544922,173.72896882744485,172.47280777210335,172.5655446669815,110987200,171.1168670654297,171.35252685546874,172.9466339111328,1.597412109375,0.011502784447344436,52.57124576943371,0
2015-12-24,173.40020751953125,173.94820307781427,173.18101701464653,173.43393705200427,48539600,171.45948486328126,171.43919067382814,172.84539794921875,0.86663818359375,0.011505659401633112,45.17552739722926,0
2015-12-28,173.00399780273438,173.04614042610552,171.93331016970558,172.7089222548446,65899900,172.33457946777344,171.82062530517578,172.71429595947265,3.8143463134765625,0.011505127960091588,46.49230838874258,1
2015-12-29,174.8502655029297,175.17905768630865,174.0662275518134,174.09994421962654,92640700,173.30072326660155,172.30120849609375,172.71196365356445,4.8058319091796875,0.011745280411358694,52.991483945737315,0
2015-12-30,173.61099243164062,174.69011890851283,173.46767406194292,174.6058079314911,63317700,173.71045532226563,172.47935333251954,172.56427917480468,1.7814483642578125,0.01162643488389515,53.23963044711377,0
2015-12-31,171.87425231933594,173.57723329901134,171.87425231933594,172.9365137681449,114877900,173.3479431152344,172.23240509033204,172.41985015869142,-2.469482421875,0.011617924675373115,48.66947619689868,0
2016-01-04,169.4715576171875,169.47998356786456,167.42291956654066,169.0247378144135,222353500,172.5622131347656,172.01084899902344,172.27764511108398,-2.2155609130859375,0.01161651966546621,50.59136085015123,1
2016-01-05,169.75823974609375,170.21348562139548,168.65383530159394,169.7919564218734,110845800,171.9130615234375,172.12382049560546,171.98174133300782,1.1297149658203125,0.010620776943551489,49.38498626744769,0
2016-01-06,167.6167755126953,168.66215906111373,166.5882438599309,167.21209846423417,152112600,170.46636352539062,171.8835433959961,171.63198013305663,-2.40277099609375,0.010862181389436289,41.083569414248046,0
2016-01-07,163.5954132080078,166.45337941363837,163.20760085423277,164.67452645671497,213436100,168.46324768066407,171.08685150146485,171.13981857299805,-7.9669189453125,0.011895742429260957,28.615240574824583,0
2016-01-08,161.79969787597656,165.11292267031985,161.51306122906905,164.55650127523245,209817200,166.44833679199218,169.89813995361328,170.625333404541,-11.887115478515625,0.011986612561467838,29.630279299262142,1
2016-01-11,161.9599151611328,163.05589341995838,160.0293174974855,162.7186624135249,187941300,164.94600830078124,168.75411071777344,170.09665069580078,-11.440292358398438,0.011952793066004332,34.39837384442711,1
2016-01-12,163.2666473388672,164.01696859123618,161.14213716090515,163.40153973265294,172330500,163.64768981933594,167.7803756713867,169.80050048828124,-9.737350463867188,0.011552830197874649,34.13861570662614,0
2016-01-13,159.19473266601562,164.2783742184074,158.81535892677246,163.93271715783084,221168900,161.96328125,166.2148223876953,169.25801544189454,-15.655532836914062,0.012532983185670352,24.03549652139985,1
2016-01-14,161.80810546875,162.9293740810844,158.2082572999348,159.80163630397985,240795600,161.60581970214844,165.03453369140624,168.7569435119629,-11.802886962890625,0.012937177185329414,25.563495805367552,0
2016-01-15,158.334716796875,159.13561930320137,156.40411968734966,157.45794215989585,324846400,160.91282348632814,163.68058013916016,167.95649261474608,-13.539535522460938,0.012877474711493706,22.600262638215312,1
2016-01-19,158.54554748535156,160.27381963470282,156.97745847695202,160.14736603081948,195244400,160.22994995117188,162.58797912597657,167.2994140625,-10.926010131835938,0.012697281968014954,23.525776318208457,0
2016-01-20,156.51373291015625,158.07339555861964,152.61038261004657,155.99104099867043,286547800,158.87936706542968,161.2635284423828,166.69367446899415,-13.2445068359375,0.012455760655159477,16.65139429958667,1
2016-01-21,157.39047241210938,159.2283323543087,155.6622012430965,156.98580824517373,195772900,158.51851501464844,160.24089813232422,166.06222076416014,-10.226303100585938,0.012336183689845617,20.105569835261562,1
2016-01-22,160.61941528320312,160.82174097213112,159.23680066466977,159.9955477262384,168319600,158.28077697753906,159.94329833984375,165.51507492065429,-2.9759979248046875,0.0131987282057739,30.338747485689822,0
2016-01-25,158.1914520263672,160.30752363639772,157.9975522277229,160.1136238377535,130371700,158.2521240234375,159.5824737548828,164.74030685424805,-3.608245849609375,0.012918547157195608,30.311986828726035,1
2016-01-26,160.34970092773438,160.62791173616895,158.5118398383817,158.8490580439721,141036800,158.61295471191406,159.42145233154298,164.0877815246582,-1.6102142333984375,0.013538945716855351,34.58562033204771,0
2016-01-27,158.60450744628906,161.49619024417947,157.70242920136823,159.82693898727493,185681700,159.03110961914064,158.95523834228516,163.36780700683593,-4.662139892578125,0.013623985032902053,35.04060576342482,1
2016-01-28,159.43067932128906,160.3496093411016,157.78671899592658,160.14728367892937,143798800,159.43915100097655,158.9788330078125,162.5968276977539,0.2359466552734375,0.013361366985991668,42.26669175113787,1
2016-01-29,163.31724548339844,163.45213789098824,160.07990488553142,160.19793252616049,210529300,159.9787170410156,159.12974700927734,162.0821403503418,1.5091400146484375,0.014816431498381272,52.61482965510351,0
2016-02-01,163.25820922851562,164.04226001473677,161.73227600136582,162.31398819603547,136061600,160.9920684814453,159.6220962524414,161.65133819580078,4.923492431640625,0.014731364272059145,52.24486952924359,0
2016-02-02,160.31594848632812,161.84188175187165,159.7932436610134,161.83345580102923,182564900,160.98531799316407,159.79913635253905,161.1935577392578,1.7704010009765625,0.01492415028667365,45.17109202735874,1
2016-02-03,161.27703857421875,161.6817029141604,157.7361966556225,161.369775492127,205054900,161.51982421875,160.2754669189453,160.76949768066407,4.7633056640625,0.01502100722205989,53.79406521523965,1
2016-02-04,161.52993774414062,162.49944941735478,160.14732296923702,160.77961654673646,139531800,161.9396759033203,160.68941345214844,160.46515579223632,4.13946533203125,0.014849779651453569,49.4454644896509,0
2016-02-05,158.45281982421875,161.58899802448906,157.82052603971346,161.01572450128157,180788300,160.96679077148437,160.47275390625,160.20802612304686,-2.166595458984375,0.014497032947670756,50.23922143621874,0
2016-02-08,156.31983947753906,156.90997760538158,154.11103125730858,156.61491497348354,191526700,159.57911682128906,160.28559265136718,159.934033203125,-1.871612548828125,0.014592887747368473,45.817442958093,1
2016-02-09,156.32826232910156,157.60128833397698,154.4482463076533,154.58313869535667,184513100,158.78157958984374,159.8834487915039,159.65245056152344,-4.0214385986328125,0.01458557307182414,49.62277630433123,0
2016-02-10,156.19337463378906,158.7815562592034,156.0669082029163,157.15446033381306,148214100,157.7648468017578,159.6423355102539,159.29878692626954,-2.4111328125,0.014407466553909096,47.48949596638709,0
2016-02-11,154.16163635253906,155.2070332423687,152.66941960703548,153.72324244853974,219058900,156.2911865234375,159.1154312133789,159.0471321105957,-5.26904296875,0.013639010307122598,35.741003412992285,1
2016-02-12,157.3399200439453,157.3567719419821,155.08895670778122,155.93201471521544,127632400,156.0686065673828,158.5176986694336,158.82372283935547,-5.977325439453125,0.013958284073330739,48.18009037260437,1
2016-02-16,159.9955596923828,160.02085040539032,158.18298998527018,159.14407567169118,120250700,156.80375061035156,158.19143371582032,158.90676498413086,-3.2626495361328125,0.013674067252062033,49.258879617832356,1
2016-02-17,162.6090545654297,162.98000219707777,161.0325271309253,161.15899356755773,136009500,158.05990905761718,158.42074432373047,159.10994033813478,2.2931060791015625,0.014119976387278686,58.08653425442624,0
2016-02-18,161.94305419921875,162.93786961150855,161.63112676698148,162.87884935997835,102343000,159.20984497070313,158.48734588623046,159.38140640258788,0.666015625,0.01378998962887041,55.10636621835949,0
2016-02-19,161.86712646484375,162.0188707211637,160.5603840690116,161.16738682237823,114793000,160.75094299316407,158.52106475830078,159.6052391052246,0.337188720703125,0.013768621989637797,46.51242331074461,1
2016-02-22,164.2108612060547,164.35417954418443,163.37622902795616,163.4436752219077,103640300,162.12513122558593,159.09686889648438,159.7848114013672,5.7580413818359375,0.013390677209019288,52.06429799055553,0
2016-02-23,162.13697814941406,163.8230947464884,162.01893763813206,163.55330991621312,111455300,162.55341491699218,159.67858276367187,159.98208770751953,5.817138671875,0.013241999575737372,54.10029141777738,1
2016-02-24,162.8788604736328,163.15707125544148,159.60780302749964,160.71220733876964,150812200,162.6073760986328,160.333642578125,160.10854568481446,6.55059814453125,0.012949714142473964,53.64267457265536,1
2016-02-25,164.85159301757812,164.86003183247877,162.5669125237012,163.32565975002663,110728300,163.1890838623047,161.1994644165039,160.4208999633789,8.658218383789062,0.01287255139560058,57.005723318855544,0
2016-02-26,164.47216796875,165.81262698594284,164.31198490429745,165.7199029634104,129833700,163.71009216308593,162.230517578125,160.67297439575196,10.310531616210938,0.012883926223779084,64.32561909520876,0
2016-02-29,163.182373046875,165.4333373098158,162.98847322726425,164.4891160692248,125918100,163.50439453125,162.81476287841798,160.66623077392578,5.8424530029296875,0.011864779356462617,67.01523696096139,1
2016-03-01,167.0182342529297,167.10254520529068,163.93263863876854,164.40474909828157,141799700,164.48064575195312,163.51703033447265,160.85423202514647,7.022674560546875,0.012972468013907803,72.27700671065818,1
2016-03-02,167.7685546875,167.81913611307817,166.29320307592653,166.70630615822336,102415000,165.45858459472657,164.0329803466797,161.22686233520508,5.1595001220703125,0.01216674982890286,73.51845318296557,1
2016-03-03,168.4261474609375,168.44301222499766,167.0182419669896,167.59151530457737,95172200,166.17349548339843,164.68128967285156,161.584317779541,6.48309326171875,0.01214280511029474,80.69673560337847,1
2016-03-04,168.97413635253906,169.74976115952904,167.7938601054609,168.62005347841563,129293600,167.07388916015626,165.3919906616211,161.95652770996094,7.1070098876953125,0.012143738904139485,78.23252527915564,1
2016-03-07,169.10902404785156,169.51370120479942,167.9793292621422,168.05520140505269,100219000,168.25921936035155,165.88180694580078,162.48933792114258,4.898162841796875,0.011068403180002327,75.1982496316835,0
2016-03-08,167.2627410888672,168.54419314985492,167.102570837285,168.0383659502354,123974900,168.30812072753906,166.3943832397461,163.03648300170897,5.125762939453125,0.010878445054339103,63.43728906755302,1
2016-03-09,168.08892822265625,168.43457226724504,167.288012735809,168.07206345871057,94801200,168.3721954345703,166.91539001464844,163.62451629638673,5.2100677490234375,0.010853118824928572,67.58325038853091,1
2016-03-10,168.2238311767578,169.51372208535355,166.40283520236756,168.57792694871588,156838700,168.33173217773438,167.25261383056642,164.22603912353514,3.3722381591796875,0.01082270270471744,68.12526920784369,1
2016-03-11,170.93850708007812,170.98066257055206,168.20700624844133,169.6739195501575,137964500,168.7246063232422,167.8992477416992,165.06488265991212,6.466339111328125,0.010398216905663123,68.78557155213184,0
2016-03-14,170.71922302246094,171.17446862367547,170.10379436362052,170.43258642673172,73612000,169.04664611816406,168.6529327392578,165.73384780883788,7.5368499755859375,0.009830154521488096,76.73293585760838,0
2016-03-15,170.4410858154297,170.74458730169502,169.4968646866255,169.75821068734467,93169100,169.68231506347655,168.9952178955078,166.25612411499023,3.4228515625,0.00943034738959173,74.25644589753128,1
2016-03-16,171.42738342285156,171.8320604607311,169.91831550255753,169.96047096867525,129303200,170.35000610351562,169.36110076904296,166.69704055786133,3.6588287353515625,0.008939848424361895,72.51730267427291,1
2016-03-17,172.51499938964844,173.02082657892635,170.94691066119776,171.3431490346913,134278500,171.20823974609374,169.76998596191407,167.22563781738282,4.0888519287109375,0.008827372365875734,76.26688726210824,1
2016-03-18,173.19290161132812,173.53185895502068,172.70140441169823,173.01494060113356,138372400,171.65911865234375,170.19186248779297,167.79192657470702,4.2187652587890625,0.008785749543415006,84.05419602925116,1
2016-03-21,173.4386444091797,173.66744772876373,172.70140507211255,172.9302083916966,72926700,172.2030029296875,170.62482452392578,168.2533157348633,4.329620361328125,0.00839756118194135,78.90040963676675,0
2016-03-22,173.34542846679688,173.913189128969,172.5065045158591,172.667500849292,97471900,172.78387145996095,171.23309326171875,168.81373825073243,6.0826873779296875,0.007630727394594394,76.6817832728377,0
2016-03-23,172.20144653320312,173.15053748796785,172.0319549223713,172.96410706036843,81052500,172.93868408203124,171.64434509277345,169.27986755371094,4.112518310546875,0.00794104037305211,67.2591360735741,0
2016-03-24,172.12515258789062,172.1590560787583,170.95574076081914,171.17606172988638,84360900,172.8607147216797,172.03447723388672,169.64354553222657,3.9013214111328125,0.007658800012364793,65.05443522812931,1
2016-03-28,172.2268524169922,172.75224015887895,171.7777281349806,172.54038859451902,62408200,172.6675048828125,172.16331176757814,170.03127975463866,1.2883453369140625,0.007596600306512146,64.94326342794791,1
2016-03-29,173.81997680664062,173.930143763803,171.515030627081,171.82009741350487,92922900,172.7437713623047,172.4733871459961,170.56315994262695,3.1007537841796875,0.00734901486101575,82.2094304409417,1
2016-03-30,174.5826416015625,175.30292916554708,174.21825018534045,174.8199143203331,86365300,172.9912139892578,172.88754272460938,170.9413803100586,4.1415557861328125,0.005602965971788226,82.09771137914598,0
2016-03-31,174.15899658203125,174.91318788914268,173.9979872697719,174.48948461704867,94584100,173.38272399902343,173.16070404052735,171.26090240478516,2.7316131591796875,0.00566927098780508,78.52270644051887,1
2016-04-01,175.34530639648438,175.5317368130374,172.85392985745173,173.16747897459658,114423500,174.0267547607422,173.44373474121093,171.6068603515625,2.8303070068359375,0.005760022600957107,74.82447755857052,0
2016-04-04,174.77755737304688,175.47243677743458,174.47249057387086,175.2690546011857,63497000,174.53689575195312,173.60220031738282,171.89703140258788,1.58465576171875,0.005869347306139891,71.99786941569387,0
2016-04-05,173.03196716308594,174.78609221725483,172.77774258019787,173.4387187374672,99662200,174.3792938232422,173.56153259277343,172.09317855834962,-0.40667724609375,0.006426247040346381,62.11616954474098,1
2016-04-06,174.92164611816406,174.98097077905592,172.85397221365315,173.03193326593183,91839800,174.4470947265625,173.71915435791016,172.47612380981445,1.5762176513671875,0.006112520570650823,65.0676927611909,0
2016-04-07,172.82852172851562,174.1928464631695,172.09975175353787,173.83693734939823,113859000,174.18099975585938,173.7818618774414,172.7131034851074,0.6270751953125,0.00684707700622292,51.244064853396885,1
2016-04-08,173.2946014404297,174.4386052040037,172.7607312933758,174.00641968290486,95040600,173.77085876464844,173.8988067626953,172.966641998291,1.1694488525390625,0.006851280426005329,50.410447347580245,0
2016-04-11,172.88784790039062,174.62503351153455,172.79463268426892,173.93015409491906,83757500,173.39291687011718,173.96490631103515,173.06410903930663,0.6609954833984375,0.005963188032498391,47.80557612365664,1
2016-04-12,174.4979248046875,174.7775704690855,172.6166815572068,173.0573365069002,115350600,173.6861083984375,174.03270111083984,173.25304412841797,0.677947998046875,0.006252268334498556,54.09652015446696,1
2016-04-13,176.2605438232422,176.3452896414696,175.27754922554817,175.41313736255353,96336400,173.95388793945312,174.20049133300782,173.54401702880858,1.6779022216796875,0.006525631369725971,63.82017054870884,1
2016-04-14,176.2689666748047,176.76894618165218,175.9215399447898,176.31982191054655,65212900,174.64197692871093,174.41148834228517,173.78609619140624,2.1099700927734375,0.006462355547588146,64.17411727863461,0
2016-04-15,176.0741424560547,176.40463051310618,175.75212381006656,176.2690423537008,75761600,175.19788513183593,174.4843719482422,173.96405334472655,0.7288360595703125,0.006377310360925893,63.0765353010856,1
2016-04-18,177.3113250732422,177.3452156408778,175.4131300257505,176.07410600301003,82531000,176.08258056640625,174.7377487182617,174.16997451782225,2.5337677001953125,0.006487783119685272,62.160975646053,1
2016-04-19,177.8705596923828,178.12478414344164,177.05705696546582,177.73498452482514,88316100,176.75710754394532,175.22160797119142,174.3915702819824,4.838592529296875,0.006502508115131392,61.617025314340125,1
2016-04-20,178.04013061523438,178.73499729867763,177.43846624397145,177.9130118678641,81100300,177.11302490234374,175.53345642089843,174.6263053894043,3.1184844970703125,0.006489078407721385,63.96370974825642,0
2016-04-21,177.08250427246094,178.16718335548487,176.81132803650763,178.05701639332952,85695000,177.275732421875,175.95885467529297,174.8703582763672,4.2539825439453125,0.006415626437382702,56.35473402539237,0
2016-04-22,177.08250427246094,177.3536675780196,176.18425561905624,176.7265951605682,99251700,177.47740478515624,176.3376449584961,175.11822586059571,3.78790283203125,0.006409624060599922,58.7969805712502,0
2016-04-25,176.77748107910156,176.81985399272102,175.87074986315722,176.4808836141633,66166500,177.37063598632812,176.7266082763672,175.34575729370118,3.8896331787109375,0.006446525212153416,66.06108112918169,1
2016-04-26,177.0401153564453,177.54856428767246,176.56556991684317,177.14179997053336,75864200,177.2045471191406,176.98082733154297,175.50676422119142,2.5421905517578125,0.006172061544747809,60.55732479233012,1
2016-04-27,177.404541015625,177.7943407317945,176.3029100722661,176.6588192206628,77329400,177.07742919921876,177.09522705078126,175.64785919189453,1.1439971923828125,0.006125308239996175,77.55153038538003,0
2016-04-28,175.79444885253906,177.75195549817673,175.37922800673414,176.65033756160483,97216200,176.81981811523437,177.0477752685547,175.72963180541993,-0.474517822265625,0.006480915402405034,63.22882483656753,0
2016-04-29,174.84535217285156,175.5232798328265,173.74372134169164,175.1758401291601,142424100,176.3723876953125,176.92489624023438,175.7046340942383,-1.228790283203125,0.006428721279814431,59.796505279041604,1
2016-05-02,176.23509216308594,176.41304024801133,174.91314038206343,175.34531294727643,62188000,176.26390991210937,176.81727294921876,175.77751083374022,-1.07623291015625,0.0066270246222277585,58.88986583249911,0
2016-05-03,174.70130920410156,175.24364879119557,173.9555874229489,175.00637602999169,106422100,175.79614868164063,176.50034790039064,175.86097793579103,-3.16925048828125,0.006526148385926456,41.829329529426445,0
2016-05-04,173.72679138183594,174.43862262579916,173.2268246804303,173.70985256274832,92243800,175.06059875488282,176.0690139770508,175.8012351989746,-4.3133392333984375,0.006172825659508647,37.90333354631475,0
2016-05-05,173.6928253173828,174.5487008035642,173.2691222772234,174.19279180147717,67619200,174.64027404785156,175.73004608154298,175.84445037841797,-3.389678955078125,0.005532373756684845,38.49259837131725,1
2016-05-06,174.32846069335938,174.3708336030968,172.7692358860361,172.92176284461493,89315000,174.53689575195312,175.45464172363282,175.89614334106446,-2.7540435791015625,0.0055587815424962,34.695954568157944,1
2016-05-09,174.47247314453125,174.9046456791933,174.02334886427658,174.20130986701582,74374900,174.1843719482422,175.2241409301758,175.9753746032715,-2.3050079345703125,0.0055240612423211165,31.78970298908021,1
2016-05-10,176.64186096191406,176.65881271037375,175.1080574513968,175.1758515148401,77472200,174.57248229980468,175.18431549072267,176.08257141113282,-0.39825439453125,0.005822998390152745,43.829316152179274,0
2016-05-11,174.9894561767578,176.7181598849642,174.9894561767578,176.18430254014646,81727000,174.82501525878905,174.94280700683595,176.0190170288086,-2.4150848388671875,0.0057819119707389725,41.29689411358642,1
2016-05-12,175.04025268554688,175.82834731079288,174.03183706537783,175.65885569735008,89586300,175.09450073242186,174.8673873901367,175.95758132934571,-0.7541961669921875,0.005783035233902598,41.543832869376445,0
2016-05-13,173.51490783691406,175.29446622372728,173.1929022383585,174.7436573056343,96474600,174.93179016113282,174.73434295654297,175.82961959838866,-1.3304443359375,0.006079162816092778,37.730847093495655,1
2016-05-16,175.22666931152344,175.70121475883096,173.62507196166376,173.68439660777403,77486800,175.08262939453124,174.6335006713867,175.72538681030272,-1.0084228515625,0.006298585380312716,43.850625979224404,0
2016-05-17,173.59115600585938,175.24359542185925,173.0657553971476,174.9554804324832,114924900,174.4724884033203,174.5224853515625,175.51141662597655,-1.1101531982421875,0.006524652226984335,38.095115602861206,1
2016-05-18,173.64198303222656,174.81987696672738,172.55730428378223,173.24370114002068,120062100,174.20299377441407,174.51400451660157,175.29150924682617,-0.084808349609375,0.006514860549013412,42.555518027526816,0
2016-05-19,173.04037475585938,173.32848981268344,171.83705928583413,172.9217383836145,115430500,173.80301818847656,174.44875946044922,175.0894027709961,-0.6524505615234375,0.006464569092837272,43.60358918399813,1
2016-05-20,174.13351440429688,174.6504327323409,173.5996443307976,173.65048663677024,104990400,173.92673950195314,174.42926483154298,174.94195327758788,-0.1949462890625,0.0066738400426846044,42.39258795288264,0
2016-05-23,173.89625549316406,174.4301126786471,173.7098250695369,174.15046704320636,58682600,173.66065673828126,174.37164306640625,174.79789199829102,-0.5762176513671875,0.006671757873354044,46.783946553531806,1
2016-05-24,176.1503143310547,176.4638634029026,174.68430529485113,174.70972644521828,93537800,174.1724884033203,174.3224884033203,174.75340194702147,-0.491546630859375,0.0073388801592011365,58.783607413208046,1
2016-05-25,177.34521484375,177.76044864519628,176.15036868622988,176.82829640945806,76621400,174.913134765625,174.55806427001954,174.75043563842775,2.3557586669921875,0.007490781635368296,62.20991859816221,1
2016-05-26,177.39605712890625,177.7096062974516,177.08252089075677,177.48080294319328,55280700,175.78427124023438,174.79364471435548,174.83051605224608,2.355804443359375,0.007179165320854917,60.67223429036156,1
2016-05-27,178.15869140625,178.167160813654,177.50618498513825,177.55702729034823,64211200,176.589306640625,175.25802307128907,174.996183013916,4.6437835693359375,0.007088268326458788,62.29519877526425,0
2016-05-31,177.8197784423828,178.5400791459648,177.26048704410013,178.4299121622553,109879400,177.37401123046874,175.517333984375,175.07541732788087,2.593109130859375,0.006917514925743358,54.475369121135735,1
2016-06-01,178.18411254882812,178.36206061705306,177.01468780749235,177.20958762091732,69936200,177.78077087402343,175.97662963867188,175.2495574951172,4.59295654296875,0.006576464512051502,63.454659727854256,1
2016-06-02,178.72650146484375,178.7434402843368,177.31133421338205,177.7858797671181,63044700,178.0570281982422,176.4850814819336,175.4995429992676,5.0845184326171875,0.006402295310799778,64.90775754823167,0
2016-06-03,178.19261169433594,178.54005141175855,176.98929619217486,178.1671905374899,101757100,178.21633911132812,177.00030517578125,175.72453231811522,5.1522369384765625,0.006469884311106873,70.56663267496779,1
2016-06-06,179.0993194580078,179.45522853801452,178.38748836760095,178.548497626974,64887000,178.4044647216797,177.49688568115235,175.96307525634765,4.9658050537109375,0.006505108238612342,68.32423612314446,1
2016-06-07,179.37901306152344,179.93830449020135,179.22648608846464,179.2519072506411,60974800,178.7163116455078,178.04516143798827,176.20840225219726,5.482757568359375,0.006503944923949624,81.41750805496426,1
2016-06-08,179.96372985839844,180.09084860264957,179.38749959506742,179.51460540892035,66170900,179.07223510742188,178.42650299072267,176.37449569702147,3.81341552734375,0.005988443422375707,82.43555978667635,0
2016-06-09,179.71792602539062,179.83656238777846,178.96373495084086,179.23489823755855,73786900,179.27052001953126,178.6637741088867,176.6109191894531,2.372711181640625,0.0055125309543569735,85.55943419530144,0
2016-06-10,178.0146026611328,178.68404777958253,177.47225035301364,178.34509051739877,113829200,179.23491821289062,178.7256286621094,176.75963668823243,0.6185455322265625,0.006020527261022962,69.40647770190364,0
2016-06-13,176.64186096191406,178.26887969336636,176.55712808040656,177.41300388688646,117751200,178.74342651367186,178.57394561767578,176.9159843444824,-1.5168304443359375,0.005940230543571614,62.328774632060735,0
2016-06-14,176.29443359375,176.88762845786226,175.34534249980456,176.2605430248504,125059300,178.1265106201172,178.4214111328125,176.96937255859376,-1.5253448486328125,0.0055796875481034635,50.78085342442876,0
2016-06-15,176.0486602783203,177.41298494979887,175.86222985634978,176.29440241797562,109124500,177.34349670410157,178.2078659057617,177.0922477722168,-2.1354522705078125,0.00512034244759405,42.169798280453755,1
2016-06-16,176.57408142089844,176.7435730586443,174.2182924766721,176.04869354899654,149533100,176.71472778320313,177.99262390136718,177.23885269165038,-2.1524200439453125,0.005143966372322703,45.30501824165442,0
2016-06-17,175.9164276123047,176.49565422401903,175.26052795098747,176.47010087336312,117055700,176.2950927734375,177.76500549316407,177.38265533447264,-2.27618408203125,0.005155753894998682,37.0371219833206,1
2016-06-20,177.0493621826172,178.54854859459653,176.96417567156655,177.87562194878873,82789600,176.37659301757813,177.560009765625,177.52844772338867,-2.049957275390625,0.005162699762497336,45.92061973615321,1
2016-06-21,177.5519256591797,177.96079231018012,176.98972589053128,177.43267234440304,72461700,176.62809143066406,177.37730102539064,177.71123123168945,-1.82708740234375,0.005153684784169024,46.70084392015965,0
2016-06-22,177.2623291015625,178.45486236220714,177.11750942210634,177.7308159554772,95560500,176.8708251953125,177.10716094970704,177.76683197021484,-2.7014007568359375,0.004349161721614411,42.1519426305665,1
2016-06-23,179.57077026367188,179.62187698505792,178.2589834234159,178.71895691353055,102731400,177.47016296386718,177.09244537353516,177.87810974121095,-0.14715576171875,0.005010411395218648,56.20635677601208,0
2016-06-24,173.12252807617188,179.6048273711775,172.67958155075527,173.4547347208247,333444400,176.91138305664063,176.60323791503907,177.66443328857423,-4.8920745849609375,0.00958858471315151,32.045566431335445,0
2016-06-27,170.0219268798828,171.7255533496306,169.21269390864185,171.71702689879322,230775800,175.50589599609376,175.94124450683594,177.25759506225586,-6.61993408203125,0.010188604355663275,25.964627326417244,1
2016-06-28,173.0884246826172,173.1139780365979,171.31665182001268,171.623305065418,159382400,174.61319580078126,175.62064361572266,177.0210273742676,-3.2060089111328125,0.011157353925194692,34.33658712942878,1
2016-06-29,176.0357208251953,176.26570103323945,174.38320112073447,174.48541454653184,137328600,174.3678741455078,175.61934967041014,176.91360778808593,-0.012939453125,0.011872892209913213,42.530573585536395,1
2016-06-30,178.4378204345703,178.4889271454984,175.9505275208487,176.504213883724,165021900,174.1412841796875,175.80572357177735,176.89917373657227,1.863739013671875,0.012271240118316443,50.83483830576223,1
2016-07-01,178.81265258789062,179.2981924246243,178.27600603100393,178.4378526432485,106055300,175.27930908203126,176.09534606933593,176.93017578125,2.8962249755859375,0.012258973983798792,54.45759108036856,0
2016-07-05,177.5263671875,178.0970803915935,176.930100630808,177.9863405319092,109803700,176.7801971435547,176.1430465698242,176.8515281677246,0.4770050048828125,0.012311131779076752,52.43578371920424,1
2016-07-06,178.59121704101562,178.71047040811283,176.37649679761978,177.03239681547535,96021500,177.88075561523436,176.24697570800782,176.81213836669923,1.0392913818359375,0.012387472393502954,54.869433636728665,0
2016-07-07,178.48037719726562,179.43440359987767,177.71375069482878,178.76999049839642,85593800,178.36968688964845,176.36878051757813,176.73797073364258,1.218048095703125,0.012361676285216283,53.70979552785101,1
2016-07-08,181.1381072998047,181.385140454922,179.54522046270415,179.7752137111415,133971000,178.9097442626953,176.5255142211914,176.8089797973633,1.5673370361328125,0.012816807403227326,59.42786173821242,1
2016-07-11,181.7769012451172,182.347627431479,181.39358796882487,181.5980277817441,73633900,179.50259399414062,177.39095153808594,176.9970947265625,8.654373168945312,0.012613713595698593,58.69075429230538,1
2016-07-12,183.0972442626953,183.3953840809725,181.8024845627353,182.7394842793454,101275600,180.61676940917968,178.6984832763672,177.31986389160156,13.0753173828125,0.012505727621231234,59.89654079384081,0
2016-07-13,183.07167053222656,183.52313043699377,182.5861438223003,183.51461698511312,87324100,181.5128601074219,179.69680786132812,177.6587257385254,9.983245849609375,0.012482866350499215,60.46636679581896,1
2016-07-14,184.09385681152344,184.5623566511672,183.7020300348304,184.3323634575898,91230900,182.63555603027345,180.50262145996095,178.06098556518555,8.058135986328125,0.012481620313512477,58.54503377655756,0
2016-07-15,183.8468475341797,184.85198088781613,183.4039010235686,184.65606748793812,107155400,183.17730407714845,181.04352416992188,178.42462387084962,5.409027099609375,0.012506805724423512,76.46028147337177,1
2016-07-18,184.34092712402344,184.50277373745143,183.71058057636697,183.96612717664067,58725900,183.6901092529297,181.59635162353516,178.84584884643556,5.5282745361328125,0.012431728653357049,90.54440567477373,0
2016-07-19,184.1534881591797,184.1875549664378,183.67647487174236,183.92349496786625,54345700,183.90135803222657,182.25906372070312,179.20105514526367,6.6271209716796875,0.012416492142009659,87.43418199838939,1
2016-07-20,184.9201202392578,185.1586268899919,184.1534935758465,184.1534935758465,58159500,184.27104797363282,182.89195404052734,179.56946487426757,6.3289031982421875,0.012424488218828873,85.25920830164182,0
2016-07-21,184.2216796875,185.0308997829632,183.77873309932335,184.80943298769503,67777300,184.29661254882814,183.4660842895508,179.91743240356445,5.741302490234375,0.012467679296015706,76.54355568564894,1
2016-07-22,185.04788208007807,185.09898878633396,184.07681566830863,184.3408756490546,62787500,184.5368194580078,183.85706176757813,180.19128799438477,3.9097747802733807,0.012214051757804054,77.47667422451367,0
2016-07-25,184.5453338623047,184.89458041130248,183.96610709603976,184.84347369635424,55873100,184.57770080566405,184.13390502929687,180.7624282836914,2.7684326171875,0.0085616516185776,83.22534977283762,1
2016-07-26,184.6305084228516,184.9882684019475,183.78720868792976,184.44310848175783,70080500,184.67310485839843,184.2872314453125,181.49285736083985,1.5332641601562784,0.007020497123003847,81.51046684001311,0
2016-07-27,184.4346618652344,185.0735219874837,183.66802191994967,185.00537534806,84083900,184.57601318359374,184.42353057861328,182.0601692199707,1.362991333007841,0.006294034602113247,80.79377906004126,1
2016-07-28,184.6475830078125,184.9371964265773,183.77872975387783,184.23870324264317,65035700,184.66119384765625,184.4789031982422,182.49076232910156,0.5537261962890625,0.005394989618054476,74.29311397421554,1
2016-07-29,184.9456787109375,185.3034386969352,184.1023919573851,184.38349187444857,79519400,184.64075317382813,184.58878631591796,182.81615524291993,1.0988311767578125,0.004701868681483527,73.02056751897274,0
2016-08-01,184.7923126220703,185.39709256790456,184.34085277597947,185.00526587013712,73311400,184.69014892578124,184.63392486572266,183.1151382446289,0.451385498046875,0.0047376193118480936,64.82865777474053,0
2016-08-02,183.6083068847656,184.69862655701743,182.77353372893063,184.54529344811303,92295500,184.48570861816407,184.57940673828125,183.4192352294922,-0.5451812744140909,0.004662989826131324,53.90340761524632,1
2016-08-03,184.1449737548828,184.204606918532,183.2505802812501,183.54870710658165,53993600,184.42777099609376,184.50189208984375,183.69692306518556,-0.775146484375,0.004563290474535075,50.40007452134368,1
2016-08-04,184.34092712402344,184.65609389903167,182.5010071992208,184.25574059138555,46585500,184.36643981933594,184.5138168334961,183.98995056152344,0.1192474365234375,0.0045367361538635525,53.898142663835195,1
2016-08-05,185.84857177734372,185.8911650309218,184.3408719822423,184.3408719822423,71892200,184.5470184326172,184.59388580322266,184.2254737854004,0.8006896972656534,0.0036691448637472014,60.254778921060804,0
2016-08-08,185.73782348632807,186.13817662802745,185.47376354129975,186.0359502317069,39906500,184.73612060546873,184.713134765625,184.42351989746095,1.1924896240233807,0.0036526950760446112,60.890030940269234,1
2016-08-09,185.84857177734372,186.3426249240497,185.52489164495,185.8059915214018,51251700,185.18417358398435,184.8349411010742,184.56108627319335,1.2180633544921307,0.0033508798166088506,57.01420894035823,0
2016-08-10,185.3886566162109,186.03603008181076,185.0394100239515,185.9593699998924,57941100,185.43291015624996,184.93034057617186,184.67693557739258,0.9539947509765057,0.0034234502015159205,59.14582082662637,1
2016-08-11,186.24899291992188,186.49602608222528,185.65272614518395,185.9167862170221,72504300,185.81452331542965,185.0904815673828,184.7846923828125,1.601409912109375,0.0033575744863112112,59.36323885560979,0
2016-08-12,186.0870819091797,186.30003516857525,185.6867287417052,185.9422622548715,61313500,185.86222534179683,185.204621887207,184.8967041015625,1.1414031982421875,0.003344925547837371,62.6927657265174,1
2016-08-15,186.62376403808597,186.9730105941644,186.4448905321406,186.4534039855917,49813500,186.03941345214844,185.38776702880858,185.01084594726564,1.8314514160156534,0.003351630359719077,65.27436086919892,0
2016-08-16,185.6612548828125,186.27454857463397,185.6612548828125,186.20641494037457,53213600,186.0019500732422,185.59306182861326,185.08623428344725,2.0529479980469034,0.003578337850763494,58.41111129712681,1
2016-08-17,186.01043701171875,186.14673023779343,184.86049703551163,185.69527029935372,75134300,186.12630615234374,185.77960815429685,185.1407501220703,1.8654632568359375,0.003487729031709406,59.17405184208235,1
2016-08-18,186.4278564453125,186.4619232578189,185.8741830080184,185.98490989689367,52989300,186.16207885742188,185.98830108642576,185.25105895996094,2.0869293212890625,0.0033753646420922895,59.81953312333431,0
2016-08-19,186.15524291992188,186.3341294031093,185.47380278764328,185.95932953177365,75443000,186.17571105957032,186.01896820068356,185.30642700195312,0.3066711425781534,0.0032756766096465346,58.88905917547216,0
2016-08-22,186.146728515625,186.3767217077936,185.5504619041114,185.91673532345644,61368800,186.08030395507814,186.0598587036133,185.38649673461913,0.40890502929693184,0.0031996777905785086,69.55386192240402,1
2016-08-23,186.52151489257807,187.05816130293945,186.4618817369218,186.76002151993063,53399200,186.25235595703123,186.1271530151367,185.48104705810547,0.6729431152343466,0.003219062879348399,68.77511904044299,0
2016-08-24,185.56748962402344,186.47040943327224,185.1500965245473,186.37670947206888,71728900,186.16376647949215,186.14503631591796,185.5376884460449,0.17883300781252842,0.0034433115547633933,58.65356460030659,0
2016-08-25,185.4397125244141,185.85710562988723,185.0308458685778,185.18416599040268,69224800,185.9661376953125,186.0641082763672,185.577294921875,-0.8092803955077841,0.003444236330617904,46.41802018581695,0
2016-08-26,185.0904693603516,186.64928894848688,184.20458942381688,185.627115791674,122506300,185.75318298339843,185.96444702148438,185.58453445434571,-0.9966125488280966,0.0034584624573122487,44.55608166198373,1
2016-08-29,186.001953125,186.26601316896983,185.1842066362049,185.21828644695944,70502200,185.72422790527344,185.9022659301758,185.6450164794922,-0.6218109130859659,0.003617579175978105,51.13676458614192,0
2016-08-30,185.69532775878903,186.197894563106,185.1416542282896,185.9167945714605,58114500,185.55899047851562,185.90567321777343,185.74936752319337,0.03407287597653408,0.00329288676221844,52.3256944219438,0
2016-08-31,185.16714477539065,185.4823114783603,184.3919916975407,185.3630581585093,85269500,185.47892150878909,185.82134399414062,185.80047607421875,-0.8432922363280966,0.0033283678657572754,41.36035952602619,1
2016-09-01,185.17567443847656,185.46528781237728,184.01720794523555,185.1586345348241,97844200,185.42611389160157,185.69612579345704,185.84221343994142,-1.2521820068359375,0.0033235593515989217,42.5387117566816,1
2016-09-02,186.01043701171875,186.43634359497412,185.43972374987305,186.02747691438745,79293900,185.610107421875,185.68164520263673,185.85030670166014,-0.144805908203125,0.0029409175565245573,45.2126126426565,1
2016-09-06,186.57264709472656,186.64930716450087,185.57602719474625,186.29154717458263,56702100,185.7242462158203,185.72423706054687,185.89204788208008,0.4259185791015625,0.0030097363649470646,57.58816160907828,0
2016-09-07,186.5556182861328,186.7345047905499,185.95083814731663,186.41081159095657,76554900,185.89630432128905,185.72764739990234,185.92740020751953,0.03410339355474434,0.003009241854782541,54.80488113200969,0
2016-09-08,186.12966918945312,186.49595556821143,185.82301596444177,186.2233691470298,74102900,186.08880920410155,185.78386535644532,185.96445083618164,0.5621795654296875,0.003000597463058983,47.37591242836184,0
2016-09-09,181.6747283935547,184.86902807179516,181.64917503593983,184.81792135656548,221589100,185.38861999511718,185.40736694335936,185.7357376098633,-3.7649841308594034,0.006040279023202007,27.288688547159268,1
2016-09-12,184.28128051757807,184.68163379603857,180.8484740642897,180.91662068590412,168110900,185.04278869628905,185.32644805908203,185.64544754028321,-0.8091888427735228,0.006973669651141189,42.515513348580996,0
2016-09-13,181.63217163085935,183.2676518350536,181.0103514745452,183.00359175487807,182828800,184.0546936035156,184.88946990966798,185.39586791992187,-4.369781494140653,0.007579144493101616,33.41068126233458,0
2016-09-14,181.56399536132807,182.8843085443352,181.01032192860217,181.68324870057552,134185500,183.05636901855465,184.47633666992186,185.19100494384764,-4.131332397460966,0.00752720053381516,35.54754762253587,1
2016-09-15,183.37838745117188,183.76170088109808,181.22330059205063,181.4021871247581,134427900,182.5061126708984,184.2974609375,185.05940246582028,-1.7887573242187784,0.007904709759248492,43.366478597979736,0
2016-09-16,182.66944885253903,182.94341221609312,181.98456657023831,182.76362212584925,155236400,182.70505676269528,184.04683837890624,184.87148208618163,-2.5062255859375284,0.007903724607058899,42.38523427316459,1
2016-09-19,182.7037353515625,183.96222703135763,182.3784070616497,183.32013997282112,80250500,182.38954772949216,183.71616821289064,184.69890670776365,-3.30670166015625,0.007907123131335937,39.02034886674185,1
2016-09-20,182.71229553222656,183.7139497963564,182.67805663625663,183.55985516954945,69665300,182.6055725097656,183.33013305664062,184.52718505859372,-3.8603515625,0.007907680049115351,39.86853179324963,1
2016-09-21,184.76698303222656,184.9467600978396,182.7294225333122,183.41431802619303,110284400,183.2461700439453,183.15126953125,184.43945846557614,-1.78863525390625,0.00834415857111832,48.76859087353267,1
2016-09-22,185.9312286376953,186.23087440181732,185.528866218098,185.77713405954623,76678700,183.75673828125,183.1314254760742,184.45764541625974,-0.1984405517578125,0.008397772857138842,52.17065382639327,0
2016-09-23,184.9125061035156,185.67444884801776,184.81833281764256,185.5374671479672,73630900,184.20534973144532,183.4552032470703,184.43128509521483,3.237777709960909,0.00849020578511958,46.87871431868219,0
2016-09-26,183.41429138183597,184.26183783747967,183.2173753018055,184.08206079798265,89827300,184.3474609375,183.3685043334961,184.34747619628905,-0.8669891357421022,0.00867061717530231,41.47487264987126,1
2016-09-27,184.552978515625,184.64713875839672,182.88354144774857,183.25167821266945,78494800,184.7155975341797,183.66058502197265,184.2750274658203,2.9208068847656534,0.008716883800842505,44.90304741414463,1
2016-09-28,185.46896362304688,185.6230712908956,183.81666606772143,184.77551177596035,87411000,184.85599365234376,184.05108184814452,184.2637092590332,3.904968261718807,0.008790299482942802,48.35935131858139,0
2016-09-29,183.7910003662109,185.6658967386846,183.24308657792,185.26352112161055,128070600,184.42794799804688,184.09234313964845,184.19490203857418,0.4126129150390341,0.009001917125341498,56.09577288486007,1
2016-09-30,185.17788696289065,185.879895265527,184.37313586079327,184.6214037442969,117202900,184.48102416992188,184.3431869506836,184.1950126647949,2.5084381103516193,0.009173177803575372,52.77778828299051,0
2016-10-03,184.7327423095703,184.9553278063955,184.09921165404296,184.7669942711101,83512100,184.74471435546874,184.54608764648438,184.13112792968747,2.0290069580078125,0.009126100624676,61.12520627175635,0
2016-10-04,183.7910003662109,185.0666180738813,183.20029122302316,184.84403258789584,119948100,184.59231872558593,184.65395812988282,183.9920455932617,1.0787048339843466,0.00915088124823279,57.51936914147227,1
2016-10-05,184.6043243408203,185.0323824036144,184.3474868904848,184.4159777481273,72816000,184.4193908691406,184.6376922607422,183.89448089599608,-0.16265869140625,0.009222425981789038,54.43942352640839,1
2016-10-06,184.7327423095703,184.9553278063955,183.84238725897384,184.3817315519148,62927400,184.6077392578125,184.5178436279297,183.82463455200192,-1.198486328125,0.009215908310507876,57.7996299184621,0
2016-10-07,184.0991668701172,185.17788132018285,183.3714761556129,185.00666074402255,89788300,184.39199523925782,184.43650970458984,183.94585647583006,-0.8133392333984091,0.007417557992374622,55.04634641892656,1
2016-10-10,185.05807495117188,185.52037193639265,184.9125367694673,185.05807495117188,51855000,184.45706176757812,184.60088806152345,183.98469619750975,1.643783569335909,0.0067865467847178975,57.93753156001741,0
2016-10-11,182.7207946777344,184.6984332111767,181.9931040627927,184.62994237742495,130367400,184.2430206298828,184.41766967773438,184.03912734985352,-1.8321838378905966,0.00659740673200852,43.206138737659884,1
2016-10-12,182.9605865478516,183.48281791726936,182.36129479750983,182.85784372771823,73866100,183.91427307128907,184.16683197021484,184.10895690917968,-2.508377075195284,0.006598844383234181,39.49162715582401,0
2016-10-13,182.36126708984372,182.8578159446073,180.8202687182321,181.63357631731463,101357000,183.43997802734376,184.02385864257812,184.05810089111327,-1.4297332763671875,0.006241343490007341,40.699255263995305,1
2016-10-14,182.45541381835935,183.79952203251676,182.37836652365127,183.337212137685,93346200,183.1112274169922,183.751611328125,184.0473991394043,-2.722473144531307,0.006184736088655926,46.105661078920285,0
2016-10-17,181.8218994140625,182.6865717721407,181.6421093268266,182.42973438892884,58275700,182.4639923095703,183.4605270385742,184.0033073425293,-2.9108428955078125,0.006231597042214425,38.433511951382975,1
2016-10-18,182.9605865478516,183.4742483953358,182.5838933550524,183.414327058279,76869700,182.51195068359374,183.3774856567383,184.01572189331054,-0.8304138183593182,0.006398550675161185,39.57336743146469,1
2016-10-19,183.4485321044922,183.75673438142863,182.86637950544184,183.2259466513188,66519200,182.6095397949219,183.26190643310548,183.94979934692384,-1.155792236328125,0.0058775159537853925,48.420157561901476,0
2016-10-20,183.1060791015625,183.66254923017695,182.4468661784142,183.09750958176411,73639800,182.7585021972656,183.0992401123047,183.80854187011718,-1.6266632080078125,0.005671829938008515,39.42334656538017,1
2016-10-21,183.19171142578125,183.2773282573629,182.14724878429809,183.106107657494,89089100,182.90576171875,183.00849456787108,183.72250213623047,-0.9074554443359375,0.005565749476083155,41.833207992689864,1
2016-10-24,183.9707794189453,184.33891611727435,183.61976869952085,184.06495270797885,60146600,183.33553771972657,182.89976501464844,183.75032653808594,-1.0872955322265625,0.005353624133211121,50.96946617647557,0
2016-10-25,183.3543243408203,184.0477760676888,183.1916602442382,183.79093870799545,66542300,183.4142852783203,182.96311798095704,183.6903938293457,0.6335296630859091,0.005210505658289095,43.113095878618324,0
2016-10-26,182.98626708984372,183.5684197902825,182.29280204849212,182.53252658412072,75705500,183.32183227539062,182.96568603515624,183.56625900268554,0.025680541992130657,0.005070258138079077,40.62530202782493,0
2016-10-27,182.49826049804688,183.73962618296824,182.42121318718085,183.70538728812596,77220200,183.2002685546875,182.97938537597656,183.50162200927736,0.13699340820315342,0.0047022299808627595,41.27025862140695,0
2016-10-28,181.9588928222656,183.1488935654366,181.2483280226164,182.4725676586778,140623200,182.95370483398438,182.92973327636716,183.3406723022461,-0.49652099609375,0.00434799867389793,32.2898319213423,1
2016-10-31,181.9674224853516,182.5153360946408,181.8047583873407,182.2927376180824,61272500,182.55303344726562,182.94428558349608,183.20240631103516,0.14552307128909092,0.004336938563404956,44.13350601822708,0
2016-11-01,180.6490478515625,182.34416708158656,179.44193411679908,182.2927891440418,122781800,182.01197814941406,182.7131317138672,183.04530868530273,-2.311538696289091,0.00447475804680817,34.588832755838965,0
2016-11-02,179.561767578125,180.72608581549636,179.12514007455266,180.3408231798048,103330800,181.32707824707032,182.32445526123047,182.79318084716797,-3.8867645263671875,0.004435695347805587,32.47578657802775,0
2016-11-03,178.73988342285156,179.98981843271363,178.46593311724016,179.77578944949215,88939300,180.57540283203124,181.88783569335936,182.49353790283203,-4.3661956787109375,0.004462796677637586,28.683755775497033,0
2016-11-04,178.54298400878906,179.69017624675064,178.39744586486492,178.85118627336155,109122100,179.89222106933593,181.42296295166017,182.21572875976562,-4.6487274169921875,0.004443928509316106,30.19653524382157,1
2016-11-07,182.48117065429688,182.5154226192163,178.5430438028722,178.5430438028722,109794900,179.994970703125,181.2740020751953,182.08688354492188,-1.4896087646484375,0.006773405062774905,47.83620769210627,1
2016-11-08,183.3029937744141,183.86803345879056,181.8219167804816,182.08731064527544,106772100,180.5257598876953,181.26886901855468,182.11599349975586,-0.05133056640622158,0.006245272407997115,49.36234620228976,1
2016-11-09,185.2463836669922,185.8627882300816,181.78766772262455,181.81335015747885,258429000,181.66268310546874,181.49488067626953,182.23028335571288,2.260116577148466,0.006665445244476769,58.22374553978162,1
2016-11-10,185.70872497558597,186.8987259738683,184.25333004480336,186.03405331261015,172113300,183.05645141601562,181.81592712402343,182.39765625,3.210464477539091,0.006611628193908015,59.399091743067,0
2016-11-11,185.28057861328125,185.52028999059416,184.33885907763485,184.98950237844275,100552700,184.40397033691406,182.14809570312502,182.5389144897461,3.3216857910156534,0.006650922809197157,55.022720703282644,1
2016-11-14,185.42620849609372,186.00837431716852,184.6813915667905,185.80290172208976,94580000,184.99297790527345,182.4939743041992,182.71912994384766,3.4587860107421307,0.006575045175065672,58.24275087385293,1
2016-11-15,186.87301635742188,186.87301635742188,185.60596822040517,185.81142771850293,91652600,185.706982421875,183.11637115478516,182.91475143432618,6.223968505859375,0.006648495762024115,64.24065352636777,0
2016-11-16,186.5220184326172,186.75317344713747,186.1367687839471,186.25662452049548,65617700,185.962109375,183.81239624023436,183.06842575073242,6.9602508544921875,0.006669021891141984,64.89215231163485,1
2016-11-17,187.4808654785156,187.54078681133552,186.56481500049892,186.6761142714005,69797200,186.31653747558593,184.68649444580078,183.28716506958008,8.740982055664034,0.006702655762134892,69.82165940012692,0
2016-11-18,187.0613250732422,187.72053797721748,186.8815349855064,187.5493174090308,86265800,186.6726867675781,185.5383285522461,183.48064575195312,8.518341064453125,0.006745428994690101,67.7609821705986,1
2016-11-21,188.47396850585935,188.49965094574657,187.48944014139417,187.6349783218536,72402600,187.28223876953126,186.13760833740233,183.70580520629883,5.992797851562472,0.006866675694993407,77.10507899794283,1
2016-11-22,188.8420867919922,189.0218638536309,188.114382897526,188.78215239591617,67429000,187.67605285644532,186.69151763916014,183.9801933288574,5.539093017578097,0.006782265879893949,83.83210416057086,1
2016-11-23,188.9447479248047,188.9961127809051,188.13144055553883,188.32834352502027,56620200,188.1605987548828,187.06135406494138,184.27811737060546,3.6983642578125,0.006736721676987134,89.26146050054714,1
2016-11-25,189.6468048095703,189.68104369898276,189.2101773239844,189.28723768592408,37872300,188.59378662109376,187.45516204833982,184.63554458618165,3.9380798339843466,0.0066735947640079755,91.12163686379284,0
2016-11-28,188.7564392089844,189.61255515086893,188.65370947621184,189.338604842378,76572500,188.93280944824218,187.80274810791016,184.97542190551758,3.4758605957031534,0.006751681428251986,80.01553121423755,1
2016-11-29,189.12461853027344,189.57835903678915,188.4910878875461,188.7907337601337,69886700,189.062939453125,188.17258911132814,185.33328170776366,3.698410034179716,0.0067382248435720144,79.10892327975327,0
2016-11-30,188.67083740234372,189.90364646152315,188.61090301541208,189.74098234075743,113291800,189.0286895751953,188.35237121582028,185.73437118530273,1.7978210449218466,0.006471969693903227,70.11989908896764,0
2016-12-01,187.97740173339844,188.97048639352255,187.6178215074796,188.97048639352255,79040500,188.83522033691406,188.4979095458984,186.1551528930664,1.45538330078125,0.006335219018057872,62.9769020221204,1
2016-12-02,188.07159423828125,188.55958672629785,187.7120270139356,188.06303777935497,74840300,188.52017822265626,188.556982421875,186.6217384338379,0.5907287597656534,0.0061434514663545265,66.5988478668842,1
2016-12-05,189.2016143798828,189.5440555154346,188.70506558902835,188.90196858880603,67837800,188.60921325683594,188.77101135253906,187.15466995239257,2.140289306640625,0.0061257684472942435,70.09980649595235,1
2016-12-06,189.80096435546875,189.8352163198944,188.9106092298559,189.3900322254395,59877400,188.744482421875,188.9037109375,187.52065963745116,1.3269958496094034,0.0041612123676455825,67.13414721261844,1
2016-12-07,192.28370666503903,192.34362800703477,189.5270114141165,189.64686716140451,110738100,189.46705627441406,189.24787292480468,187.9696952819824,3.4416198730468466,0.004824480940466157,76.98446955512573,1
2016-12-08,192.7545318603516,193.22539832109896,191.99258906506745,192.2579960253395,99714400,190.4224822998047,189.62885131835938,188.3451026916504,3.8097839355469034,0.0044232047621586505,75.88197850750782,1
2016-12-09,193.91880798339844,193.93593395913584,192.9428363790384,192.97708833051317,88005800,191.59192504882813,190.0560516357422,188.755606842041,4.272003173828125,0.004514276316882667,81.36240687135214,0
2016-12-12,193.69625854492188,194.304106695277,193.27675697280105,193.82467072858415,102016100,192.49085388183593,190.55003356933594,189.17639083862304,4.939819335937472,0.004460902874887513,76.80144341005648,1
2016-12-13,194.9889373779297,195.4854861285542,194.33829404777916,194.3554200221568,110477500,193.52844848632813,191.13646545410157,189.65452728271484,5.86431884765625,0.0045537024730026325,78.81215311552342,0
2016-12-14,193.3794860839844,195.39135084417444,192.94285856387452,194.6893425177269,142501800,193.7476043701172,191.60733032226562,189.97985076904297,4.708648681640682,0.004970995075372584,68.21411605745115,1
2016-12-15,194.17567443847656,195.0317904674374,193.3880492594279,193.6192042449696,124972600,194.03183288574218,192.22715759277344,190.36253356933594,6.198272705078125,0.004922845453897147,68.45800611444324,0
2016-12-16,193.7958831787109,194.69149898252172,193.47725745596665,194.63121133752213,156420200,194.0072479248047,192.7995864868164,190.67828445434571,5.724288940429659,0.004942111159625255,71.43083330196978,1
2016-12-19,194.21788024902344,194.6398543930744,193.8303599462736,193.97675592107728,90341100,194.111572265625,193.30121307373048,191.03611221313477,5.016265869140625,0.004856262214834768,71.56100787531781,1
2016-12-20,194.9670867919922,195.11349590689724,194.5192919779791,194.75179627515465,89838800,194.1072021484375,193.8178253173828,191.36076812744142,5.1661224365234375,0.0046972376052359125,76.00315089643021,0
2016-12-21,194.4245758056641,195.01015974080977,194.4245758056641,194.8379299446076,67909000,194.31622009277345,194.03191223144532,191.639892578125,2.140869140625057,0.004802281977920164,76.96258235124468,0
2016-12-22,194.08868408203125,194.39870290898173,193.69254380414895,194.27814076185035,56219100,194.29882202148437,194.1653274536133,191.89708938598633,1.334152221679659,0.004851906244367496,74.66530059771772,1
2016-12-23,194.37289428710935,194.38150117720235,193.9423132572361,194.13175682131336,36697800,194.41422424316406,194.2107360839844,192.13339385986328,0.4540863037109091,0.004820269887277557,72.77761871541227,1
2016-12-27,194.85516357421875,195.2512908050914,194.62264611418124,194.63987303648184,42672500,194.54168090820312,194.32662658691407,192.438330078125,1.158905029296875,0.004617882723899302,72.49392206663316,0
2016-12-28,193.2447967529297,195.1307441156252,193.1328545998208,195.1135303322501,64095000,194.1972229003906,194.15221252441407,192.64433898925782,-1.744140625,0.005115331786772543,54.63747500360785,0
2016-12-29,193.2017059326172,193.66672764527488,192.76250488924575,193.31364806068328,48696100,193.95264892578126,194.13443450927736,192.8708824157715,-0.17778015136721592,0.0050600323811101095,52.2506166809508,0
2016-12-30,192.49557495117188,193.61508837779465,191.80664260092,193.5289669064038,108998300,193.63402709960937,193.96642456054687,193.09679107666017,-1.6800994873046875,0.005058995775301365,42.49059240855273,1
2017-01-03,193.9681396484375,194.4762220905839,192.79695876636885,193.7958967308444,91366500,193.553076171875,193.98365020751953,193.39161834716796,0.17225646972659092,0.005255705535663486,51.26735157803694,1
2017-01-04,195.1220703125,195.26846626274224,194.2867421950152,194.29534908375123,78744400,193.60645751953126,194.07406921386718,193.68764114379883,0.9041900634765625,0.005253074955064902,50.62872098335565,0
2017-01-05,194.9670867919922,195.12210279706625,194.17481926686477,194.8551446586341,78379000,193.95091552734374,194.07406921386718,193.945947265625,0.0,0.005263745986396755,58.6914354547412,1
2017-01-06,195.66465759277344,196.12967937135485,194.53652414010315,195.0790604986911,71559900,194.443505859375,194.1980773925781,194.11499481201173,1.2400817871093466,0.004527109337748744,58.240525869552684,0
2017-01-09,195.018798828125,195.5441082990617,194.9843449813432,195.4063191925194,46939700,194.94815063476562,194.2910888671875,194.22820816040038,0.93011474609375,0.004604258121154769,56.57440326287947,0
2017-01-10,195.018798828125,195.87134100173412,194.63126532343816,195.03601261122344,63771900,195.1582824707031,194.35567932128907,194.28320770263673,0.6459045410156534,0.004422753353647486,54.51039498717061,1
2017-01-11,195.5699157714844,195.5699157714844,194.2695526066204,194.93265109478256,74650000,195.2478515625,194.42715454101562,194.37689056396485,0.7147521972656534,0.004443871621184614,53.472318658428485,0
2017-01-12,195.07904052734372,195.26849723189008,193.7270229252161,195.05320671675017,72113200,195.2702423095703,194.61057891845704,194.38139572143555,1.834243774414034,0.004241222586926456,53.79230098620477,1
2017-01-13,195.52687072753903,195.8282695988576,195.21685182484828,195.25129252946203,62717900,195.24268493652343,194.8430953979492,194.48876495361327,2.3251647949218466,0.0037883418773092545,58.226860345962045,0
2017-01-17,194.83790588378903,195.29432070049256,194.4503856051168,194.8895735022401,61240800,195.20650634765622,195.07732849121095,194.5218765258789,2.342330932617159,0.0037959046405968712,52.542282389803816,1
2017-01-18,195.26852416992188,195.3115849069483,194.5365310613489,195.08767433052773,54793300,195.2564514160156,195.20736694335938,194.59550857543945,1.300384521484375,0.003786990838902381,52.272734899610356,0
2017-01-19,194.5451202392578,195.483783712224,194.11453921786523,195.3459946317088,66608800,195.05149230957028,195.14967193603516,194.61187057495118,-0.5769500732421875,0.0038680301502308704,57.922097239007044,1
2017-01-20,195.25987243652344,195.7507279330802,194.5967740314172,195.22541859869796,129168600,195.08765869140623,195.17895050048827,194.62650985717772,0.29278564453125,0.003858828580471767,61.590601304763126,0
2017-01-23,194.75177001953125,195.32014006102685,193.9939564378257,195.25986555738928,75061600,194.9326385498047,195.08766174316406,194.6428695678711,-0.9128875732421875,0.0038519850393262385,62.99565821160488,1
2017-01-24,196.00048828125,196.41384238690756,194.855141175314,194.967083306671,95555300,195.16515502929687,195.18583068847656,194.73845977783202,0.981689453125,0.004073335074179044,62.016166865143646,1
2017-01-25,197.6970367431641,197.6970367431641,196.78419366166173,196.9478166021225,84437700,195.6508575439453,195.45365447998046,194.90466690063477,2.678237915039091,0.004461993493104807,64.3064120410796,0
2017-01-26,197.4903106689453,197.8175564796249,197.21473248304855,197.55058518442823,59970700,196.23989562988282,195.64569396972655,195.0364242553711,1.920394897460909,0.004464146277230471,63.93879009798144,0
2017-01-27,197.1802673339844,197.71418357760163,196.99941752937465,197.56778761210305,59711100,196.623974609375,195.85581665039064,195.23319778442382,2.101226806640682,0.003983149195366672,58.74703887983799,0
2017-01-30,195.9573974609375,196.517147452642,194.97567339806525,196.4913136462733,79737300,196.86510009765627,195.89886932373048,195.37098236083983,0.4305267333984659,0.004293316824822118,55.07868359781361,0
2017-01-31,195.9402618408203,196.00054951062995,194.8982627910021,195.46661993622376,75880800,196.85305480957032,196.00910491943358,195.54321670532227,1.1023559570312784,0.004174580678846132,54.976735293293444,1
2017-02-01,196.01768493652344,196.8530131051667,195.43210109969127,195.94018351228783,79117700,196.51718444824218,196.08402099609376,195.64569396972655,0.7491607666015625,0.0038601377769008805,52.548773687657125,1
2017-02-02,196.1468963623047,196.43108143382895,195.32879499049957,196.01771416236227,69657600,196.24850158691407,196.24419860839845,195.6969352722168,1.601776123046875,0.0036447000627809903,56.33941884206856,1
2017-02-03,197.4989013671875,197.6797511793912,196.74108769868505,197.05110656225563,80563200,196.31222839355468,196.46810150146484,195.82352600097656,2.2390289306640625,0.003921560677894163,60.5721643328213,0
2017-02-06,197.1458282470703,197.4903009625108,196.80997556219745,197.09416062482688,57790100,196.54991455078124,196.70750732421874,195.8975845336914,2.3940582275390625,0.0038943457275927105,62.835152152882706,1
2017-02-07,197.1544342041016,197.77447190734355,196.964977509206,197.53334759389276,57931200,196.7927490234375,196.8229019165039,196.00436630249024,1.153945922851591,0.0037983990830150337,61.00474932909277,1
2017-02-08,197.41278076171875,197.5419498050477,196.61189327221177,197.15442953477168,51566200,197.07176818847657,196.7944763183594,196.12406539916992,-0.2842559814453409,0.0037996856398686504,67.69382855528868,1
2017-02-09,198.583984375,198.8853832240936,197.4128034001183,197.4128034001183,65955200,197.55918579101564,196.90384368896486,196.2747688293457,1.0936737060546875,0.00395507222375307,69.41651262324204,1
2017-02-10,199.3676605224609,199.59157110911212,198.60122667342296,198.92847252142548,66015900,197.9329376220703,197.1225830078125,196.48919982910155,2.1873931884765057,0.003936500671683154,76.12101911927982,1
2017-02-13,200.4527130126953,200.7110642801832,199.83267522684105,199.85850903956063,55182100,198.5943145751953,197.57211456298828,196.73549194335936,4.4953155517578125,0.004048307586372836,75.67034943157307,1
2017-02-14,201.25360107421875,201.26222110590143,199.92741708401107,200.27187670372177,71109000,199.41414794921874,198.10344848632812,197.05627670288087,5.3133392333984375,0.003928781942676538,72.86808928133405,1
2017-02-15,202.30421447753903,202.49367120529897,200.98663741466743,201.03830504218527,86785800,200.3924346923828,198.7321014404297,197.4080612182617,6.286529541015597,0.004009075601406399,77.92239746517261,0
2017-02-16,202.13198852539065,202.5109019881332,201.38278163151736,202.33005214808165,84722400,201.10203552246094,199.3306106567383,197.78740463256835,5.985092163085966,0.0038513279457202784,79.18844824050475,1
2017-02-17,202.4505920410156,202.4505920410156,201.4516408656272,201.4688677866624,77204100,201.71862182617187,199.8257797241211,198.14694061279297,4.951690673828097,0.003829598856857393,92.84204125355453,1
2017-02-21,203.65618896484372,203.828418722286,202.8122408148868,202.82086084394624,88946100,202.35931701660155,200.47681579589843,198.5921615600586,6.510360717773409,0.003787698786383642,94.0078987264223,0
2017-02-22,203.47537231445312,203.69926972156108,203.0878520120281,203.2514749073452,62115200,202.80367126464841,201.1089096069336,198.96590576171874,6.320938110351534,0.0037160373065680615,92.03920873767282,1
2017-02-23,203.6131896972656,204.00931694491763,202.85536276743795,203.99210316217943,74615900,203.06546630859376,201.72895050048828,199.26171340942383,6.200408935546847,0.003361675866611654,92.04692513529895,1
2017-02-24,203.87147521972656,203.91452280297844,202.7261283030649,202.76918902660472,82381600,203.41336364746093,202.25769958496093,199.58077163696288,5.2874908447265625,0.003309562133430321,90.92956476572314,1
2017-02-27,204.19012451171875,204.36235428548795,203.53564611528,203.78537731620196,56515400,203.76127014160156,202.7399459838867,199.9312644958496,4.822463989257841,0.0032248636352576834,95.44483579398008,0
2017-02-28,203.63897705078125,204.0523311271555,203.25145678291236,203.81120682091307,96961900,203.75782775878906,203.0585723876953,200.3153434753418,3.1862640380859375,0.0028425735880319926,89.09684719909549,1
2017-03-01,206.4894561767578,206.9544910893418,205.27521440981133,205.29244133183445,149158200,204.36064453125,203.58215789794923,200.84280319213866,5.2358551025390625,0.003874433848570867,91.69328939123625,0
2017-03-02,205.1891021728516,206.30861555778915,205.1374345480576,206.29999552679604,70246000,204.6758270263672,203.87064666748046,201.30137405395507,2.884887695312557,0.004339003244117702,79.98453923170024,1
2017-03-03,205.31829833984372,205.48192126681943,204.72409429568685,205.10300778125315,81974300,204.96519165039064,204.18927764892578,201.75994415283202,3.186309814453068,0.0043395953650244845,78.72005420253844,0
2017-03-06,204.7068634033203,205.05992990327823,204.1040393774143,204.5260135674901,55391500,205.06853942871095,204.41490478515624,202.12034225463867,2.256271362304716,0.0043506209013358926,71.51579883191191,0
2017-03-07,204.0953369140625,204.7584351478734,203.88865336136823,204.40535567296112,65103700,205.1598114013672,204.4588195800781,202.4678176879883,0.4391479492187784,0.004410584236238447,64.65303720302299,0
2017-03-08,203.7165069580078,204.64656361509844,203.5787178665223,204.38821235363588,78168800,204.6052215576172,204.4829330444336,202.7959213256836,0.2411346435546875,0.004469174792522104,57.82436682108718,1
2017-03-09,203.97483825683597,204.30208403201436,203.010340991413,203.8370491788356,90683900,204.36236877441405,204.51909790039062,203.12402420043946,0.36164855957036934,0.004469352861695806,60.11324679326702,1
2017-03-10,204.68963623046875,204.97382132054477,203.7423525968821,204.9307605844196,81991700,204.23663635253905,204.60091400146484,203.4293067932129,0.8181610107421875,0.00437882662785068,61.77544024087291,1
2017-03-13,204.79296875,204.8360294855501,204.3021131575452,204.62934583908452,57256800,204.253857421875,204.66119842529298,203.70057220458983,0.60284423828125,0.004346139633352766,56.76252201223637,0
2017-03-14,204.00929260253903,204.3020976979482,203.3978748809851,204.25041693502385,59880800,204.2366485595703,204.69822998046874,203.87840118408204,0.3703155517577841,0.004381094305913925,52.96363614804361,1
2017-03-15,205.774658203125,206.1966323155387,204.34512612298656,204.5776435433198,96081800,204.64827880859374,204.62675018310546,204.10445404052734,-0.7147979736328125,0.004669261945815767,60.16166381158176,0
2017-03-16,205.36993408203125,205.98997184571735,205.0427014191847,205.9124704103293,78344000,204.92729797363282,204.64483337402345,204.25774002075195,0.18083190917965908,0.0046134574798917865,56.94899087035225,0
2017-03-17,205.00927734375,205.8222935113512,205.00927734375,205.6320125701059,89002100,204.99122619628906,204.61393127441406,204.40160446166993,-0.3090209960937216,0.004634502838015716,53.78401696195967,0
2017-03-20,204.78439331054688,205.29468616829985,204.3951871173024,205.0092647739321,52537000,204.98951110839843,204.6216842651367,204.51829452514647,0.0775299072265625,0.004646952762812707,55.45561579720049,0
2017-03-21,202.1550445556641,205.51089350230717,202.0253135695641,205.38980684946205,131809300,204.61866149902343,204.4276550292969,204.4432373046875,-1.940292358398409,0.0053506139065079795,28.91096665369912,1
2017-03-22,202.6308135986328,202.91623505955164,201.5669795697242,202.18971490309988,97569200,203.989892578125,204.31908569335937,204.4010093688965,-1.085693359375,0.005382658173234644,36.46676503540278,0
2017-03-23,202.4145355224609,203.54756354767736,202.0426312016461,202.63076264780625,100410300,203.39881286621093,204.16305541992188,204.34107666015626,-1.5603027343750568,0.0053819279985881235,34.779451167329185,0
2017-03-24,202.2675018310547,203.28808752371825,201.4890894619878,202.7172579452155,112504900,202.85045776367187,203.92084197998048,204.26087799072266,-2.4221343994140625,0.005370163767278841,36.55933143885255,0
2017-03-27,202.05987548828125,202.3193506211948,200.3214145334316,200.5981783304068,87454500,202.30555419921876,203.64753265380858,204.15436553955078,-2.73309326171875,0.0053520084138124376,38.26235393495706,1
2017-03-28,203.5302734375,203.9540701538015,201.6447660551732,201.757208382742,93483900,202.58059997558593,203.5996307373047,204.14893035888673,-0.4790191650390341,0.005596606598330854,49.04615201859398,1
2017-03-29,203.7205047607422,203.9540337080173,203.0199311163708,203.24481573132235,61950400,202.7985382080078,203.39421539306642,204.01048278808594,-2.0541534423828125,0.004537645571678382,48.688207720906355,1
2017-03-30,204.36920166015625,204.56814009591145,203.48700458728308,203.6599836291726,56737900,203.18947143554686,203.2941421508789,203.96948776245117,-1.000732421875,0.004411775308836528,48.3359271738338,0
2017-03-31,203.89352416992188,204.5594941788784,203.84161857669875,204.0318994928165,73733100,203.51467590332032,203.18256683349608,203.89824905395508,-1.115753173828125,0.004432333966981654,45.502941786799795,0
2017-04-03,203.53895568847656,204.14438910844743,202.3107869801188,203.9454638127696,85546500,203.81049194335938,203.05802307128906,203.8398536682129,-1.2454376220703125,0.0044020599005017,47.54297247402216,1
2017-04-04,203.6686553955078,203.75515152683076,202.8729411376724,203.25350299956253,56466200,203.83816833496093,203.20938415527343,203.81851959228516,1.5136108398437216,0.004358996975023408,36.730652012144496,0
2017-04-05,203.06320190429688,205.3206134541128,202.85561912820896,204.3432626965336,108800600,203.7067077636719,203.25262298583985,203.7858543395996,0.4323883056640625,0.00438977479316251,35.82447835985752,1
2017-04-06,203.63406372070312,204.15300091336343,202.76049767058808,203.2016094614245,69135800,203.55968017578124,203.37457580566405,203.76881561279296,1.219528198242216,0.004429421233621942,41.76176146896327,0
2017-04-07,203.4264678955078,204.11839730552617,202.9421212677317,203.3832198328587,74412300,203.46626892089844,203.49047241210937,203.7056571960449,1.158966064453125,0.004351886487929585,41.848442380441995,1
2017-04-10,203.54754638671875,204.34326055720865,203.0199517174591,203.5648482505755,67615300,203.46798706054688,203.6392395019531,203.64338607788085,1.4876708984375,0.004352813418143839,61.9610834558812,0
2017-04-11,203.3053436279297,203.4091284011232,201.8177002907075,203.16695513203612,88045300,203.39532470703125,203.6167465209961,203.6081886291504,-0.2249298095703125,0.004279560587641266,56.03616839989514,0
2017-04-12,202.4145355224609,203.2189072914228,202.1896640631861,203.0286263653224,81864400,203.26559143066407,203.48614959716798,203.4401824951172,-1.3059692382812784,0.00383558586954374,50.0,0
2017-04-13,201.0998687744141,202.81239709117327,201.0998687744141,202.07721959380584,92880400,202.75875244140624,203.15921630859376,203.22667922973633,-3.269332885742159,0.004035530571910964,42.1419828138608,1
2017-04-17,202.881591796875,202.881591796875,201.41989433024537,201.61881958860167,68405400,202.6497772216797,203.05802307128906,203.12029495239258,-1.011932373046875,0.004595950179143189,54.56323381870444,0
2017-04-18,202.2761383056641,202.81239052775496,201.59286642580503,202.14640731501228,83225800,202.39549560546874,202.9317413330078,202.99488220214843,-1.2628173828124716,0.004627869490135719,42.29525346892182,0
2017-04-19,201.9042816162109,203.2102889541078,201.6793969161052,202.8383845615621,68699900,202.115283203125,202.75530395507812,202.9823440551758,-1.7643737792969034,0.0036471240638462524,39.08564742646904,1
2017-04-20,203.54754638671875,203.98865813160543,202.1982913499118,202.51830324525685,92572200,202.34188537597657,202.80373840332032,203.02818069458007,0.484344482421875,0.0040548997167419,45.589569866756655,0
2017-04-21,202.8988494873047,203.5215845637813,202.50099903133332,203.4696921736506,110389800,202.7016815185547,202.73021697998047,203.05239639282226,-0.7352142333984375,0.004117898985689979,44.7582104242354,1
2017-04-24,205.1303253173828,205.3379080861596,202.8729138470728,205.1389696503696,119209900,203.15142822265625,202.90060272216797,203.19553756713867,1.703857421875,0.004772447892140149,57.00128624098087,1
2017-04-25,206.323974609375,206.66993281304875,205.68393741537315,205.7704335650213,76698300,203.96099548339845,203.1782455444336,203.40874252319335,2.77642822265625,0.004885212823844,60.682133197795544,0
2017-04-26,206.19419860839844,207.17154951947384,206.1509637376968,206.2893390793656,84702500,204.81897888183593,203.46713104248047,203.54193878173828,2.88885498046875,0.004670477156549973,63.0969963962883,1
2017-04-27,206.36720275878903,206.66991285841107,205.83095043817428,206.5142356410269,57410300,205.38291015625,203.86239776611328,203.6742736816406,3.952667236328125,0.004670230909022235,61.82639296962165,0
2017-04-28,205.9174346923828,206.65259906113272,205.78769048792756,206.6266528597332,63532800,205.98662719726562,204.34415435791016,203.75168533325194,4.817565917968722,0.004671406684507983,60.557248472494614,1
2017-05-01,206.43638610839844,206.86019608948664,206.0212336600102,206.43638610839844,66882500,206.24783935546876,204.6996337890625,203.8788284301758,3.5547943115234375,0.004648815181997218,61.844072614801036,1
2017-05-02,206.51417541503903,206.6957987823536,206.1076674249198,206.5747121383258,57375700,206.28587951660157,205.1234375,204.0275894165039,4.238037109374943,0.004616023109772019,63.33581074910963,0
2017-05-03,206.26339721679688,206.60936857189023,205.588769571187,206.5142280989218,73137700,206.29971923828126,205.5593490600586,204.15732650756837,4.359115600585966,0.004636628364714976,66.89452667140907,1
2017-05-04,206.50555419921875,206.6439427302876,205.65794754197145,206.5661041306076,61462700,206.3273895263672,205.8551498413086,204.32944412231444,2.9580078125,0.00455847278227829,76.1945393753245,1
2017-05-05,207.31857299804688,207.33587486401797,206.4363625979184,206.87747439671105,62001300,206.6076171875,206.2971221923828,204.51366958618163,4.4197235107421875,0.004590792422515183,73.72808606614913,0
2017-05-08,207.2839813232422,207.5088527898016,206.86017139275205,207.3618199234985,48385700,206.77713623046876,206.51248779296876,204.70654525756837,2.153656005859375,0.004575896441576391,78.5224377135745,0
2017-05-09,207.09364318847656,207.74232440635015,206.7476719538054,207.54339919482248,51363200,206.89302978515624,206.5894546508789,204.88385009765625,0.7696685791015625,0.004594542002721506,80.18032408639984,1
2017-05-10,207.4656219482422,207.4656219482422,206.8428866995768,207.05046951495123,54293800,207.13347473144532,206.7165969848633,205.09186401367188,1.27142333984375,0.004572409993938245,76.74098913801943,0
2017-05-11,207.0417938232422,207.206128544176,205.9606582354735,207.0158476249322,62358300,207.24072265625,206.7840560913086,205.32322692871094,0.6745910644531534,0.004455314648310423,79.17112540773354,0
2017-05-12,206.69583129882807,207.0850374874704,206.4277117732625,206.7909717624924,53912700,207.11617431640624,206.8618957519531,205.60302505493163,0.7783966064452557,0.004139609750290927,65.00794303251193,1
2017-05-15,207.8374938964844,207.9585805461808,207.10231646782097,207.11961833133617,61918900,207.22687683105468,207.00200653076172,205.8508201599121,1.401107788085966,0.0038815525489546694,64.6556462432257,0
2017-05-16,207.647216796875,208.1575096015608,207.25801064410544,208.13156340453983,51241800,207.33759155273438,207.1153106689453,206.11937408447267,1.133041381835966,0.0037902617583790337,63.90686018220199,0
2017-05-17,203.9627227783203,207.64722812837044,203.90217285033032,207.64722812837044,172174100,206.63701171875,206.88524322509767,206.22229614257813,-2.3006744384765625,0.005683325063155593,36.23745842765744,1
2017-05-18,204.78439331054688,205.631999962106,203.6254058674442,203.8848810620928,107047700,206.18553161621094,206.71312713623047,206.28413848876954,-1.721160888671875,0.00546348779409296,43.779623334433595,1
2017-05-19,206.11631774902344,206.7823009092626,205.2168188240205,205.26871121619024,115011400,206.06962890625,206.59290161132813,206.44501190185548,-1.2022552490234375,0.005565147056496529,48.38682884512452,1
2017-05-22,207.1629180908203,207.3272528415885,206.55748469124688,206.62666576766244,61010600,205.9347137451172,206.58079528808594,206.54664154052733,-0.121063232421875,0.005135095009520855,52.978812846813604,1
2017-05-23,207.6212615966797,207.7855963023231,207.1542036756452,207.53476547872376,48341700,205.9295227050781,206.63355712890626,206.61150588989258,0.527618408203125,0.005000246631685774,56.11824383321659,1
2017-05-24,208.1056365966797,208.2094213944331,207.51749194867847,207.8548189362901,46927700,206.75810546875,206.69755859375,206.70707778930665,0.6400146484375,0.005014335443996854,57.055618428861024,1
2017-05-25,209.10028076171875,209.37705782517145,208.4083644980005,208.61593409813327,64071700,207.62128295898438,206.90340728759764,206.84373168945314,2.0584869384765625,0.005106030343418699,57.732642843898056,0
2017-05-26,209.0570526123047,209.22137415187208,208.8321679416575,208.91000654420895,46629900,208.2094299316406,207.1395294189453,207.0007125854492,2.3612213134766193,0.005066982718196976,57.68939604492396,0
2017-05-30,208.87542724609372,209.12624493362787,208.5813614889964,208.73703870247456,35201900,208.55193176269532,207.24332275390626,207.12266464233397,1.0379333496093182,0.005062007611454913,57.73302517168508,0
2017-05-31,208.8235321044922,209.2040939957279,208.13160259292343,209.1694902615477,91796000,208.79238586425782,207.36095428466797,207.23813247680664,1.1763153076171875,0.005065386449740913,56.06181151384524,1
2017-06-01,210.4841766357422,210.5014785046096,208.9965326521616,209.28195409990823,68962000,209.26809387207032,208.01309967041016,207.4491714477539,6.521453857421875,0.00530465164220097,63.838894655094805,1
2017-06-02,211.1847381591797,211.3404285749305,210.2419909218528,210.5360566880442,88666100,209.6849853515625,208.65313415527345,207.68313064575196,6.4003448486328125,0.005329612512934884,67.54583202617582,0
2017-06-05,211.02903747558597,211.29715700891515,210.83009901105527,211.01173560965785,44698800,210.07938232421876,209.1444061279297,207.8686538696289,4.912719726562528,0.005302668529034425,63.51663463514438,0
2017-06-06,210.3544006347656,211.0203706729839,210.2765488402381,210.4668297647165,50375400,210.37517700195312,209.46355438232422,208.02217483520508,3.191482543945284,0.005377534443361731,61.01345814813881,1
2017-06-07,210.7436065673828,210.96847802447388,210.025730934513,210.6917141693969,54144300,210.75919189453126,209.77578887939453,208.20467300415038,3.122344970703125,0.0053679744288761145,87.69228159457143,1
2017-06-08,210.8473663330078,211.32306858716709,210.31977168702292,210.83872200018843,65950700,210.8318298339844,210.04996185302736,208.37376022338867,2.741729736328125,0.005364276721161368,86.62478269926659,0
2017-06-09,210.5273895263672,211.91123526293748,209.2646172592581,211.11552099498172,132256400,210.7003601074219,210.1926727294922,208.54804000854492,1.4271087646484375,0.005350777315599938,80.35754790688273,0
2017-06-12,210.4841766357422,210.53606904488535,209.6365698256655,210.2852513348736,86108100,210.5913879394531,210.33538513183595,208.73745727539062,1.4271240234375,0.005324421965318916,76.51995496790708,1
2017-06-13,211.51336669921875,211.56525909526675,210.67440443656096,211.02036254185137,60067000,210.82318115234375,210.59917907714845,208.92125091552734,2.6379394531250284,0.005297413448085196,78.48163739294503,0
2017-06-14,211.24522399902344,211.7901072951697,210.42355049360853,211.78146296259584,78602300,210.9235046386719,210.84134826660156,209.10115127563478,2.42169189453125,0.005304314119285572,73.72570996323898,0
2017-06-15,210.8387756347656,210.95986231231316,209.61925132681424,209.8960152194408,66464900,210.92178649902343,210.8768081665039,209.44495391845703,0.3545989990234091,0.0031060497861372795,64.41961596290196,1
2017-06-16,210.8848571777344,211.04999333756032,210.00704417138684,210.9978478685244,84553100,210.99328002929687,210.84682006835936,209.7499771118164,-0.2998809814452841,0.0030700085470416775,65.15320566826806,1
2017-06-19,212.6404571533203,212.7012891020136,211.61488115848744,211.7104855879904,65123800,211.4245361328125,211.00796203613282,210.07618408203126,1.6114196777343466,0.0032488448432824797,74.75346354872033,0
2017-06-20,211.20639038085935,212.2927983226885,211.18901740229745,212.2841118334075,56906400,211.36314086914064,211.0931610107422,210.2783576965332,0.85198974609375,0.0036291422093700666,63.25691398961231,0
2017-06-21,211.154296875,211.7105373476041,210.68497436385428,211.59755991189095,55977600,211.34495544433594,211.1342300415039,210.45500946044922,0.4106903076171875,0.003626603267449186,54.54092383920385,0
2017-06-22,211.0586853027344,211.65838473583867,210.88486264750003,211.16298950532985,44148100,211.3889373779297,211.15536193847657,210.60266189575196,0.21131896972659092,0.0036201507722951162,49.069545844662464,1
2017-06-23,211.3106842041016,211.6409431841956,210.73705765609583,211.1194753547663,66986800,211.47410278320314,211.23369140625,210.7131820678711,0.7832946777344034,0.0034946715025383247,52.04982298093876,1
2017-06-26,211.4497833251953,212.3971413025076,211.24120144982373,211.97995102812823,56700500,211.23596801757813,211.33025207519532,210.83281860351562,0.965606689453125,0.003490401609151148,58.6461818628551,0
2017-06-27,209.7462615966797,211.5279732492118,209.72887535654044,211.2324602141064,82247700,210.94394226074218,211.1535415649414,210.87636032104493,-1.7671051025390625,0.003982248749862108,43.48038589827479,1
2017-06-28,211.62355041503903,211.8234457345349,210.5284428782056,210.76311067350048,70042600,211.03779296875,211.19137420654297,211.01636123657227,0.3783264160155966,0.004431685012949345,54.11885305634624,0
2017-06-29,209.7636260986328,211.82345107085212,208.55554113955276,211.77130561765375,106949700,210.77878112792968,211.0838592529297,210.9803337097168,-1.075149536132784,0.004563957074199855,46.51640257007002,1
2017-06-30,210.1547698974609,210.94567811831607,209.96356102512635,210.57194686354703,86820700,210.54759826660157,211.01085052490234,210.92883529663087,-0.7300872802734943,0.00451654049831779,48.543763980216426,1
2017-07-03,210.51109313964844,211.52796934909023,210.51109313964844,211.0934061863297,39153800,210.3598602294922,210.79791412353515,210.90293807983397,-2.129364013671875,0.004535016116870398,45.288892012812525,1
2017-07-05,210.99777221679688,211.2063540181552,210.06780081302972,210.8760950787334,54427600,210.61016235351562,210.7770523071289,210.93510665893555,-0.20861816406247158,0.004505052426365883,48.86028693472916,0
2017-07-06,209.06832885742188,210.35463203575168,208.88580650381545,210.23295488728556,65400800,210.0991180419922,210.5684555053711,210.8513427734375,-2.085968017578125,0.0049382317661466925,42.84891933801911,1
2017-07-07,210.42416381835935,210.5719136942868,209.07701543431983,209.64195547243423,57972300,210.2312255859375,210.5050033569336,210.83018264770507,-0.6345214843750568,0.005170759613386903,48.317240702799246,1
2017-07-10,210.65011596679688,211.0238471344692,210.1199484464805,210.42414792570648,36663300,210.33029479980468,210.43894653320314,210.83631896972656,-0.6605682373047159,0.005165509805731176,41.81534565433179,0
2017-07-11,210.49371337890625,210.8065993961972,209.3290872496961,210.65014975664388,50354600,210.32681884765626,210.3433395385742,210.83679580688477,-0.9560699462890625,0.005168258307659218,46.725226400119,1
2017-07-12,212.0755157470703,212.24065187535007,211.4584434656008,211.4584434656008,59610400,210.54236755371093,210.57626495361328,210.86490325927736,2.329254150390625,0.0053293944809722936,53.711292168745096,1
2017-07-13,212.43185424804688,212.5448449138028,211.85822769210736,212.0842090236191,39471600,211.21507263183594,210.65709533691407,210.92423477172852,0.8083038330078409,0.005328996703815137,55.41822805783803,1
2017-07-14,213.42266845703125,213.77901345016744,212.33626049879845,212.4318649295956,60262700,211.8147735595703,211.02299957275392,211.0534294128418,3.6590423583984375,0.005387994292485806,57.87432797610577,0
2017-07-17,213.3965759277344,213.7268481601751,213.22275332290783,213.34443047246788,33531900,212.36406555175782,211.34718017578126,211.17901535034179,3.2418060302734943,0.005389879490285233,57.32011121451267,1
2017-07-18,213.5095367431641,213.5616821911414,212.64909706609973,212.9880557397652,42742500,212.96723022460938,211.64702453613282,211.22246932983398,2.9984436035156534,0.005074967315350387,66.07275523637003,1
2017-07-19,214.66552734375,214.6742138332142,213.813773950884,213.82247370216416,51034300,213.4852325439453,212.01380004882813,211.39542617797852,3.667755126953125,0.004923269360235171,63.845163405138585,1
2017-07-20,214.7611541748047,215.039267746642,214.213600259683,214.9175905723724,47135200,213.9510925292969,212.5830825805664,211.57576904296874,5.6928253173828125,0.0049177761346314245,77.09743287652209,0
2017-07-21,214.5699615478516,214.5960342827548,213.96156236859437,214.18754375351327,82340800,214.18055114746093,212.99766235351564,211.7513328552246,4.145797729492244,0.00492488410149048,74.4705106303812,0
2017-07-24,214.51779174804688,214.65684189782053,214.04845604938308,214.4917057542839,46622300,214.40479431152343,213.38442993164062,211.91168823242188,3.86767578125,0.004929880816206687,72.98130394523353,1
2017-07-25,215.0392608642578,215.3695331531979,214.81329276550863,215.26522896300705,54915600,214.7107391357422,213.83898468017577,212.091162109375,4.5455474853515625,0.0049437757557342,73.08870474234512,1
2017-07-26,215.0479278564453,215.36081387501545,214.78720055915,215.3260546559813,47575400,214.78721923828124,214.13622589111327,212.3562454223633,2.972412109375,0.004486075849656989,93.7660962660017,0
2017-07-27,214.84799194335935,215.54329554910623,213.52691641862165,215.50853633663485,70766600,214.8045867919922,214.37783966064453,212.5174674987793,2.4161376953124716,0.0041238462641137496,88.97360893037661,0
2017-07-28,214.5959930419922,214.72635669145512,213.91807554115323,214.370011700502,50088400,214.8097930908203,214.49517211914062,212.75908584594725,1.1733245849609375,0.003499652941400703,84.60408241915619,0
2017-07-31,214.47430419921875,215.09137645548512,214.26570910962465,214.9957720304814,65838700,214.80109558105468,214.60294494628906,212.97506256103514,1.0777282714843466,0.003515549276781541,85.12235577958762,1
2017-08-01,214.95236206054688,215.10879845738904,214.43088088077167,215.0740392342521,55050400,214.7837158203125,214.74722747802736,213.19712600708007,1.442825317382784,0.0035229307587364045,81.5236037867721,1
2017-08-02,215.0565948486328,215.19565822721768,214.12662342388683,215.0826675743908,47211200,214.78544921875,214.7863342285156,213.4000671386719,0.3910675048828125,0.0035121676398966453,80.44308524382471,0
2017-08-03,214.6394195556641,214.9696785049686,214.3612927964457,214.9436057790186,40856000,214.74373474121094,214.77416076660157,213.678621673584,-0.12173461914059658,0.002696009664502082,66.2786567316533,1
2017-08-04,215.03050231933597,215.36076123579224,214.64808469435368,215.1261067255815,60191800,214.83063659667968,214.82021484375,213.9089385986328,0.460540771484375,0.0024124670426313856,69.91500678829837,1
2017-08-07,215.43035888671875,215.43035888671875,214.99579568195315,215.10009986913207,31995000,215.0218475341797,214.91147155761718,214.1479507446289,0.912567138671875,0.002418646563098191,71.88150754223068,0
2017-08-08,214.9002227783203,216.33428952155452,214.5265047330589,215.1175044125844,61719400,215.01141967773438,214.89756774902344,214.3682762145996,-0.1390380859375,0.002517009839778794,53.1182211481931,0
2017-08-09,214.89149475097656,214.94364021122985,213.85723224990036,214.21357724405223,62632600,214.97839965820313,214.88192443847657,214.50907516479492,-0.15643310546875,0.0020099029010597065,51.772669920642855,0
2017-08-10,211.85821533203125,214.18748063761373,211.80606987759083,214.05710373969825,120479500,214.42215881347656,214.58294677734375,214.48039321899415,-2.9897766113280966,0.0038498379018083247,29.19954587483437,1
2017-08-11,212.17112731933597,212.762140152982,211.84955480300584,212.0842226385577,74869900,213.85028381347655,214.34046020507813,214.41781616210938,-2.4248657226562216,0.0037042398800581446,32.692225450895165,1
2017-08-14,214.2743682861328,214.491649836917,213.413941832588,213.4487010455156,73291900,213.61908569335938,214.32046661376953,214.4617057800293,-0.1999359130859375,0.004350997065582082,45.42582663255135,0
2017-08-15,214.24832153320312,214.6741981986198,213.9441352823184,214.65681195914163,55242700,213.48870544433595,214.25006256103515,214.49864501953124,-0.70404052734375,0.0043509508179551265,45.22815228971832,1
2017-08-16,214.6220550537109,215.16960887774223,214.19617838370715,214.76980493632897,56715500,213.4348175048828,214.20660858154298,214.4964714050293,-0.4345397949219034,0.004193191569014455,48.67906686292875,0
2017-08-17,211.27593994140625,214.32658218751973,211.27593994140625,214.01369614334956,128490400,213.3183624267578,213.8702606201172,214.32221069335938,-3.363479614257841,0.005448480444847895,35.74630102024091,0
2017-08-18,210.94564819335935,212.2319513923749,210.50238529682156,211.110771048936,136748000,213.0732666015625,213.46177520751954,214.14099502563477,-4.084854125976619,0.005451122140876679,35.117296202192534,1
2017-08-21,211.1108245849609,211.3715651910788,210.18086611271625,210.88485646596175,65469700,212.44055786132813,213.02982177734376,213.97064666748048,-4.319534301757841,0.005461826911901504,33.3584517534638,1
2017-08-22,213.31832885742188,213.47476520203688,211.67568092989995,211.69306716657255,63140100,212.2545593261719,212.87163238525392,213.88460006713868,-1.5818939208984375,0.005980781722876065,43.630522321882836,0
2017-08-23,212.5535125732422,212.9793892079819,212.20586737961136,212.35361724999515,50203800,211.84085083007812,212.63783416748046,213.7598793029785,-2.337982177734375,0.006022029809177028,42.546562854401,0
2017-08-24,212.05810546875,213.09235450271285,211.84951040732693,212.93591815300556,50741700,211.99728393554688,212.65782318115234,213.62038497924806,0.19989013671875,0.006034620224019853,39.457525190041416,1
2017-08-25,212.5535125732422,213.46609778379067,212.4057627028584,212.8490123140098,64445900,212.31885681152343,212.69606170654296,213.51826095581055,0.3823852539062216,0.006069100837963748,39.86511693413565,1
2017-08-28,212.56222534179688,213.10976589220928,212.1450351697119,213.08369316418083,40565600,212.60913696289063,212.52484741210938,213.42265701293945,-1.7121429443359375,0.0060700617963463524,41.44929444946075,1
2017-08-29,212.80560302734372,213.0663303362766,211.1368686792757,211.24985935435748,51135700,212.506591796875,212.38057556152344,213.3153190612793,-1.4427185058594034,0.0060498751567618645,42.500041147973484,1
2017-08-30,213.81378173828125,214.08322206327637,212.60569656795957,212.7882189478831,62030800,212.7586456298828,212.29974822998048,213.25317840576173,-0.8082733154296591,0.006159472226249154,58.229860729385535,1
2017-08-31,215.10009765625,215.34345198746985,213.84855351750988,214.4308666144872,103803900,213.3670440673828,212.68216400146486,213.276212310791,3.82415771484375,0.006301338766544895,61.39293773540774,1
2017-09-01,215.40426635742188,215.8301430332035,215.25651647279932,215.4737980552117,62007000,213.93719482421875,213.1280258178711,213.2949005126953,4.458618164062528,0.006296218190626592,55.11023205804695,0
2017-09-05,213.85723876953125,215.1261691422476,212.89250793998733,214.90018779183964,91398800,214.19619750976562,213.4026672363281,213.21624450683595,2.746414184570341,0.006485418683413165,48.44515139602716,1
2017-09-06,214.5873260498047,214.91759836128475,214.00501289028105,214.53518058205896,57916900,214.55254211425782,213.5295669555664,213.20059967041016,1.2689971923828125,0.00651756787768444,49.865730635360855,0
2017-09-07,214.56121826171875,214.9088767595875,214.15272781535776,214.89149051924016,58034700,214.7020294189453,213.73033752441407,213.18408584594727,2.0077056884765625,0.006517585232538223,67.08843278251335,0
2017-09-08,214.3091735839844,214.7698094812517,214.0658192707796,214.2744011039177,63832800,214.5438446044922,213.9554443359375,213.30663375854493,2.2510681152344034,0.0056304058222480784,67.6390191440399,1
2017-09-11,216.59495544433597,216.67317362286175,215.56069310000328,215.5780660762442,71364800,214.781982421875,214.35958862304688,213.52782516479493,4.041442871093778,0.006064714221857901,73.52707058487779,1
2017-09-12,217.32501220703125,217.35977142035236,216.777458449076,216.95998078899893,56896000,215.475537109375,214.83586730957032,213.68035736083985,4.762786865234375,0.005728623594833703,69.68404418643712,1
2017-09-13,217.4293365478516,217.46410902833395,216.9252416753817,217.0382323442261,59228000,216.04393920898437,215.2982406616211,213.83940811157225,4.623733520507869,0.0057255357995895356,75.6163961866651,0
2017-09-14,217.3598175048828,217.5597261247576,216.93395405779384,217.10777668488012,95446300,216.6036590576172,215.65284423828126,213.97629623413087,3.5460357666015625,0.005725324321068503,79.15877105380207,1
2017-09-15,217.65240478515625,217.73974074405515,217.1108765260414,217.21568500777204,95432400,217.27230529785157,215.90807495117187,214.29511947631835,2.55230712890625,0.004262454842314607,78.68319991485022,1
2017-09-18,218.1153106689453,218.4646811341499,217.7309951606429,218.0192317918697,46235200,217.57637634277344,216.1791793823242,214.65360260009766,2.7110443115234375,0.004202483036077943,79.71953504097056,1
2017-09-19,218.33372497558597,218.4210742774791,218.01055654831933,218.35992710062743,47108100,217.7781188964844,216.6268280029297,215.0147476196289,4.476486206054716,0.00420031075728299,79.66519988274476,1
2017-09-20,218.41229248046875,218.52584388719495,217.41657192320085,218.4210354056815,59574100,217.9747100830078,217.0093246459961,215.26944580078126,3.8249664306640625,0.003663945763874784,77.41154426879628,0
2017-09-21,217.8270721435547,218.3423982399205,217.6523869124714,218.25506228819327,48211400,218.0681610107422,217.33591003417968,215.5331237792969,3.2658538818359375,0.00360700035619664,67.73800378352519,1
2017-09-22,217.87078857421875,218.03674424025084,217.50394552028905,217.53014764359605,51214000,218.1118377685547,217.69207153320312,215.82375793457032,3.5616149902343466,0.00351872511037866,66.60653305773238,0
2017-09-25,217.42530822753903,217.9668498298664,216.68289258120123,217.61746600132773,57064400,217.97383728027344,217.77510681152344,216.06734771728514,0.8303527832030682,0.003590313663400338,78.20691285708392,1
2017-09-26,217.5563507080078,218.0978790288707,217.32051826959304,217.85331699185963,54082000,217.8183624267578,217.7982406616211,216.3170539855957,0.2313385009765625,0.003583455944040789,75.92686358742552,1
2017-09-27,218.40354919433597,218.78786470597143,217.37288365607444,218.2550660789548,81001400,217.81661376953124,217.89566192626953,216.59695129394532,0.974212646484375,0.003634888864907749,79.34483923972435,1
2017-09-28,218.6656036376953,218.74421000106764,218.03672607545624,218.1240620366598,44778800,217.98432006835938,218.02624053955077,216.83954238891602,1.3057861328125,0.0035440196668216823,83.22035042156175,1
2017-09-29,219.43423461914065,219.5128543148782,218.47345902225527,218.65687388117044,85578000,218.29700927734376,218.2044235229492,217.05624923706054,1.7818298339844034,0.00340383907802748,78.16902474544494,1
2017-10-02,220.3863067626953,220.3863067626953,219.4866516296174,219.6613502279669,59023000,218.889208984375,218.43152313232423,217.30535125732422,2.27099609375,0.003484282758804046,79.0901682843573,1
2017-10-03,220.85792541503903,220.8841275353606,220.30765423302748,220.3862739216219,66810200,219.54952392578124,218.68394317626954,217.6553855895996,2.524200439453068,0.002882648914319313,80.45453559733616,1
2017-10-04,221.11997985839844,221.3645418885094,220.5959107495144,220.70946216621985,55953600,220.09281005859376,218.9547119140625,217.9820182800293,2.7076873779296875,0.002852391140606486,82.29512321700945,1
2017-10-05,222.43011474609372,222.44757394086625,221.15488716333428,221.4518534060216,63522800,220.84571228027343,219.4150161743164,218.37546310424804,4.603042602539034,0.0029881869321630714,84.92931853068183,0
2017-10-06,222.17686462402344,222.465101340426,221.72268555057047,221.9847068130884,80646000,221.39423828125,219.8456237792969,218.76884765625,4.3060760498046875,0.0029862995685448392,80.63263577524697,0
2017-10-09,221.8099670410156,222.46504669165515,221.5479325152339,222.4039128546295,35803100,221.67897033691406,220.28408966064453,219.02959823608398,4.3846588134765625,0.0022404878269642243,75.64379928815646,1
2017-10-10,222.3951873779297,222.7707733374642,221.83618656529865,222.3777281817695,43057400,221.98642272949218,220.76797332763672,219.2831069946289,4.838836669921875,0.002208784202053356,77.33780474777055,1
2017-10-11,222.7445831298828,222.7445831298828,222.13317804080668,222.2991203789884,47674300,222.31134338378905,221.20207672119142,219.54886932373046,4.341033935546847,0.00220467795419296,84.88206464796875,0
2017-10-12,222.41265869140625,222.77950172323372,222.1768262682205,222.430131215102,47065100,222.30785217285157,221.5767822265625,219.80151138305663,3.7470550537109375,0.0022622210214790976,80.95192539660067,1
2017-10-13,222.68344116210935,222.9629482537238,222.4126769968777,222.8493968318015,54800400,222.40916748046874,221.90170288085938,220.0530632019043,3.249206542968693,0.002261823309292861,86.70713078973213,1
2017-10-16,222.98040771484372,223.17256550864792,222.56990333095123,222.91054426948924,38221700,222.64325561523438,222.1611129760742,220.29631805419922,2.594100952148409,0.0022506404402547076,87.0081060090242,1
2017-10-17,223.13758850097656,223.1812631411833,222.70959835115696,222.92795822456165,31561000,222.79173583984374,222.38907928466796,220.53651123046876,2.2796630859375284,0.0022523415395254436,85.65764067671932,1
2017-10-18,223.3559417724609,223.5568291183193,223.16378402333427,223.5131544794035,40888300,222.91400756835938,222.61267547607423,220.78369369506837,2.2359619140624716,0.0022460080869352475,85.56259486875712,1
2017-10-19,223.4171600341797,223.4521050895695,222.1594179204525,222.57866529169493,61903800,223.11490783691406,222.7113800048828,221.0631980895996,0.9870452880859659,0.002073360953679606,83.8277412749633,1
2017-10-20,224.570068359375,224.5962971394155,223.39967568822829,224.21198153918792,89176400,223.4922332763672,222.95070037841796,221.3981620788574,2.3932037353515625,0.002229480451935813,84.3612539068668,0
2017-10-23,223.69662475585935,224.919461638114,223.6180183829025,224.89325951379504,63915300,223.6354766845703,223.13936614990234,221.71172790527345,1.88665771484375,0.00241505492403224,71.87070167477427,1
2017-10-24,224.08966064453125,224.32547973958583,223.7315472114965,224.1246056918486,66935900,223.82589111328124,223.3088134765625,222.03839340209962,1.6944732666015625,0.0024081384002485923,72.4272001290633,0
2017-10-25,222.98040771484372,223.8713199108784,221.85367640356623,223.75776848882185,103715300,223.75078430175782,223.3323959350586,222.267236328125,0.23582458496090908,0.0027323354442171876,54.285884058659875,1
2017-10-26,223.2686462402344,223.86257882405025,223.1463652184116,223.5918279839053,69798000,223.72108154296876,223.4179946899414,222.49738845825195,0.8559875488281534,0.002732698095830489,58.45710516922244,1
2017-10-27,225.09408569335935,225.25132506108443,223.2773432648059,224.01102924490968,85562500,223.8258850097656,223.6590591430664,222.7803810119629,2.41064453125,0.003124958471981702,70.75046759607382,0
2017-10-30,224.2555694580078,224.99799829067257,223.958603255993,224.01100748839235,54285700,223.93767395019532,223.7865753173828,222.9738441467285,1.275161743164091,0.00322788882374365,61.390108555520186,1
2017-10-31,224.60498046875,224.858285407945,224.30801421308635,224.63118258968325,60304800,224.04073791503907,223.93331451416014,223.16119689941405,1.4673919677734375,0.003218501141836939,61.39018069509027,1
2017-11-01,224.9019927978516,225.723028295638,224.5351630296373,225.38240065372477,54202700,224.42505493164063,224.08791961669922,223.3502975463867,1.5460510253906818,0.0032193998493960005,65.30624499224092,1
2017-11-02,224.9893035888672,225.12905712363735,223.76649347870477,224.83209085797367,56449500,224.7691864013672,224.24513397216796,223.4782569885254,1.5721435546875,0.00299022011612993,64.50540315876977,1
2017-11-03,225.7404937744141,225.78415509588623,224.73601682791988,225.1465345397593,59589700,224.89846801757812,224.36217651367187,223.65643844604492,1.170425415039091,0.00302249671930806,66.42417286672357,1
2017-11-06,226.08985900878903,226.220869625396,225.53958776377712,225.60945120754656,49652600,225.26532592773438,224.60149993896485,223.87043304443358,2.3932342529296875,0.002970119324787503,67.1749558819872,0
2017-11-07,225.93263244628903,226.5265649754122,225.4260225527196,226.19465366347248,57502200,225.53085632324218,224.78579711914062,224.04730529785155,1.842971801757784,0.0029645247578043237,65.09737937545586,1
2017-11-08,226.3169403076172,226.41303253214264,225.47844568711864,225.7579527790393,50469600,225.8138458251953,225.11945037841798,224.22592315673828,3.336532592773466,0.002966459999253326,66.37062178040408,0
2017-11-09,225.4958953857422,225.68805314872068,223.91494531222037,225.11157985978517,95085500,225.9151641845703,225.34217529296876,224.38008499145508,2.227249145507784,0.003089289698715694,55.43020077647169,0
2017-11-10,225.4259796142578,225.60067816261147,224.7971021575432,225.1115542135285,59984700,225.85226135253907,225.3753646850586,224.5172119140625,0.3318939208984659,0.0030945223603293737,61.198645906000095,1
2017-11-13,225.63563537597656,225.86273819686548,224.70979155194425,224.7447365986796,50228600,225.76141662597655,225.51337127685548,224.64997329711915,1.38006591796875,0.0030909160377202627,60.25469480954569,0
2017-11-14,225.1115875244141,225.21639600683287,224.05470646441785,224.8320804677906,61315200,225.59720764160156,225.56403198242188,224.74867324829103,0.5066070556640909,0.003158720342233318,65.3263133406933,0
2017-11-15,223.98489379882807,224.6661757442373,223.2774097268749,224.14210655809197,80811500,225.13079833984375,225.47232208251953,224.78012084960938,-0.9170989990235228,0.0033810887443106673,54.59655307481341,1
2017-11-16,225.88894653320312,226.2558028958665,224.8844963178253,224.9281576360003,67777000,225.20940856933595,225.56228637695312,224.90371017456056,0.8996429443359375,0.0038634957146982648,55.05010159921835,0
2017-11-17,225.2251434326172,225.8627639958813,225.14653705992936,225.53959557863223,75756800,225.16924133300782,225.51075134277343,224.93646392822265,-0.5153503417969034,0.00377916990616093,56.29999484435904,1
2017-11-20,225.6094207763672,225.80157853989255,225.22510524931647,225.4696939076753,48075500,225.16399841308595,225.46270751953125,225.03210372924804,-0.4804382324218466,0.0036697389735991207,56.49710711092063,1
2017-11-21,227.08551025390625,227.26895172710368,225.5744770902016,226.37802644373392,69176800,225.55878295898438,225.57799530029297,225.1818962097168,1.152877807617216,0.0039088992416018474,62.25458543929243,0
2017-11-22,226.8846893310547,227.22531692979055,226.7187336670959,227.09430631489212,45033400,226.13874206542968,225.63477020263673,225.37711029052736,0.5677490234375,0.003701371867764924,60.50367158353305,1
2017-11-24,227.4087371826172,227.51357233228404,227.23406524369855,227.37381878799133,27856500,226.4427001953125,225.82605438232423,225.5841148376465,1.912841796875,0.00371437989384815,59.48366793196508,0
2017-11-27,227.2952117919922,227.749390818247,227.0943110747621,227.45242453316544,52274900,226.8567138671875,226.01297760009766,225.6941711425781,1.869232177734375,0.003307370834711057,57.04101569463564,1
2017-11-28,229.6010589599609,229.62726108124528,227.66202201913927,227.75811423402223,98971700,227.65504150390626,226.4095199584961,225.9614456176758,3.9654235839843466,0.0037948083146920474,67.12916519419505,0
2017-11-29,229.4613037109375,230.2648798497445,229.01586765243732,229.73206784726955,77512100,228.1302001953125,226.84449157714843,226.20426177978516,4.349716186523409,0.003814485978403559,65.02527922349684,1
2017-11-30,231.47024536132807,232.378603386644,230.29983945330548,230.37844582153883,127894400,229.04731140136718,227.59302673339843,226.53267440795898,7.4853515625,0.004183836276911468,75.63774324212807,0
2017-12-01,230.9898681640625,231.7322972805025,227.7581570914204,231.2519160814761,164390900,229.76353759765624,228.10311889648438,226.83270263671875,5.100921630859375,0.004252403153152818,73.06382994872817,0
2017-12-04,230.7103729248047,233.03369904773825,230.65794202046783,232.60572212855533,94040600,230.44656982421876,228.65164184570312,227.0811965942383,5.4852294921875,0.004260691458909516,70.91506638425906,0
2017-12-05,229.88055419921875,231.59248823067725,229.74954359953608,229.88055419921875,77994500,230.50246887207032,229.0787551879883,227.27073135375977,4.2711334228515625,0.004385577004501566,69.17165476434376,1
2017-12-06,229.9242248535156,230.3522283702102,229.46130294566015,229.97662909551732,75898600,230.5950531005859,229.3626266479492,227.4703109741211,2.8387145996093466,0.004373706253393745,76.15403222555244,1
2017-12-07,230.64920043945312,230.96362589938755,229.662209431446,230.64920043945312,77218600,230.43084411621095,229.73907775878905,227.6869239807129,3.7645111083984375,0.004399937901876402,73.39088681548435,1
2017-12-08,231.90695190429688,231.91566817453804,230.61425172727832,231.6012427196004,76563900,230.6142608642578,230.18889923095702,228.00747680664062,4.4982147216796875,0.004370281427289145,81.02221220970233,1
2017-12-11,232.60568237304688,232.66682953826896,231.8807392812659,232.60568237304688,83077500,230.99332275390626,230.7199462890625,228.36646194458007,5.3104705810546875,0.004364540760863233,81.56061955613485,1
2017-12-12,233.0162048339844,233.487869660026,232.64063222031237,233.3917774476564,85195800,231.62045288085938,231.06146087646485,228.73549041748046,3.4151458740234943,0.004362010142323408,79.59936517413598,0
2017-12-13,232.99002075195312,233.6975047181604,232.9026714581071,233.26078490419235,102905400,232.23361206054688,231.4143325805664,229.12941207885743,3.528717041015625,0.004284183770509618,81.01154371404735,0
2017-12-14,232.03797912597656,233.4005428387963,231.9855748797345,233.28699142018425,100666700,232.51136779785156,231.47110595703126,229.53206634521484,0.5677337646484943,0.004212482344073885,72.53410026115581,1
2017-12-15,233.9702911376953,234.4355793600918,232.9870425765189,233.0397146929024,144610300,232.92403564453124,231.76914825439454,229.93613357543944,2.9804229736328125,0.0041980801374510365,77.60482004346545,1
2017-12-18,235.45394897460935,235.8051053437608,235.26080895284903,235.3661531844431,83653600,233.49368896484376,232.243505859375,230.44757385253905,4.743576049804659,0.00416325184920866,75.97075053319367,0
2017-12-19,234.5496826171875,235.7436194983536,234.47943527623028,235.6997350038883,82382900,233.80038452148438,232.71041870117188,230.89458694458008,4.66912841796875,0.0043792267871361,71.14388177199993,0
2017-12-20,234.4267120361328,235.5679765584184,234.12822788094283,235.515304459944,76751500,234.0877227783203,233.1606674194336,231.26164703369142,4.502487182617216,0.004273325274522159,64.56850517084034,1
2017-12-21,234.9095764160156,235.6207034128294,234.66376433012604,235.05004429245363,67032300,234.66204223632812,233.58670501708986,231.66289138793945,4.260375976562472,0.004233740518299907,69.31031268511077,0
2017-12-22,234.84811401367188,234.96224582342296,234.3125786274947,234.92712216084465,78720900,234.83760681152344,233.88082122802734,232.03486022949218,2.941162109375,0.004254773044874039,70.8319697381745,0
2017-12-26,234.5671844482422,234.78666045998,234.30382395075893,234.44426502174645,45244400,234.66025390625,234.07697143554688,232.3984588623047,1.9615020751953125,0.0042758417201247765,74.97580832713987,1
2017-12-27,234.6813201904297,235.0412640706872,234.40917207463843,234.73399229080823,57751000,234.68658142089845,234.2434829711914,232.65247192382813,1.665115356445284,0.003774135935086812,75.16234893034556,1
2017-12-28,235.16416931152344,235.20808059186288,234.7954645891124,235.1817445402621,45116100,234.83407287597657,234.46089782714844,232.93761520385743,2.1741485595703125,0.0037575963308811495,74.50942711689773,0
2017-12-29,234.27749633789065,235.76115654365725,234.084383138368,235.74360810502137,96007400,234.70765686035156,234.68484954833986,233.07797775268554,2.239517211914091,0.0034711452197518206,63.408664070483894,1
2018-01-02,235.9542694091797,235.98939307392297,234.75154510890945,235.1378250465664,86655700,234.92888793945312,234.88324737548828,233.3261978149414,1.983978271484375,0.003701679288543405,67.05392681793404,1
2018-01-03,237.4467010498047,237.595956521271,236.12105740806092,236.12105740806092,90070400,235.50479125976562,235.0825225830078,233.66301422119142,1.992752075195341,0.003838316759740626,70.32421361504004,1
2018-01-04,238.4474639892578,238.9303272062629,237.5081271834311,238.0875469689368,80636400,236.25802001953124,235.47230072021483,234.09135971069335,3.8977813720703125,0.003692735980026044,72.98039150174222,1
2018-01-05,240.0365753173828,240.15946797234625,238.7460550869637,239.23767928983676,83524000,237.2325012207031,236.03328704833984,234.59697723388672,5.60986328125,0.0038222148206109195,81.96574358424014,1
2018-01-08,240.47544860839844,240.63346488078795,239.65021679725223,239.9399132966329,57319200,238.4720916748047,236.58987426757812,235.088289642334,5.565872192382841,0.003815595897302253,79.52123092263847,1
2018-01-09,241.0197906494141,241.64309503689756,240.6159354877151,240.89687121980845,57254000,239.48519592285157,237.20704193115233,235.54393157958984,6.171676635742216,0.0037336323065910674,77.61260013232439,0
2018-01-10,240.65110778808597,240.91449513696924,239.5976387670871,240.26482777626623,69574300,240.1260772705078,237.81543426513673,235.9462028503418,6.083923339843778,0.003802186993995945,81.9685289917993,1
2018-01-11,242.40692138671875,242.40692138671875,241.03739287651788,241.2041968302037,62361500,240.91796875,238.58799438476564,236.4157386779785,7.7256011962890625,0.004002397344095812,85.70338239048877,1
2018-01-12,243.9871063232422,244.1538834452127,242.3717392883683,242.6702502430664,90816100,241.70807495117188,239.4702880859375,236.96559295654296,8.82293701171875,0.004093134138710455,86.98163055978652,0
2018-01-16,243.15313720703125,245.89219413547545,242.45958535928065,245.2425535744117,106555100,242.24361267089844,240.35785217285155,237.5213508605957,8.875640869140597,0.00404051713156023,81.83090980546291,1
2018-01-17,245.4707794189453,245.85705940856167,243.15312627275705,244.08370257733011,113258800,243.1338104248047,241.30950317382812,238.09637527465821,9.516510009765625,0.004141964974088601,86.14712220389924,0
2018-01-18,245.0581512451172,245.7780122100609,244.5665003251841,245.35663540941204,100728000,244.01521911621094,242.07064819335938,238.5765853881836,7.6114501953125,0.004129664796573034,83.73320423177974,1
2018-01-19,246.17308044433597,246.17308044433597,245.05815193414344,245.6375450366647,140920100,244.76845092773436,242.84320983886718,239.15775527954102,7.725616455078153,0.003925257260589884,84.37530969605967,1
2018-01-22,248.17469787597656,248.17469787597653,245.9096904252106,245.96238931636125,91322400,245.60596923828126,243.65702209472656,239.84515457153321,8.13812255859375,0.004057460708481278,90.56922809658924,1
2018-01-23,248.70147705078125,248.99117363539048,247.8937934351136,248.21861368775413,97084700,246.71563720703125,244.47962493896483,240.53474960327148,8.226028442382812,0.004056831515607317,89.8904518015622,0
2018-01-24,248.6048889160156,249.93932036064533,247.4285005787556,249.3423251815439,134816100,247.34245910644532,245.238134765625,241.22258834838868,7.585098266601506,0.004062066799418701,88.26034044165104,1
2018-01-25,248.71023559570312,249.56180369497707,247.92012721704376,249.46524709816148,84587300,248.0728759765625,246.0440475463867,241.92974090576172,8.059127807617159,0.003992522493635803,87.49229340471511,1
2018-01-26,251.5897979736328,251.63370926274965,249.28969303570867,249.544292779746,107743100,249.15621948242188,246.96233520507812,242.77516479492186,9.182876586914062,0.004384947593300355,88.56998767230738,0
2018-01-29,249.9217529296875,251.4580852286877,249.76373660889536,251.0191331432591,90118300,249.50563049316406,247.55579986572266,243.51304397583007,5.9346466064453125,0.004931005050189372,79.14423045236482,0
2018-01-30,247.3583526611328,249.97449063019917,246.8842767828493,248.095789143176,131796400,249.23700561523438,247.9763214111328,244.16708679199218,4.2052154541015625,0.005575094776596675,67.38956435248974,1
2018-01-31,247.48117065429688,248.7102310867637,246.41012653639544,248.20984609063984,108364800,249.01226196289062,248.17736053466797,244.74343185424806,2.0103912353515625,0.005495400523465973,68.99421451201006,0
2018-02-01,247.2002410888672,248.49954888800508,246.41013270475324,246.7525281863909,90102500,248.71026306152345,248.39156951904297,245.23110885620116,2.14208984375,0.005468220510842022,64.52130339717183,0
2018-02-02,241.8187561035156,246.01513768914108,241.78363242902748,245.8834306076889,173174800,246.7560546875,247.95613708496094,245.39967346191406,-4.354324340820369,0.007594909034902988,44.66074572592888,0
2018-02-05,231.70526123046875,242.1698916316703,231.1609648845585,240.0629267994485,294681800,243.11275634765624,246.30919342041017,244.98310775756835,-16.469436645507812,0.012039205894442257,30.652741245035884,1
2018-02-06,236.27035522460935,236.7707670349998,227.1138210969117,228.2024137021041,355026800,240.89515686035156,245.06608123779296,244.7728530883789,-12.431121826171903,0.012943892671694233,35.548792559063415,0
2018-02-07,234.9885711669922,239.105916203444,234.9095362319154,235.7172196853932,167376100,238.39663696289062,243.70444946289064,244.4712921142578,-13.616317749023409,0.012962250731206059,34.60397079065861,0
2018-02-08,226.1744384765625,235.4275552292879,226.1393148107997,235.2870873577438,246449500,234.19147644042968,241.45086975097655,243.74745864868163,-22.535797119140625,0.015298655746182194,25.249865450528233,1
2018-02-09,229.57192993164065,231.4242947855056,222.039510890829,228.95738632420708,283565300,231.7421112060547,239.24908294677735,243.10570907592773,-22.01786804199216,0.0156650268138441,27.746262145403563,1
2018-02-12,232.943115234375,234.40922715006332,229.7124339583997,231.61747121653497,143736000,231.98968200683595,237.55121917724608,242.5535095214844,-16.9786376953125,0.01601760501060555,32.350041837342985,1
2018-02-13,233.5225067138672,234.06680300678445,231.16094237859048,231.7403623395533,81223600,231.4401123046875,236.16763458251953,242.07197799682618,-13.835845947265625,0.01604816968989888,33.28790835561469,1
2018-02-14,236.67417907714844,237.0341229974219,232.03005857309503,232.03884618797036,120735700,231.77723388671876,235.0869354248047,241.63214797973632,-10.806991577148438,0.01622029786753309,37.5068144360561,1
2018-02-15,239.6941680908203,239.7029557055696,235.9542878527676,238.4124355383196,111200300,234.4811798095703,234.336328125,241.36394882202148,-7.506072998046875,0.01653930087039587,37.68846506621386,1
2018-02-16,239.76438903808597,241.7045764953573,239.0269527686309,239.07086405094287,160420100,236.51967163085936,234.13089141845703,241.04351425170898,-2.0543670654296307,0.016491797240944905,39.12792526529626,0
2018-02-20,238.26318359375,240.25604318291383,237.4730752082904,238.8162675010244,86369700,237.58368530273438,234.78668365478515,240.54793853759764,6.55792236328125,0.01637741550567787,40.03834510392986,0
2018-02-21,237.07791137695312,241.17773392683745,236.9813548185041,238.70203877144257,98883700,238.29476623535157,234.86743927001953,239.96676025390624,0.8075561523437784,0.016362400417511937,38.86478957707668,1
2018-02-22,237.3853302001953,239.7117713627135,236.71814111434065,237.9998739600369,110511300,238.43699645996094,235.10711517333985,239.40578231811523,2.396759033203125,0.016376884957842796,39.5004867551031,1
2018-02-23,241.1690368652344,241.1690368652344,238.1314960667972,238.6055718002206,92766400,238.73197021484376,236.60657501220703,239.0287223815918,14.994598388671903,0.016866728128261056,49.28036154311584,1
2018-02-26,243.96954345703125,244.06612683938732,241.65189057007407,242.2400713124447,86491400,239.5730010986328,238.04633636474608,238.64770965576173,14.397613525390597,0.0168681163169217,66.21012872877412,0
2018-02-27,240.92320251464844,244.86500992560363,240.8617428010588,244.15388299543363,99099200,240.1050048828125,238.84434509277344,238.19778213500976,7.9800872802734375,0.01701389622327602,56.40705940790032,0
2018-02-28,238.482666015625,242.46835850910344,238.1666333695874,242.0206188023741,121907800,240.38595581054688,239.34036102294922,237.75399780273438,4.9601593017578125,0.01701055821826711,54.662638821977595,0
2018-03-01,235.01495361328125,239.8170904251165,233.52250582934732,238.2719705350681,176855100,239.91188049316406,239.1744384765625,237.13068695068358,-1.6592254638671875,0.017239781399138555,63.76056317957047,1
2018-03-02,236.2263946533203,236.78826606877436,232.48654186128144,233.3468706278778,139083200,238.92335205078126,238.8276611328125,236.58199462890624,-3.4677734375,0.017321976105919103,61.11426277762905,1
2018-03-05,238.95669555664065,239.5712390826377,234.93588017192567,235.04125115839997,97307400,237.92078247070313,238.74689178466798,236.4388916015625,-0.8076934814453125,0.016931196477323898,60.2635833501743,1
2018-03-06,239.5624847412109,240.0102244235225,238.0700369945111,239.93118947481383,79213200,237.6486389160156,238.87682189941407,236.8317527770996,1.299301147460909,0.013852830600235466,60.29935670000942,0
2018-03-07,239.4746856689453,239.82584195994448,237.20970481921924,237.40284479799493,87063500,237.8470428466797,239.1164993286133,236.9919692993164,2.3967742919921875,0.01319610929287383,55.33262438548167,1
2018-03-08,240.63352966308597,240.75642231086204,239.15865714072376,240.15066631212255,66901200,238.97075805664062,239.44131927490236,237.2742172241211,3.2481994628906534,0.013142500767980484,51.92515047958337,1
2018-03-09,244.8210906982422,244.8210906982422,241.72209056756208,242.0381499475418,113625300,240.689697265625,239.80652465820313,238.20654983520507,3.652053833007784,0.009966850837814619,58.8669154641514,0
2018-03-12,244.51382446289065,245.73412394284,244.1275445405689,245.11081957380023,71924800,241.801123046875,239.86095275878907,238.9536445617676,0.5442810058594034,0.009681345167175386,61.43947196164604,0
2018-03-13,242.93359375,246.1730616239616,242.32783785216952,245.67264991853585,91968900,242.4753448486328,240.0619918823242,239.45316848754882,2.0103912353515625,0.009514652984609503,60.56393005791806,0
2018-03-14,241.68702697753903,244.0749275861704,241.1339698102425,243.89057519707148,105895100,242.91781311035157,240.38242797851564,239.86139450073242,3.204360961914034,0.009651742285702645,57.50611851059792,0
2018-03-15,241.42369079589844,242.83710390754044,240.92327889773995,242.19625089308755,83433000,243.07584533691406,241.02330169677734,240.09887008666993,6.4087371826171875,0.009261760212924708,50.50658785804,1
2018-03-16,241.6854705810547,242.73436294881552,241.63258751199237,241.9498859263665,100343700,242.44872131347657,241.56920928955077,240.19843521118165,5.459075927734375,0.008842250699222745,44.945736109544775,0
2018-03-19,238.41539001464844,241.86174692882767,236.76713820760952,240.93626628921376,109208400,241.22903442382812,241.51507873535155,240.13098526000977,-0.5413055419922159,0.009379191533112353,44.505049208215134,1
2018-03-20,238.82083129882807,239.4554549648832,238.14212048028443,238.81200848856804,59757300,240.40648193359374,241.44091339111327,240.15886764526368,-0.7416534423828409,0.009278619671013935,50.81351726365698,0
2018-03-21,238.3624420166016,240.86567198647185,238.15090979060935,238.77671055837496,78709600,239.74156494140624,241.3296890258789,240.22309417724608,-1.1122436523437216,0.009214603271629868,59.41637457925267,0
2018-03-22,232.4040985107422,236.98746785600505,232.1308334753327,236.14131191360167,148785900,237.937646484375,240.50674591064453,239.97403259277343,-8.229431152343778,0.010804964358756377,41.51420340599892,0
2018-03-23,227.45042419433597,233.1708583849629,227.2565107150129,232.84473728310243,183534800,235.09063720703125,238.7696792602539,239.28810195922853,-17.37066650390622,0.01094064362274617,26.750406210785414,1
2018-03-26,233.67330932617188,233.955370261597,228.6492300456166,231.0466941991077,141956100,234.14222106933593,237.68562774658204,238.77329025268554,-10.840515136718778,0.012493862915018406,40.30179659737553,0
2018-03-27,229.6981201171875,235.1364679392329,228.14681188586164,234.6076373138364,129941400,232.31767883300782,236.3620803833008,238.2120361328125,-13.2354736328125,0.012730973932551008,35.72746984849282,0
2018-03-28,229.01934814453125,231.49616310635523,227.91757313789228,229.83026638489125,146452300,230.44906005859374,235.0953125,237.7388702392578,-12.667678833007784,0.012599303683161653,32.80374891725192,1
2018-03-29,231.9457244873047,233.80553513065988,229.0282257239141,230.1564425245714,111601600,230.35738525390624,234.14751586914062,237.58540878295898,-9.47796630859375,0.012642895287490638,30.1968207894422,0
2018-04-02,226.93930053710935,231.92814298876075,224.47132084605792,231.41690411803933,186286300,230.25516052246093,232.6728988647461,237.12105407714844,-14.746170043945341,0.013395805416065417,26.38308255721904,1
2018-04-03,229.84796142578125,230.32393591836865,226.38398611035797,228.1732682393446,119956900,229.4900909423828,231.81615600585937,236.66561737060547,-8.567428588867188,0.013465239590485348,33.021512656949696,1
2018-04-04,232.3071136474609,233.01223907187764,226.1724363788412,226.30464403356797,123715300,230.0118896484375,231.16478424072267,236.30284881591797,-6.513717651367159,0.013726541875935404,38.20092300912332,1
2018-04-05,234.1405334472656,235.02195386789444,232.9770520363197,234.0611819384505,82652600,231.03612670898437,230.74259338378906,236.036141204834,-4.221908569335994,0.01388407518201925,41.186584953773306,0
2018-04-06,228.9224548339844,233.67329571244264,227.40641101791255,232.1837203251605,179521200,230.4314727783203,230.3944290161133,235.4505874633789,-3.481643676757784,0.014587219894197454,36.2095657590289,1
2018-04-09,230.05064392089844,233.4352938449813,229.11634077565296,230.37676505100023,105442900,231.05374145507812,230.65445098876953,234.71206512451172,2.6002197265624716,0.013949138017389496,40.52325139162599,1
2018-04-10,233.7085876464844,234.49306462652996,231.79592065488103,232.93293347707709,103529000,231.82586669921875,230.6579788208008,234.17180328369142,0.03527832031252842,0.014576371736057638,44.60568753831973,0
2018-04-11,232.48345947265625,234.14053417238085,232.15733821982425,232.2278400182136,91140200,231.86113586425782,230.93651275634767,233.64929656982423,2.78533935546875,0.014559937190000802,43.89542114994903,1
2018-04-12,234.39605712890625,235.3391831575739,233.6292258920898,233.80552068394104,68890500,231.91224060058593,231.47418365478515,233.28474807739258,5.376708984375,0.014718849681524121,52.258124109386316,0
2018-04-13,233.7085876464844,235.8151950792524,232.703782489798,235.7006061362064,85079200,232.86946716308594,231.6504699707031,232.89899291992188,1.762863159179716,0.01472239504668918,57.85406436604286,1
2018-04-16,235.6300506591797,236.39690882957495,234.51947949635,235.33919382812687,63405300,233.9853485107422,232.51954498291016,232.59622192382812,8.690750122070341,0.0148745465373051,52.752959866041245,1
2018-04-17,238.1509552001953,238.75031455399508,236.8817078046116,237.3929197478377,64682000,234.8738220214844,233.34984436035157,232.58300018310547,8.302993774414062,0.014800716135175728,62.399793711698685,1
2018-04-18,238.3272399902344,239.1293087659003,237.8688842340687,238.59165531201305,57303900,236.042578125,233.9518569946289,232.55832061767578,6.020126342773494,0.014796632939027212,63.858415620246184,0
2018-04-19,237.00506591796875,237.87766321788325,235.97379255540952,237.6749269093304,77655900,236.5643798828125,234.23831024169922,232.49045181274414,2.8645324707031534,0.014843584433277643,57.910686771932845,0
2018-04-20,234.9954833984375,237.15497416981347,234.11406298543773,236.93461906656356,99953100,236.82175903320314,234.84561309814453,232.6200210571289,6.073028564453097,0.013813942310977729,63.89905344173813,0
2018-04-23,234.96014404296875,236.12362493922348,233.8848105295463,235.56832601606533,65558000,236.68777770996093,235.33656311035156,232.99550704956056,4.9095001220703125,0.0128178686445767,59.790554741215075,0
2018-04-24,231.79583740234372,236.20293732855055,230.2974126679121,235.98258233224024,112885500,235.41675415039063,235.1452880859375,232.90163345336913,-1.9127502441406818,0.011721011913557287,49.046584669211235,1
2018-04-25,232.36883544921875,232.8095455943946,229.91848811799363,231.73421176421303,103840900,234.2250732421875,235.13382568359376,233.0351692199707,-0.1146240234375,0.011052868343317339,46.53321437997959,1
2018-04-26,234.7310028076172,235.5595399175105,232.9505437516809,233.3912538357174,67731900,233.7702606201172,235.16732025146484,233.320751953125,0.3349456787109375,0.011216647299876382,62.79610418161112,1
2018-04-27,234.9513702392578,235.6388769306565,234.0170669637368,235.3391972855658,57053600,233.76143798828124,235.29159851074218,233.47103424072264,1.242782592773409,0.010886141078082447,61.2460135047123,0
2018-04-30,233.14450073242188,236.12370575976556,233.0739720424936,235.5684066465393,82182300,233.39830932617187,235.0430435180664,233.7812942504883,-2.4855499267578125,0.009775877943716337,48.58537279758519,1
2018-05-01,233.5586700439453,233.6644361350469,231.02897217068767,232.5802799036508,74203400,233.7508758544922,234.5838150024414,233.9668296813965,-4.59228515625,0.009401522360303265,52.81075910639679,0
2018-05-02,231.98980712890625,234.17571200711808,231.60198008945383,233.36482048739748,86368900,233.6750701904297,233.9500717163086,233.95096435546876,-6.337432861328153,0.009245880678322547,43.59459283811011,0
2018-05-03,231.47853088378903,232.13077311783923,228.3318548270563,231.1612325749448,136311500,233.02457580566406,233.3974182128906,233.81786422729493,-5.526535034179716,0.009064551158723885,44.00740356220564,1
2018-05-04,234.4754180908203,235.15412893581123,230.1829055415317,230.50902674812136,91222100,232.92938537597655,233.3454116821289,234.09551239013672,-0.5200653076171875,0.00797216362636186,47.06680869406123,1
2018-05-07,235.2687225341797,236.23826336253111,234.55474733145712,235.2422810006576,55304900,233.35422973632814,233.37626953125,234.35641632080078,0.3085784912109375,0.007941862374998901,41.973549128389294,0
2018-05-08,235.2687225341797,235.63008119271015,233.7085913599376,234.89851416605737,67499200,233.696240234375,233.7235580444336,234.43442306518554,3.472885131835966,0.007143469894092928,41.398174778713575,1
2018-05-09,237.54270935058597,237.86883047334368,235.41848374968689,235.93851836419324,59666100,234.80682067871095,234.2409454345703,234.68738555908203,5.173873901367216,0.007304438408870643,51.435237723595314,1
2018-05-10,239.76388549804688,240.09003352947272,238.1773400803513,238.2831061883568,72063900,236.4638916015625,234.74423370361328,234.95577697753907,5.0328826904296875,0.007366191637646249,62.5870413512877,1
2018-05-11,240.49554443359372,240.75995977528183,239.3761233898816,239.8873622488972,59871500,237.66791687011718,235.29865112304688,235.29512481689454,5.544174194335909,0.007312598070579376,64.0935727949848,1
2018-05-14,240.61004638671875,241.579586888239,240.0635433801328,240.92734468202264,54790600,238.736181640625,236.04520568847656,235.54412460327148,7.465545654296875,0.007138559875080941,76.56766556958434,0
2018-05-15,238.95306396484372,239.4025700553481,238.00993772791824,239.3849513317959,87036100,239.47304992675782,236.58464508056642,235.5842300415039,5.394393920898409,0.0069712730378712635,68.62876306159895,1
2018-05-16,239.95785522460935,240.41621099844787,238.9618459761533,238.9883144081637,53942600,239.9560791015625,237.3814498901367,235.66576080322267,7.968048095703097,0.0070284495042789875,66.01871102843299,0
2018-05-17,239.75506591796875,240.83039940787123,238.9794120040976,239.69336006145537,56536400,239.95431518554688,238.2091033935547,235.80326080322266,8.276535034179716,0.006897697619346554,64.73774339759015,0
2018-05-18,239.15570068359372,239.7727055048248,238.8031380280931,239.41132004082448,64368000,239.68634643554682,238.67713165283203,236.01127166748046,4.680282592773409,0.006606949354590325,69.91815330228249,1
2018-05-21,240.9538116455078,241.49149190105555,240.24868631563004,240.63651331670496,58025900,239.75509948730465,239.24564056396486,236.31095504760742,5.685089111328125,0.006763555008849095,72.44530482947688,0
2018-05-22,240.28392028808597,241.7294621619401,239.95779915524992,241.4738428015524,52966400,240.02127075195312,239.74716033935547,236.73535919189453,5.015197753906278,0.005904561498249277,76.62684125187977,1
2018-05-23,240.945068359375,240.97153679431813,238.85610630888425,239.01478242446296,64694200,240.21871337890624,240.08739624023437,237.16417083740234,3.402359008789034,0.00590652567493988,80.10105509123005,0
2018-05-24,240.45147705078125,240.8216854584024,238.6710175064342,240.54844728325048,76043800,240.35799560546874,240.15615539550782,237.45019454956054,0.687591552734375,0.005624025926706125,72.60012164284782,0
2018-05-25,239.87847900390625,240.5042797541157,239.37606308246157,239.87847900390625,56374800,240.50255126953124,240.09444885253907,237.69654998779296,-0.6170654296874716,0.005681512190488083,67.72848000018779,0
2018-05-29,237.11965942382807,239.0147344280484,236.0090882306861,238.25669904659816,115908600,239.7357208251953,239.74541015625,237.8953079223633,-3.490386962890682,0.006042583899549648,55.8723319794544,1
2018-05-30,240.28392028808597,240.7246303376064,238.3536350180888,238.4241367905371,69678400,239.7357208251953,239.8784957885742,238.2315704345703,1.3308563232422443,0.006657041185325572,58.231822430762975,0
2018-05-31,238.8120880126953,240.1782791173592,238.2127284892828,239.8785993556529,93519900,239.3091247558594,239.7639190673828,238.57268447875975,-1.145767211914034,0.006620079393123834,47.00706573736341,1
2018-06-01,241.1566162109375,241.45629590589624,240.03719513694023,240.1077238291745,71258400,239.4501525878906,239.9040740966797,239.05658874511718,1.40155029296875,0.0068118188719466415,51.88730862924001,1
2018-06-04,242.30247497558597,242.558094436331,241.73837987811308,241.97635371471327,45385200,239.93495178222656,240.2187515258789,239.44794158935548,3.1467742919922443,0.00635436020268271,54.563040013559764,1
2018-06-05,242.47872924804688,242.8577335202975,241.66781073878215,242.43464209387943,51135000,241.00676574707032,240.37124328613282,239.80844192504884,1.5249176025390625,0.006344244955583625,60.33056668830622,1
2018-06-06,244.50601196289065,244.61177810638048,242.46993300426405,243.08693803970908,62732200,241.85118408203124,240.79345245361327,240.2703063964844,4.2220916748046875,0.006511405450257046,62.573186246553746,0
2018-06-07,244.4795379638672,245.28163364391335,243.5716761543753,244.99077678793768,72969400,242.98467407226562,241.1468994140625,240.61714782714844,3.5344696044921875,0.006263734605893204,63.18917477510618,1
2018-06-08,245.2022399902344,245.2551230400637,243.85366842197703,244.0211403793715,72139700,243.793798828125,241.62197570800782,240.88906555175782,4.750762939453153,0.005997236169976481,66.76450679437491,1
2018-06-11,245.52842712402344,246.2423753875173,245.30807205754232,245.4226609959224,58892500,244.4389892578125,242.18697052001954,241.1407096862793,5.6499481201171875,0.00598067462900533,63.810719774165236,1
2018-06-12,245.845703125,246.20706169063683,245.2022567762879,245.9426464233888,72329000,245.1123840332031,243.05957489013673,241.40249252319336,8.726043701171932,0.005979314900728857,67.15623932138837,0
2018-06-13,245.0612335205078,246.3393034469007,244.85849721046816,246.08368408186067,79070600,245.22342834472656,243.5373062133789,241.70790100097656,4.777313232421847,0.005773262247652903,62.60112166925594,1
2018-06-14,245.6783142089844,246.20714492225449,245.0877507140788,245.9251108414489,77097600,245.46318359375,244.22392883300782,241.99392395019532,6.866226196289091,0.005740489150348805,65.88122715496681,0
2018-06-15,245.36492919921875,245.70137732653745,243.7889566709407,244.8956797110125,120041600,245.49572143554687,244.64476013183594,242.2744171142578,4.20831298828125,0.005749338779566583,66.93724044889592,0
2018-06-18,244.86016845703125,244.98413436209893,243.43472266632747,243.91280739262805,52917600,245.36206970214843,244.90052947998046,242.55964050292968,2.557693481445284,0.005735289045829986,77.75897807438966,0
2018-06-19,243.92166137695312,244.1430058972589,242.1774654761599,242.59359425511852,97531500,244.97726135253907,245.0448226928711,242.70803298950196,1.44293212890625,0.005637394584630419,65.52387873294415,1
2018-06-20,244.33778381347656,245.0018173571571,244.00133582821,244.60338642311115,53785500,244.83257141113282,245.0279998779297,242.91072616577148,-0.16822814941409092,0.005583670412941464,75.91573728444794,0
2018-06-21,242.80604553222656,244.3466215713545,242.3102360312357,244.3288967194389,71061400,244.25811767578125,244.86065063476562,243.00377502441407,-1.673492431640625,0.005782892302991567,58.374354087743264,1
2018-06-22,243.24871826171875,244.17838127864604,243.0273737842965,244.0632778272521,54898500,243.83487548828126,244.66529846191406,243.14363708496094,-1.9535217285156534,0.005761352719796273,55.17360479609405,0
2018-06-25,239.9373779296875,242.25706338580025,238.2551655547618,242.09770187039987,137854200,242.8503173828125,244.10619354248047,243.14658203125,-5.5910491943359375,0.006558825134878505,39.65247731683869,1
2018-06-26,240.46871948242188,241.3186749711148,239.7515653170251,240.5041421751668,68547400,242.15972900390625,243.56849517822266,243.31403503417968,-5.376983642578125,0.005981003282939789,31.281199415912994,0
2018-06-27,238.4765625,242.4784612120571,238.3260363559265,241.0530156445214,105110700,240.98748474121095,242.91002807617187,243.2236671447754,-6.5846710205078125,0.005515147546973432,26.458440795292404,1
2018-06-28,239.8401031494141,240.6015153989332,237.7151739460364,238.423492687028,76650500,240.39429626464843,242.32620697021486,243.27506790161132,-5.8382110595703125,0.00549964739922576,29.977950351256112,1
2018-06-29,240.1853179931641,242.29252173902023,240.07021454189783,240.92903219412693,97592500,239.7816162109375,241.80824584960936,243.22650299072265,-5.179611206054659,0.005029891139462478,30.077308912486643,1
2018-07-02,240.6988677978516,240.858256384454,238.379181590529,238.6182509606356,63554800,239.9339141845703,241.3921157836914,243.14632263183594,-4.161300659179659,0.004927676912771751,31.085989850562356,0
2018-07-03,239.84890747070312,241.69050893899276,239.42394330078528,241.59310330365744,42187100,239.80995178222656,240.9848403930664,243.01483154296875,-4.07275390625,0.004971830119736,30.9370769235922,1
2018-07-05,241.80560302734372,241.86758597984277,239.90204549181357,240.9733724606823,56925900,240.47575988769532,240.73162231445312,242.87981109619142,-2.532180786132841,0.004952922945600832,37.10041066926878,1
2018-07-06,243.8508758544922,244.2227195677029,241.4514814771822,241.8322146382673,66493700,241.27791442871094,240.8361053466797,242.84837799072267,1.044830322265625,0.005347260913742448,45.47851422769971,1
2018-07-09,246.04656982421875,246.09969034891844,244.8070458819004,244.85130397928492,50550400,242.45016479492188,241.1158905029297,242.89059448242188,2.7978515625,0.00569012204716177,53.21800413549455,1
2018-07-10,246.9319000244141,247.0293056471973,246.2058836349034,246.4980734836629,51966800,243.69677124023437,241.81534271240236,242.9607681274414,6.994522094726591,0.005736508777272199,58.18861640404688,0
2018-07-11,245.1257781982422,246.1705449354682,244.82475287382,245.3825454236245,77054700,244.75214538574218,242.2810485839844,242.9247718811035,4.6570587158203125,0.005976021336887814,51.99284086909811,1
2018-07-12,247.3481292724609,247.40124980844712,245.78101942166649,246.38307017591052,60124700,245.86065063476562,243.16820526123047,243.03911666870118,8.871566772460909,0.006266969903184238,61.0992372560307,1
2018-07-13,247.54290771484372,247.84393308483635,246.71951240695805,247.1710639717473,48216000,246.59905700683595,243.93848571777343,243.13234634399413,7.702804565429631,0.0062493180407992704,60.622162569392856,0
2018-07-16,247.32150268554688,247.72876902543337,246.87881365796775,247.58713231385076,48201000,246.85404357910156,244.65210418701173,243.23017501831055,7.136184692382784,0.0062445289529090495,71.56148636606659,1
2018-07-17,248.32205200195312,248.71162061414097,246.49817487198345,246.5512954082271,52315500,247.13207397460937,245.41442260742187,243.40326919555665,7.623184204101534,0.00626639535755562,72.31996183702668,1
2018-07-18,248.8443145751953,248.95055560183823,247.95893666038435,248.40162561778985,44593500,247.87578125,246.3139633178711,243.64940185546874,8.995407104492188,0.006179333431087447,82.1526018366127,0
2018-07-19,247.9058380126953,248.5610090811737,247.4277263310422,248.1803030289277,61412100,247.98732299804686,246.92398681640626,243.8278045654297,6.100234985351591,0.0062679639765637,75.6908789399296,0
2018-07-20,247.6225128173828,248.3308314298879,247.4631512619163,247.70219359511609,82337700,248.00324401855468,247.3011505126953,244.0686279296875,3.771636962890625,0.006067719085015944,73.78262643138603,1
2018-07-23,248.0829620361328,248.2865817128365,247.07361800177213,247.418928440768,47047600,248.15553588867186,247.50478973388672,244.3103401184082,2.0363922119140625,0.006067983852490306,73.69328630489223,1
2018-07-24,249.33128356933597,250.17240347028664,248.4636304289784,249.4906721429212,68026900,248.35738220214844,247.7447280883789,244.78003540039063,2.399383544921875,0.005051581213732714,79.66759378344808,1
2018-07-25,251.4561920166016,251.7749150987928,249.0391005649585,249.08335865317733,78882900,248.8797576904297,248.37776947021484,245.32940902709962,6.330413818359403,0.005262518402080274,79.87937907530264,0
2018-07-26,250.86302185058597,251.5447532448757,250.6416773306691,250.73908296962176,57919500,249.4711944580078,248.72925872802733,245.9487319946289,3.514892578125057,0.004783218777458108,73.85547222153014,0
2018-07-27,249.1631622314453,251.2880646550527,248.24236127402867,251.19065899609888,76768700,249.77932434082032,248.8912841796875,246.41488494873047,1.620254516601591,0.0051490263124559475,60.9729052527299,0
2018-07-30,247.861572265625,249.40212127942564,247.33917548870585,249.2427597303272,63742500,249.73504638671875,248.9452911376953,246.7986976623535,0.540069580078125,0.005391690217434863,53.17998240041243,1
2018-07-31,249.08335876464844,249.6942716920449,248.24226595098523,248.6229719725251,68570500,249.68546142578126,249.02142181396485,247.21792221069336,0.7613067626953125,0.0054425625844994755,64.10074351786814,0
2018-08-01,248.66722106933597,249.7916682815097,248.020912502554,249.286996399806,53853300,249.12766723632814,249.00371246337892,247.658837890625,-0.17709350585934658,0.005363268899717463,55.39416705145347,1
2018-08-02,250.02198791503903,250.1901849318588,247.16220631548583,247.3658530489429,63426400,248.95946044921874,249.21532745361327,248.06965713500978,2.1161499023437216,0.005227241247179918,59.259276145491306,1
2018-08-03,251.0933380126953,251.146458559013,249.96889006988928,250.14597657068583,53935400,249.34549560546876,249.56240997314453,248.43178024291993,3.4708251953125,0.00502189425894103,63.24663757873516,1
2018-08-06,252.01397705078125,252.3238376984197,250.7390307201684,251.1285991556106,39400900,250.1759765625,249.95551147460938,248.73015060424805,3.9310150146484375,0.004734381086290451,63.039181026863666,1
2018-08-07,252.8463134765625,253.2270466660811,252.545288108283,252.67811646394784,43196600,250.9285675048828,250.30701446533203,249.02587127685547,3.515029907226534,0.004726989917338563,63.83136258499742,0
2018-08-08,252.73997497558597,253.1384058497832,252.27958818150975,252.67801905570704,42114600,251.7431182861328,250.43539276123047,249.40658111572264,1.283782958984375,0.004306506350846694,67.72696853786236,0
2018-08-09,252.39476013183597,253.1915950768919,252.2619588109262,252.80202652249167,35717000,252.2176727294922,250.58856658935548,249.6589126586914,1.53173828125,0.00396512576310108,67.42094251803078,0
2018-08-10,250.7036895751953,251.5005245360856,249.99537081693893,250.9604568137881,77076000,252.13974304199218,250.74261932373048,249.81695175170898,1.54052734375,0.004325157711939843,58.77819210702779,0
2018-08-13,249.76519775390625,251.58907469989236,249.47300781443937,250.97816157511463,65732900,251.6899871826172,250.9329818725586,249.93913650512695,1.90362548828125,0.004424256092752797,51.484212141551474,1
2018-08-14,251.35890197753903,251.5979714187037,250.10167988244493,250.4912485084296,43842000,251.3925048828125,251.16053619384766,250.09097900390626,2.2755432128905966,0.004551705302252776,49.654668154294235,0
2018-08-15,249.4818878173828,250.1547839487945,248.0475793432479,250.01312018325515,102925400,250.7408874511719,251.24200286865235,250.12285766601562,0.8146667480468466,0.004878672891115545,45.50713386570927,1
2018-08-16,251.50050354003903,252.3681838141173,250.88072805575527,250.9161507456104,69967900,250.5620361328125,251.38985443115234,250.3025909423828,1.478515625,0.005094541233689114,57.44895438427227,1
2018-08-17,252.3859405517578,252.82862970967776,250.88964903642025,251.29691549621805,65618500,250.898486328125,251.51911468505858,250.54076232910157,1.2926025390625,0.005110890825514943,64.81174913205295,1
2018-08-20,252.9260406494141,253.1916433418644,252.38594581529497,252.8374974120631,39807500,251.53065490722656,251.61032104492188,250.7829162597656,0.9120635986328409,0.005113856941730864,63.16779084967337,1
2018-08-21,253.5191802978516,254.37799819792025,252.96138773126304,253.43949950542424,67272000,251.96271057128905,251.67760772705077,250.9923110961914,0.6728668212890909,0.0050365078816114245,66.42702898176377,0
2018-08-22,253.36866760253903,253.89103744915988,252.8462707363224,253.11190038315056,44993300,252.7400665283203,251.7404769897461,251.0879348754883,0.6286926269530682,0.004706870819416467,62.336657187083716,0
2018-08-23,253.0321350097656,254.05031409992057,252.7133849440448,253.19149653283264,49204900,253.04639282226563,251.80421447753906,251.19639053344727,0.6373748779296307,0.004680765306539498,57.556219232109456,1
2018-08-24,254.55503845214844,254.6967021750704,253.55455698498164,253.60767750362837,57487400,253.48021240234374,252.18934936523436,251.46598434448242,3.851348876953125,0.004513845482926149,59.45939805121548,1
2018-08-27,256.5648498535156,256.67109089621715,255.59092859609515,255.75029016014744,57072400,254.20797424316407,252.86931457519532,251.90114822387696,6.799652099609375,0.004502677502284047,62.72696697750588,1
2018-08-28,256.68878173828125,257.1314707039436,256.22836792145466,257.0252026557289,46943500,254.84189453125,253.40230255126954,252.2814193725586,5.329879760742216,0.00444615834689303,63.49882793061665,1
2018-08-29,258.0700378417969,258.3002177918885,256.6622897986318,256.9013321766645,61485500,255.78216857910155,254.26111755371093,252.75156021118164,8.588150024414062,0.004459872076166736,68.11738218477291,0
2018-08-30,257.02520751953125,257.9637059829279,256.432019425289,257.59186237570543,61229500,256.5807830810547,254.81358795166017,253.10172119140626,5.524703979492216,0.0045628855310024695,71.0488798474149,1
2018-08-31,257.0340576171875,257.4767465699944,256.1309818805136,256.61792892076545,66140800,257.0765869140625,255.2783996582031,253.39875717163085,4.6481170654296875,0.00451983635672414,75.80054637113798,0
2018-09-04,256.59130859375,256.9454542691686,255.5908274714949,256.6178688439168,57594400,257.0818786621094,255.64492645263672,253.62762374877929,3.665267944335909,0.004524405935761256,70.22469988310272,0
2018-09-05,255.9008331298828,256.4409278252253,254.8915161383116,256.23728113360505,72452400,256.9242889404297,255.88309173583986,253.7803497314453,2.3816528320312216,0.004555977404089913,77.31664744568748,0
2018-09-06,255.13052368164065,256.3080645143704,254.10348197555564,256.007039241489,65909900,256.3363861083984,256.05927734375,253.89987716674804,1.7618560791016193,0.004623124548767139,67.28442870573679,0
2018-09-07,254.6346893310547,255.60861042454084,253.84669003100112,254.08575935643225,73524800,255.85828247070313,256.2195327758789,254.011873626709,1.602554321289091,0.00463705089648395,61.120048290952866,1
2018-09-10,255.07742309570312,255.90968062912165,254.882638842784,255.6440510008171,50210900,255.46695556640626,256.2717712402344,254.23056030273438,0.5223846435546875,0.004325466816025096,60.74201280267672,1
2018-09-11,255.91851806640625,256.3612070974981,254.08580601257725,254.43108940664,50530500,255.3323974609375,256.20713806152344,254.53822631835936,-0.646331787109375,0.004214991401098296,61.690599076011004,1
2018-09-12,255.9805450439453,256.58259574508,255.1925724832599,255.92742451264516,59810800,255.34833984375,256.13631439208984,254.7693084716797,-0.7082366943359375,0.004039730997872534,62.836873050156086,1
2018-09-13,257.4945068359375,257.680455695308,256.75965488471724,257.0429823679138,51034200,255.82113647460938,256.0787612915039,255.16993942260743,-0.575531005859375,0.003668733547886525,69.6566937855903,1
2018-09-14,257.538818359375,257.88410181150124,256.75968121049704,257.698179952664,55079900,256.40196228027344,256.13012237548827,255.47185516357422,0.51361083984375,0.0033428110435847164,65.11206631395261,0
2018-09-17,256.1753234863281,257.5210886145558,255.90085840767375,257.4856929408959,68244000,256.6215423583984,256.0442489624023,255.66132431030275,-0.858734130859375,0.003591532386961023,47.888942916778305,1
2018-09-18,257.5653076171875,258.15849572409456,256.36117953190404,256.38773979012984,61930400,256.9509002685547,256.1416488647461,255.8932876586914,0.9739990234375,0.0037308471027654604,54.177150020797036,1
2018-09-19,257.8398132324219,258.2559420232231,257.4945028015122,257.6184687058169,49080600,257.32275390625,256.335546875,256.10931930541994,1.9389801025390625,0.0037159894122185478,48.77346496148381,1
2018-09-20,259.9293212890625,260.2480714927518,257.8575395336768,259.0970906351815,100360600,257.809716796875,256.8154266357422,256.4373519897461,4.798797607421847,0.0040333026462704355,63.92213948180767,0
2018-09-21,259.6918640136719,260.78581879458903,259.5317810140974,260.6701942475922,105479700,258.2403259277344,257.3211441040039,256.7703384399414,5.0571746826171875,0.004020196724847119,62.468074993700895,0
2018-09-24,258.8291320800781,259.2560471775644,258.25103654562844,259.1137421450689,53409600,258.7710876464844,257.6963150024414,256.9840431213379,3.751708984375,0.003986513735330496,60.09991240103797,0
2018-09-25,258.5890197753906,259.3894618716786,258.3488952890775,259.2827398777616,44370000,258.975830078125,257.96336517333987,257.08525161743165,2.670501708984375,0.0036376325253736036,62.646639512663654,0
2018-09-26,257.815185546875,259.914123214366,257.3971730938539,258.7312519258059,79739700,258.9709045410156,258.14682922363284,257.14157180786134,1.8346405029296875,0.0037156028255405094,62.6258697499252,1
2018-09-27,258.53564453125,259.62069664612955,258.0109099954677,258.2866175118633,59249500,258.6921691894531,258.2509429931641,257.164852142334,1.0411376953125,0.0035688254480520155,67.9664583195708,1
2018-09-28,258.56231689453125,259.060370917637,257.877499398238,257.9130552985251,70091400,258.466259765625,258.35329284667966,257.241707611084,1.02349853515625,0.003433216775739028,66.6898565636665,1
2018-10-01,259.4607238769531,260.5279713525623,258.793684026477,259.79866793531403,62078900,258.592578125,258.6818328857422,257.36304092407227,3.285400390625,0.0035044532228637078,66.87171675179734,0
2018-10-02,259.30938720703125,260.0208851700745,258.93586027610115,259.30938720703125,47258200,258.7366516113281,258.8562408447266,257.49894485473635,1.74407958984375,0.0034759838043114267,65.72169814720061,1
2018-10-03,259.4516906738281,260.77686715736866,259.0959416944376,260.35885464256023,64694600,259.06395263671874,259.0174285888672,257.6764877319336,1.61187744140625,0.003392329577388709,60.619417739376935,0
2018-10-04,257.42388916015625,259.02477312297555,255.840783146468,258.97141213367536,111545900,258.8416015625,258.7668853759766,257.79115600585936,-2.50543212890625,0.003812698230793263,49.48685945998975,0
2018-10-05,255.9830474853516,258.1620265805854,254.56002466570536,257.64619471868883,105951700,258.32574768066405,258.39600372314453,257.8585739135742,-3.708816528320284,0.004015766070770735,49.14740703752883,0
2018-10-08,255.9830474853516,256.3387964047874,253.91966575395972,255.2982029949872,87742200,257.6302124023438,258.11139526367185,257.90385513305665,-2.846084594726534,0.004001131059089596,41.997447085680186,0
2018-10-09,255.6094970703125,256.90799285836005,255.04917962192192,255.60062166798625,74339000,256.890234375,257.8134429931641,257.88840408325194,-2.979522705078125,0.003947387688530175,38.83168443926905,0
2018-10-10,247.51612854003903,255.1737565963628,247.1426015959697,255.1025905124106,214731000,254.50312194824218,256.78353729248045,257.46518325805664,-10.299057006835966,0.008092437304649234,11.181785127027112,0
2018-10-11,242.06427001953125,248.04982217091188,240.45445592041213,246.431132665706,274840500,251.4311981201172,255.1363998413086,256.6936714172363,-16.47137451171875,0.009070770012369311,8.431912422332545,1
2018-10-12,245.42605590820312,246.4399417449787,242.24203910959136,246.155331736026,183186500,249.3197998046875,253.8227737426758,256.08803329467776,-13.136260986328125,0.009814804097315033,21.7262494882049,0
2018-10-15,244.04751586914065,246.39550796513305,243.95857183970327,245.0703043529026,102263700,246.9326934814453,252.28145294189454,255.48164291381835,-15.413208007812472,0.009820144730935529,20.730556695356924,1
2018-10-16,249.38381958007807,249.75737362844944,245.53279028754292,246.0041637641152,118255800,245.68755798339845,251.2888961791992,255.07256851196288,-9.925567626953182,0.011110785140886951,35.662516800987916,1
2018-10-17,249.42828369140625,250.05083752922465,246.857945441356,249.4193811470977,110626000,246.0699890136719,250.28655548095702,254.6519920349121,-10.023406982421875,0.011101541554694712,34.148559384872925,0
2018-10-18,245.82623291015625,249.09029078132795,244.55441771356087,248.4943903450897,134557500,246.82238159179687,249.12678985595704,253.94683761596679,-11.59765625,0.011208659061236095,30.28629408630387,0
2018-10-19,245.6929626464844,248.40557997459337,244.99924242586505,246.47562692449912,139901600,246.87576293945312,248.0977813720703,253.24689254760742,-10.290084838867188,0.011212125900970052,28.172379090785924,0
2018-10-22,244.59005737304688,246.6800928007739,244.05642033413275,246.3599268625698,82415800,246.98427124023436,246.95848236083984,252.53493881225586,-11.392990112304716,0.011218530632068614,27.347240891188306,0
2018-10-23,243.3448944091797,244.4655294729058,238.89796433649784,240.97915149539128,146352700,245.7764862060547,245.73202209472657,251.77273254394532,-12.264602661132812,0.011221267072168773,26.02577630765495,0
2018-10-24,235.9719390869141,243.47836034056343,235.42052401836116,243.09590366941856,177806700,243.08521728515626,244.57760314941407,250.68057022094726,-11.544189453124943,0.01277704341958782,22.453041583930244,1
2018-10-25,240.20535278320312,241.7440002948675,236.78123848445856,237.8040269298721,138061500,241.96104125976564,244.39171142578124,249.76405563354493,-1.858917236328125,0.013641656050979615,31.09533335795426,0
2018-10-26,235.98077392578125,241.023604455914,233.27706004527508,236.50553554729737,201574600,240.018603515625,243.44718322753906,248.6349784851074,-9.445281982421875,0.013960000912500055,28.2367336232071,0
2018-10-29,234.67337036132807,240.35655977032127,231.10695105767996,239.06693924966632,160749100,238.03526611328124,242.5097686767578,247.39561080932617,-9.374145507812585,0.013835105699826494,27.674352459080325,1
2018-10-30,238.15087890625,238.462169433922,234.01523944405503,234.5044180280844,157116000,236.9964630126953,241.386474609375,246.33768539428712,-11.232940673828068,0.014501588031785929,38.92268524818699,1
2018-10-31,240.6945037841797,243.00691248842708,240.2409083023507,240.7122817306013,128296300,237.94097595214845,240.51309661865236,245.3998260498047,-8.733779907226562,0.014847099802329473,48.260126825898716,1
2018-11-01,243.2559967041016,243.4516627284058,240.4722139163721,241.55726602534853,99495000,238.5511047363281,240.25607299804688,244.69143142700196,-2.570236206054659,0.015144549841035394,47.18639469886749,0
2018-11-02,241.81521606445312,244.7857625817492,239.76961161135745,244.35884745387176,122634100,239.7179931640625,239.86829833984376,243.98303985595703,-3.8777465820312784,0.01514798519513006,47.11036000802719,1
2018-11-05,243.1492919921875,243.7007070611563,241.3349366508133,242.3043642949538,65622500,241.41317749023438,239.7242218017578,243.34135208129882,-1.440765380859375,0.015250262923549978,40.996730859575166,1
2018-11-06,244.68792724609372,244.8480102481948,243.02477939313587,243.08704294125727,60085900,242.72058715820313,239.85852508544923,242.7952735900879,1.343032836914034,0.015375977464527764,43.43765578660085,1
2018-11-07,249.92637634277344,250.0064178282418,246.43106862587547,246.85798369028103,102752100,244.56696166992188,241.25396881103515,242.9157859802246,13.954437255859347,0.014557419461222625,55.430041188022436,0
2018-11-08,249.4727020263672,250.11306084986484,248.3342893559157,249.1258285569356,65584900,245.810302734375,242.18070373535156,243.2862075805664,9.267349243164062,0.013573374444508311,54.96358897926905,0
2018-11-09,247.03587341308597,248.35214737217916,245.6306282803308,248.1653839048309,98812600,246.85443420410155,243.28621368408204,243.36669845581054,11.055099487304716,0.013476229094791055,53.10315133769911,0
2018-11-12,242.41995239257807,246.7690358880096,241.9040933048996,246.528911435274,99673600,246.70856628417968,244.06087188720704,243.28532028198242,7.74658203125,0.014086983287093185,48.91893848844349,0
2018-11-13,241.9664001464844,244.8746831622053,241.24599951743505,242.88246681934416,98176600,246.1642608642578,244.44242401123046,242.91444931030273,3.8155212402344034,0.01309125133985369,58.35815833849971,0
2018-11-14,240.3121337890625,244.23430258416516,238.75570812240252,243.8340951264555,125335900,244.2414123535156,244.40418701171876,242.45864181518556,-0.3823699951171875,0.013139866716930316,50.16042437496847,1
2018-11-15,242.8201446533203,243.282642722626,237.4749534984664,239.0491568741506,135101400,242.91090087890626,244.36060180664063,242.30833740234374,-0.4358520507812784,0.013055225272411828,60.834054838240235,1
2018-11-16,243.4516448974609,244.3588088662965,241.2103747574207,241.72623384821716,126668000,242.19405517578124,244.5242446899414,242.19627151489257,1.636428833007784,0.013074020216489625,64.20969847803954,0
2018-11-19,239.33383178710935,243.14040363645836,238.41776508702043,242.84689099106228,103061700,241.5768310546875,244.1426986694336,241.9334602355957,-3.8154602050781534,0.01356569595863146,51.87599818028704,0
2018-11-20,234.9045867919922,237.4660223874147,234.04188143022697,236.0074165626149,136021300,240.16446838378906,243.16436462402345,241.51144485473634,-9.783340454101534,0.014099899872226724,41.33615485360548,1
2018-11-21,235.705078125,237.5994747294918,235.6962027211134,236.4521591402249,75563700,239.24305725097656,241.7422348022461,241.49810180664062,-14.221298217773438,0.012411033426476778,38.072441209066355,0
2018-11-23,234.130859375,235.5272018784924,233.97077641256172,234.06859584230529,42807900,237.5052001953125,240.2080505371094,241.19437713623046,-15.341842651367188,0.011742647746208673,37.91261595297938,1
2018-11-26,237.91079711914065,238.1331436585043,235.989719762009,236.381051842642,79981400,236.39703063964845,239.29554290771483,241.29087829589844,-9.125076293945312,0.011689553894821377,42.34866260390186,1
2018-11-27,238.7112274169922,238.7112274169922,236.27431815159747,236.87909419467337,75502400,236.272509765625,238.92467041015624,241.49277114868164,-3.7087249755858807,0.01161785497633912,41.0780448137544,1
2018-11-28,244.2075653076172,244.2075653076172,238.64890350481716,239.77844095396424,127629600,238.13310546875,239.14878692626954,241.79560546875,2.241165161132784,0.01226173947510223,41.528246562139174,0
2018-11-29,243.67404174804688,245.07035745935585,242.2954768478021,243.43389010233471,82346400,239.72689819335938,239.48497772216797,241.94458236694337,3.361907958984375,0.012081391191310192,41.430233098309174,1
2018-11-30,245.1592712402344,245.71958882183424,243.2026381197173,243.52280408525465,98204200,241.93258056640624,239.71889038085936,242.03974609375,2.339126586914091,0.011925930569988152,47.1463277111453,1
2018-12-03,248.40550231933597,249.38383236101384,246.8135208998721,249.2771103822685,103176300,244.03152160644532,240.2142761230469,242.36926040649413,4.953857421875057,0.012154038844433746,59.497620201724935,0
2018-12-04,240.35659790039065,248.00532392800807,240.04530733134203,247.57840882114908,177986000,244.360595703125,240.316552734375,242.2296257019043,1.0227661132813068,0.014256326755168462,47.941752573297016,0
2018-12-06,239.99188232421875,240.1075068311893,233.41043224822184,236.5055048781223,204185400,243.5174591064453,240.82528228759764,241.99482345581055,5.0872955322265625,0.014166781822188994,49.57657278154642,0
2018-12-07,234.4155120849609,241.21931064647663,233.57948693968595,239.65398235031736,161018900,241.66575317382814,240.69632568359376,241.21928024291992,-1.289566040039091,0.013987274415890066,39.72160559162448,1
2018-12-10,234.86016845703125,235.82959594381217,230.01300388121976,234.23758739782187,151445900,239.6059326171875,240.76925659179688,240.48865356445313,0.72930908203125,0.014029854340418145,39.44486915260292,1
2018-12-11,234.9135284423828,238.2398233958353,233.44604697126596,238.05305993563303,121504400,236.90753784179688,240.4695297241211,239.88253631591797,-2.997268676757841,0.013950860165911958,43.966881356934735,1
2018-12-12,236.09640502929688,239.24483913662817,236.0163635446072,237.88407961308872,97976700,236.0554992675781,240.20804748535156,239.5663589477539,-2.6148223876953125,0.013496157102744292,51.784838595126566,0
2018-12-13,236.016357421875,237.9018513907384,234.90462492684645,237.03914588892,96662700,235.26039428710936,239.38892669677733,239.26885681152345,-8.191207885742188,0.013496696775203149,50.47644538114229,0
2018-12-14,231.65841674804688,234.82462934138096,231.1070016654421,233.87297962557628,116961100,234.70897521972657,238.18736419677734,238.83617095947267,-12.015625,0.013995463373033526,46.51283009252405,0
2018-12-17,227.11363220214844,231.8184786411639,225.48605403096255,230.70674603004963,165492300,233.15966796875,236.38280029296874,238.05084533691405,-18.045639038085966,0.014230970737761008,35.09313381194086,0
2018-12-18,226.86463928222656,229.4171869692593,225.2637413674053,228.75014730233016,134515100,231.54989013671874,234.2287139892578,237.22149505615235,-21.540863037109403,0.014174995770186981,33.39137816105435,0
2018-12-19,223.46713256835935,230.70673442492728,221.76841553795205,226.9446352580269,214992800,229.02403564453124,232.53976745605468,236.42816009521485,-16.889465332031307,0.014084254648206966,19.104206207594217,0
2018-12-20,219.8295440673828,223.7873091985889,217.58828746517864,222.22199466662704,252053400,225.78667297363282,230.5235336303711,235.67440795898438,-20.162338256835938,0.013966176755745225,17.48702641904208,0
2018-12-21,215.32534790039065,223.38552036390047,214.68124937399995,220.72861735508985,255345600,222.52005920410156,228.61451721191406,234.6554214477539,-19.090164184570256,0.014385470984676227,12.414590673447705,0
2018-12-24,209.63580322265625,215.4505712615808,209.57318974188104,213.84032507460728,147311600,219.0244934082031,226.09208068847656,233.43066864013673,-25.224365234375,0.015203405729117185,3.989636123484331,1
2018-12-26,220.2276153564453,220.2276153564453,209.11693755623705,211.0939646217861,218485400,217.69708862304688,224.6234893798828,232.54650955200196,-14.6859130859375,0.019188851054778126,27.471453636730345,1
2018-12-27,221.91839599609372,222.1151909748024,213.76877426318356,216.998207573705,186267300,217.38734130859376,223.2056884765625,231.70686798095704,-14.178009033203153,0.019296129443840883,30.355101659011893,0
2018-12-28,221.63214111328125,224.8973518593085,220.46918466599612,223.26922375327263,153100200,217.74786071777345,221.76726684570312,230.57809677124024,-14.38421630859375,0.01827842415161429,34.29960273508965,1
2018-12-31,223.5733642578125,223.81490460672552,221.38164665156637,223.25131500932957,144299400,219.3974639892578,220.9587615966797,229.57306289672852,-8.085052490234375,0.018519291604433098,36.62919837227662,1
2019-01-02,223.80593872070312,224.72736835312008,220.0218704806288,220.0487067791242,126925200,222.2314910888672,220.62799224853515,228.50539627075196,-3.3076934814453125,0.018406495460463426,36.89713901239712,0
2019-01-03,218.46533203125,222.3657003814828,217.9822513104657,222.06153288497995,144140700,221.87903442382813,219.7880615234375,227.00838775634764,-8.399307250976562,0.018406142712754526,31.05971941102146,1
2019-01-04,225.78298950195312,226.42708803378292,221.1132819712888,221.4890038398222,142628800,222.651953125,220.01964721679687,226.2797073364258,2.3158569335937784,0.01935061979327843,40.48615709712983,1
2019-01-07,227.56321716308597,228.96770037116784,225.15679528246304,226.05137509532184,103139100,223.83816833496093,220.7930145263672,225.65827407836915,7.733673095703153,0.019500795206968763,46.00107459302698,1
2019-01-08,229.70120239257807,230.1842830382069,227.22322663887437,229.74594775444223,102512600,225.06373596191406,222.23059997558593,225.42255859375,14.375854492187415,0.01903196731456927,52.65136460559033,1
2019-01-09,230.77471923828125,231.61562631457824,229.18236851303053,230.4079382964577,95006600,226.45749206542968,224.34449157714843,225.2182861328125,21.138916015625,0.019063123691323625,53.93990700471988,1
2019-01-10,231.58880615234372,231.83928738611397,228.56512228014213,229.2450116148356,96823900,229.08218688964843,225.4806106567383,225.05205001831055,11.361190795898409,0.019085900796611134,58.63308815753536,1
2019-01-11,231.67823791503903,231.70507421140277,229.9337967501892,230.5152680383381,73858100,230.26123657226563,226.45659484863282,224.83114166259764,9.759841918945312,0.01904266908858104,63.62235163433274,0
2019-01-14,230.2648162841797,231.0699325784489,229.37919109052424,229.78173558745547,70908200,230.8015563964844,227.31986236572266,224.5435646057129,8.632675170898438,0.019079296092691735,68.48984192080593,1
2019-01-15,232.9038543701172,233.2169627574834,230.6316140537097,230.6405685877629,85208300,231.44208679199218,228.25291137695314,224.6058364868164,9.330490112304688,0.018814262174433445,81.14981580509544,1
2019-01-16,233.46739196777344,234.35301702855716,233.12744735442945,233.3331831885252,77636700,231.98062133789062,229.21905670166015,224.92352447509765,9.661453247070312,0.0182137698188877,74.23061929129075,1
2019-01-17,235.23866271972656,236.09747886046176,232.5549237058404,232.59966906964812,96118400,232.7105926513672,230.89638977050782,225.34222564697265,16.773330688476562,0.018251160808665384,74.30631700228497,1
2019-01-18,238.3697204589844,238.834919416698,235.2744820652817,237.04575985726615,127900300,234.04888916015625,232.15506286621093,226.0873550415039,12.586730957031278,0.017962517766976244,77.6694121315039,0
2019-01-22,235.1492156982422,237.11730203256212,233.5389830977309,236.9026116326025,115531200,235.02576904296876,232.91366271972657,226.85333862304688,7.585998535156222,0.01781311473293278,68.3598440864717,1
2019-01-23,235.6412353515625,236.8757596705184,233.181141246526,236.1779886163788,86030300,235.5732452392578,233.507666015625,227.86913299560547,5.940032958984432,0.016903397703461293,68.61811216406947,1
2019-01-24,235.7665557861328,236.3480546454718,234.45152205113283,235.462401852241,59204100,236.0330780029297,234.00684967041016,229.1756706237793,4.9918365478515625,0.015293177811674542,82.55894823834402,1
2019-01-25,237.76138305664065,238.5844083633359,235.86487852864417,237.6092925009104,96883400,236.5376220703125,234.62410736083984,230.05235900878907,6.172576904296932,0.011189470628747089,78.1894348869645,0
2019-01-28,235.9544219970703,236.01702184675477,234.19209836136235,235.6234317757123,85613700,236.0545623779297,235.05172576904297,230.7541603088379,4.276184082031278,0.011436541096096185,69.7226832770742,0
2019-01-29,235.6412353515625,236.6610419843488,234.8092828063201,236.0974797217171,66136300,236.15296630859376,235.58936767578126,231.45461502075196,5.3764190673828125,0.011437305552705933,65.27143569996146,1
2019-01-30,239.37161254882807,240.21251961023304,236.39267430393105,237.1530724722744,92473700,236.89904174804687,236.23614349365235,232.24452743530273,6.467758178710881,0.011726120443781836,69.44554890120345,1
2019-01-31,241.4738922119141,241.9569728947139,239.0943069304852,239.3090246230662,104012100,238.04050903320314,237.03679351806642,233.12792510986327,8.006500244140653,0.011768891440619532,71.12808761860782,1
2019-02-01,241.59019470214844,242.61002867744705,240.80296018796835,241.67070360013415,85782500,238.8062713623047,237.67194671630858,234.2841682434082,6.351531982421875,0.009852292781583345,71.16121340057072,1
2019-02-04,243.2898712158203,243.3524983427084,240.963958692069,241.63489342197397,60744800,240.2733612060547,238.1639617919922,235.15951232910157,4.920150756835909,0.007276959928119371,77.47164686345425,1
2019-02-05,244.30978393554688,244.61393783518997,243.2183953307509,243.7193579066822,79552800,242.00707092285157,239.08001861572265,235.9968406677246,9.160568237304688,0.007213531319392187,75.82018488313358,0
2019-02-06,243.9876251220703,244.52437832841065,243.25409061715408,244.03237048116657,58347800,242.9302734375,239.91465759277344,236.7111618041992,8.346389770507812,0.007156662377243507,74.07832701213239,0
2019-02-07,241.66177368164065,242.9231070364727,240.00679577368692,242.3774265227204,95482000,242.9678497314453,240.50417938232422,237.2555145263672,5.895217895507841,0.007672969468905551,64.33702193748789,1
2019-02-08,241.9569549560547,242.05534561170495,239.59525161560148,240.4182768919302,75788900,243.04120178222655,240.92373657226562,237.77392196655273,4.195571899414034,0.0076714388673977145,59.16768511203151,1
2019-02-11,242.09115600585935,242.86943598309523,241.56335725463512,242.61002752428732,68021400,242.80145874023438,241.53740997314452,238.29456787109376,6.136734008789034,0.007669411195543287,71.06394090667906,1
2019-02-12,245.20433044433597,245.58003867487145,243.62986124861985,243.7014429213756,72270200,242.9803680419922,242.49371948242188,239.04154357910156,9.563095092773466,0.007756971679579866,75.03505235683663,1
2019-02-13,246.00054931640625,246.84145671360864,245.61588646248177,246.03634016108296,65277200,243.38295288085936,243.1566131591797,239.696378326416,6.628936767578182,0.007508744600818997,75.88222899865474,0
2019-02-14,245.45486450195312,246.5820440368639,244.1040399672848,244.91811104245204,83234400,244.14157104492188,243.5547103881836,240.295751953125,3.980972290039034,0.0075911643478455216,70.9961555631067,1
2019-02-15,248.12960815429688,248.1653989923437,247.02033787853887,247.2260737713848,97088700,245.3761016845703,244.20865173339843,240.9402992248535,6.5394134521484375,0.007741726604544438,81.72447273187045,1
2019-02-19,248.5588836669922,249.211909135502,247.3243597670752,247.3333142969109,59120800,246.66964721679688,244.7355529785156,241.44975738525392,5.269012451171875,0.007328395073162066,83.45667595391951,1
2019-02-20,249.0599822998047,249.51622676490464,248.02226638531727,248.52322892328905,76610800,247.44077758789064,245.2105728149414,242.14529571533203,4.7501983642578125,0.00634129877392686,80.13347368540967,0
2019-02-21,248.17428588867188,248.7825934676256,247.2170791597752,248.42476708591184,64214700,247.87552490234376,245.62923889160157,242.7719482421875,4.1866607666015625,0.006502744617887163,72.54631545546316,1
2019-02-22,249.71295166015625,249.90973295511063,248.1563646603763,248.7915085043155,78114600,248.72714233398438,246.43435668945312,243.46926803588866,8.051177978515597,0.006530658475823584,74.94468274935882,1
2019-02-25,250.05291748046875,251.6542228488329,249.972408580438,251.13537861516556,69030700,249.11180419921874,247.24395294189452,244.08384475708007,8.095962524414062,0.0064040757276279,72.6615857992039,0
2019-02-26,249.87399291992188,250.75066349950507,249.49825745695463,249.7040206033896,56844100,249.37482604980468,248.0222366333008,244.77982330322266,7.782836914062528,0.006002647915130245,69.7580846162016,0
2019-02-27,249.76663208007807,250.1155039234547,248.2279540955296,249.15829721146872,56921600,249.5161560058594,248.478466796875,245.48609313964843,4.562301635742102,0.005972759288214435,70.83870257778736,0
2019-02-28,249.30148315429688,249.99032704780788,248.97944754206415,249.55196439728053,69268300,249.74159545898436,248.80856018066407,245.9825866699219,3.300933837890625,0.005225226282973559,81.81796228180102,1
2019-03-01,250.8580017089844,251.2695006452179,249.42666901291932,250.87588347129,78880500,249.97060546875,249.3488739013672,246.4517921447754,5.403137207031278,0.005081855448018814,83.546630321642,0
2019-03-04,249.945556640625,252.155169537898,247.6554348483589,251.91364285291863,106494600,249.94913330078126,249.53046875,246.86956024169922,1.815948486328125,0.005224683362917563,77.96170994993736,0
2019-03-05,249.6056671142578,250.2676747866207,249.0599864942245,250.0708661219309,59114600,249.89546813964844,249.63514709472656,247.1853500366211,1.046783447265625,0.005110686406588349,69.52394618639805,0
2019-03-06,248.09376525878903,249.7308613258924,247.7717296851715,249.721906793157,75039800,249.56089477539064,249.538525390625,247.3745491027832,-0.9662170410156534,0.005314646416466214,58.73095884552063,0
2019-03-07,246.01841735839844,247.7896680184655,245.1775101014412,247.6465319640461,94885100,248.90428161621094,249.32293853759765,247.4760887145996,-2.1558685302734375,0.005682112255459743,52.084610356844095,0
2019-03-08,245.52630615234372,245.6962784581472,243.7013834485637,244.16655500631896,85795800,247.83794250488282,248.9042739868164,247.66931533813477,-4.186645507812528,0.0052176772527705645,38.51587489633926,1
2019-03-11,249.0868225097656,249.24784033512216,246.21522875592933,246.2420650601554,65098900,247.66619567871095,248.80766448974606,248.02580871582032,-0.9660949707031534,0.006051640784475164,51.824809048782775,1
2019-03-12,250.02606201171875,250.5449335060128,249.453545221924,249.6413993075936,79667500,247.75027465820312,248.82287139892574,248.42255401611328,0.152069091796875,0.006068729774516865,53.24106637344364,1
2019-03-13,251.6811065673828,252.61147731037204,250.7507358243936,250.91178095520416,80639200,248.46774291992188,249.0143188476562,248.74639282226562,1.9144744873047443,0.005603673864865879,61.187400878741215,0
2019-03-14,251.52003479003903,252.12834244134717,251.08169946783264,251.70788888521236,67518400,249.56806640625,249.23617401123042,249.02236709594726,2.218551635742159,0.005600697353683438,56.320467429277564,1
2019-03-15,252.76272583007807,253.5713885597361,251.88216612584608,252.0708751186068,81309000,251.01535034179688,249.4266464233398,249.38776016235352,1.9047241210936647,0.005604555516572847,58.914892121722986,1
2019-03-18,253.6791839599609,253.975710967456,252.7537092947153,252.97833933405315,62199800,251.93382263183588,249.8000091552734,249.6652389526367,3.733627319335909,0.0051815991754586,61.939168777199356,1
2019-03-19,253.74203491210935,255.5031263815524,252.85250891337472,254.7394063409619,90268100,252.677017211914,250.21364593505854,249.92439651489258,4.136367797851534,0.005183004160865589,62.508161713306876,0
2019-03-20,252.97833251953125,254.73045774743304,251.87317030498068,253.52644405949383,84609200,252.9364624023437,250.70210266113276,250.1203140258789,4.884567260742216,0.005254792948352369,61.35545808066615,1
2019-03-21,255.83566284179688,256.23998047374977,252.11577610387025,252.16071856563832,79550400,253.79958801269527,251.6838272094726,250.50338287353514,9.817245483398438,0.005642704792997357,64.22953176580597,0
2019-03-22,250.91177368164065,255.0000297509821,250.84887068471875,254.4789000838068,122659300,253.4293975830078,252.22237396240234,250.56332397460938,5.385467529296932,0.007191954990004609,52.24680270061987,0
2019-03-25,250.72300720214844,251.75629963033532,249.46508479302295,250.57024675002336,85575200,252.83816223144532,252.38599243164063,250.59682846069336,1.636184692382841,0.007190511969345675,52.61660856427782,1
2019-03-26,252.5919342041016,253.54436319608843,251.19024521888863,252.47512221855817,68125900,252.60814208984374,252.6425796508789,250.73272552490235,2.565872192382841,0.007368111485042325,60.36065039096009,0
2019-03-27,251.2710876464844,253.16697891758005,249.72563230261855,252.58291903886357,72224700,252.26669311523438,252.60157775878906,250.80794830322264,-0.4100189208984091,0.0074795931906919385,62.53414457418959,1
2019-03-28,252.22357177734372,252.6728318312341,250.7500130593253,251.90011770045837,56238500,251.54427490234374,252.67193145751952,250.954052734375,0.7035369873046875,0.007499293325541283,65.63771932824847,1
2019-03-29,253.81398010253903,254.13743419240424,252.6099664002764,253.7331165800728,82186800,252.12471618652344,252.7770568847656,251.10185165405272,1.051254272460966,0.007501758453600521,62.15600704093268,1
2019-04-01,256.823974609375,257.12050158234626,255.53909751491528,255.80866998313056,77617900,253.34490966796875,253.09153594970704,251.44577255249024,3.144790649414091,0.007832666742319683,65.79846975684623,1
2019-04-02,256.9497985839844,257.1834225886773,256.1590964948618,257.01270157304134,40070400,254.21648254394532,253.41231231689454,251.81297912597657,3.2077636718750284,0.0078094048150399,63.18145482392482,1
2019-04-03,257.3541564941406,258.55817021900583,256.7521359213784,258.16281915464305,68243200,255.43309631347657,253.84989471435546,252.27599868774413,4.375823974609375,0.007605530446653389,64.42052746592933,1
2019-04-04,258.0370178222656,258.2886023749723,256.98576457085767,257.67761523563604,48997500,256.5957855224609,254.07003021240234,252.8769287109375,2.20135498046875,0.007214782470759921,63.40782989709931,1
2019-04-05,259.2860107421875,259.33991976678186,258.4144449503601,258.70197802863925,58621700,257.6901916503906,254.90745391845704,253.56491394042968,8.374237060546847,0.0071564877467183,64.01620078104924,1
2019-04-08,259.483642578125,259.59146060914446,258.2077318961907,258.8636614791043,53566300,258.2221252441406,255.78351745605468,254.08475494384766,8.760635375976562,0.0066079226421544325,64.25705915428074,0
2019-04-09,258.15380859375,258.8456592016085,257.60572449284734,258.522205126451,66142300,258.4629272460937,256.3397048950195,254.49114227294922,5.561874389648409,0.00678427804092251,62.4998525873862,1
2019-04-10,259.034423828125,259.12428134186337,258.1538640665501,258.5671757249507,52601500,258.7989807128906,257.1160385131836,254.85880813598632,7.763336181640597,0.006697284110520585,58.541220185953264,0
2019-04-11,258.96246337890625,259.528535413988,258.3963913438245,259.5195414386195,55093100,258.98406982421875,257.78992767333983,255.23092956542968,6.738891601562528,0.0066917877776793405,79.01462142025953,1
2019-04-12,260.7146301269531,260.993169201288,259.0074471943866,260.5708636013834,69727800,259.26979370117186,258.47999267578126,255.62852478027344,6.900650024414091,0.006753628635788185,82.36277927749381,0
2019-04-15,260.5438537597656,260.88529575789886,259.7441577724898,260.7864442960236,49596700,259.4818359375,258.8519805908203,255.97175827026368,3.719879150390625,0.00675293901796942,78.93974008838457,1
2019-04-16,260.7146301269531,261.4783777975032,260.12160349172586,261.4244687779972,52153200,259.99400024414064,259.2284637451172,256.32038803100585,3.76483154296875,0.006750026893249487,87.50806048881711,0
2019-04-17,260.0766296386719,261.855681721401,259.6632906883781,261.8287272177432,58268300,260.20244140625,259.50071105957034,256.67530288696287,2.72247314453125,0.006731925623575358,81.99009947762441,1
2019-04-18,260.5888366699219,260.85840920108075,259.3668622747877,260.6607336464958,68708500,260.5277160644531,259.7558929443359,256.91296157836916,2.55181884765625,0.006321404694351496,80.25570330675271,1
2019-04-22,260.8134155273437,260.9661760070736,259.7352078763909,259.8250653691345,40160100,260.54747314453124,259.90863342285155,257.4080436706543,1.5274047851561932,0.004177311151186353,73.71679039760792,1
2019-04-23,263.1585998535156,263.39222387949684,260.9482478452623,261.1818444505832,52246600,261.07042236328124,260.2761291503906,258.02982330322266,3.674957275390625,0.004407987485440672,79.2042994700306,0
2019-04-24,262.5745849609375,263.41020222021825,262.4308184291265,263.07775411194496,50392900,261.4424133300781,260.71820678710935,258.52895584106443,4.4207763671875,0.0043584192834844075,74.1471842895014,0
2019-04-25,262.4128112792969,263.06874089132936,261.2267854647723,262.475714273737,57770900,261.90964965820314,261.05604553222656,259.0860420227051,3.378387451171875,0.004071152450292872,71.26543154947291,1
2019-04-26,263.6347961425781,263.7066656882998,261.68499538422964,262.4577369591944,50916400,262.5188415527344,261.5232788085938,259.6566032409668,4.672332763671875,0.004093734800649163,71.18980279495256,1
2019-04-29,264.0480651855469,264.56922213553327,263.6347536677554,263.72461115092415,57197700,263.165771484375,261.85662231445315,260.1683074951172,3.33343505859375,0.003980564077971607,71.78276509910724,1
2019-04-30,264.1828918457031,264.47042488251304,262.2960214157048,263.7066772500253,81111700,263.3706298828125,262.22052612304685,260.53625335693357,3.6390380859375,0.003238838414957,82.476812961727,0
2019-05-01,262.1971740722656,265.0185406267152,262.18818009576734,264.8118711118755,71671900,263.29514770507814,262.3687805175781,260.79862213134766,1.4825439453125,0.0038049654897880426,65.2242125457959,0
2019-05-02,261.63104248046875,262.9968104059952,260.13949601586444,262.0803024726753,65030200,263.1387939453125,262.5242218017578,261.01246643066406,1.554412841796875,0.0038673251035658955,62.26210308445656,1
2019-05-03,264.1918640136719,264.4704030511326,261.7388942682371,263.1046623700136,56543700,263.2502075195313,262.8845245361328,261.32020874023436,3.60302734375,0.004343901988689544,64.87260481386727,0
2019-05-06,263.1047058105469,263.54497195780687,259.5824943704813,259.896981941665,107198100,263.06153564453126,263.1136535644531,261.51114349365236,2.291290283203182,0.004408708285188759,60.15691571771632,0
2019-05-07,258.7108154296875,261.2985570009968,256.80595772320976,260.7055306058509,144729900,261.9671203613281,262.6688751220703,261.47250213623045,-4.447784423828125,0.005885874347811463,44.04674044510046,0
2019-05-08,258.3514404296875,260.05862285255927,257.7584139715136,258.3514404296875,91568300,261.1979736328125,262.24656066894534,261.48238372802734,-4.22314453125,0.005777381654267033,44.78824208385499,0
2019-05-09,257.5697631835937,258.1717562670425,254.5507215291892,256.2848860812778,103471100,260.3857177734375,261.762255859375,261.4091506958008,-4.843048095703182,0.005759790470032622,41.02556193994227,1
2019-05-10,258.86358642578125,259.6183398447477,253.65215459865416,256.6352472217009,112429300,259.3200622558594,261.28513488769534,261.40420684814455,-4.771209716796875,0.005880013724409892,44.55039849336775,0
2019-05-13,252.3583221435547,254.72143420675988,251.52270509767263,253.7600386155782,127290500,257.17078552246096,260.1161605834961,260.9863914489746,-11.689743041992188,0.007919404048429349,25.50927268310957,1
2019-05-14,254.64065551757807,256.16815104372284,253.24795997718948,253.37373856438705,77003200,256.356753540039,259.1619369506836,260.6912315368652,-9.542236328125057,0.008269382279910588,33.29561692984612,1
2019-05-15,256.1321105957031,256.7700521218785,252.80757560681195,253.01424507952996,73956400,255.91288757324213,258.55543060302733,260.4621055603027,-6.0650634765625,0.00840854044172603,37.477532622571246,1
2019-05-16,258.5042419433594,259.8609886388919,256.76111076781007,256.83298031022184,76749600,256.0997833251953,258.2427505493164,260.3834861755371,-3.126800537109375,0.008694396080815155,40.219271963557496,0
2019-05-17,256.8330078125,259.3129323114473,256.1860721788903,256.2040601319123,100353000,255.69366760253905,257.5068649291992,260.19569473266597,-7.358856201171875,0.00878430156578513,36.87495558792707,0
2019-05-20,255.1347198486328,256.9407260832024,254.3889330249561,255.23354386924208,62877600,256.2489471435547,256.7098663330078,259.91175994873043,-7.9699859619140625,0.008873403123060416,34.42617956428681,1
2019-05-21,257.4349975585937,257.8123606375981,256.5723985366988,256.82398306292055,46847100,256.8078155517578,256.58228454589846,259.6255798339843,-1.2758178710938068,0.008874843351547135,41.89109276186212,0
2019-05-22,256.644287109375,257.59671617184193,256.1680725781415,256.48256008080267,49482500,256.9102508544922,256.4115692138672,259.3290649414062,-1.7071533203125,0.00888273883928046,41.57313568919317,0
2019-05-23,253.508544921875,254.4699408574696,252.0978613902415,254.42502580819823,98733800,255.9111114501953,256.0054473876953,258.8838516235351,-4.061218261718693,0.009221599820469668,32.29090048189333,1
2019-05-24,254.08352661132807,255.35943728786717,253.46354551492905,254.9460982764952,55268100,255.3612152099609,255.52744140625,258.4062881469726,-4.780059814453182,0.009150350901955257,34.78782639124739,0
2019-05-28,251.7203521728516,255.31443188239265,251.7023916457386,254.3620029530164,70029400,254.67834167480464,255.4636444091797,257.78990249633785,-0.6379699707030966,0.009261668821301623,37.34550185483402,0
2019-05-29,250.0311584472656,251.01054198780503,248.62946939652528,250.6062244273925,104972900,253.19757385253905,255.00269470214843,257.082315826416,-4.609497070312472,0.0092851401950378,35.6300526119941,1
2019-05-30,250.71405029296875,251.62156432473276,249.61785472710497,250.7859198324072,62523800,252.01152648925782,254.460888671875,256.5081596374511,-5.418060302734375,0.009288568198322227,38.11896687772242,0
2019-05-31,247.33563232421875,248.99790008924552,247.30867781649005,248.1712769051262,86862800,250.77694396972657,253.34402770996093,255.79338912963863,-11.168609619140625,0.009624806436350582,31.368117634756842,0
2019-06-03,246.70669555664065,248.48574798655588,245.37687580180707,247.3715917237273,96428000,249.30157775878905,252.331396484375,254.91913070678706,-10.126312255859347,0.009162466494297918,38.723705593987006,1
2019-06-04,252.06185913085935,252.19663167059005,248.5486420183639,248.99790209790564,77231900,249.36987915039063,252.02411041259765,254.3669883728027,-3.072860717773466,0.010737072943197529,45.41671141369141,1
2019-06-05,254.2452087402344,254.27216324311323,251.87313022493015,253.6791367591237,71169700,250.2126892089844,251.70513153076172,254.14370803833003,-3.1897888183592897,0.010413121046687042,46.72691237145604,1
2019-06-06,255.8985137939453,256.5724038696885,253.89483151795636,254.54176708749608,69430400,251.24958190917968,251.63055419921875,254.02106170654292,-0.7457733154296875,0.010539129919918974,45.36440793449053,1
2019-06-07,258.45928955078125,259.53752459010883,256.74311294719047,256.91383395209493,74272200,253.47431335449218,252.12562866210936,254.06553802490234,4.95074462890625,0.010770174898954795,52.804397362424574,1
2019-06-10,259.6453857421875,261.3076536120134,259.55552823720706,260.0047883414486,60799100,256.0620513916016,252.68181457519532,254.10462799072266,5.561859130859432,0.01076043497033267,57.91816733925734,0
2019-06-11,259.58251953125,261.82882037077394,258.93558379264056,261.46042374261225,58641300,257.56618347167966,253.46803131103516,254.46583786010743,7.862167358398409,0.008965633052203534,54.09120295436377,0
2019-06-12,259.1242370605469,259.9059451972257,258.61207399835774,259.3488670961745,47096300,258.5419891357422,254.3773391723633,254.69001693725585,9.093078613281278,0.008808201241175163,54.7851135818957,1
2019-06-13,260.19342041015625,260.55285036170267,259.33084885188674,260.0316933843536,48945200,259.4009704589844,255.32527618408204,254.89308242797853,9.4793701171875,0.008765432229978642,64.01640120500744,0
2019-06-14,259.9059753417969,260.5079685515309,259.1422276479497,259.9059753417969,52324700,259.6903076171875,256.58231048583986,254.9631690979004,12.570343017578125,0.008543902058912952,62.35712139111707,1
2019-06-17,260.0047607421875,260.7685083224592,259.83403972704474,260.13953327502185,39205700,259.7621826171875,257.91211700439453,255.12175674438475,13.298065185546847,0.008394223468989366,69.45181499445737,1
2019-06-18,262.727294921875,263.778575596661,261.4603781786856,261.81980818690425,85434800,260.3911376953125,258.9786605834961,255.5013854980469,10.665435791015653,0.00848531062839042,78.43093303446354,1
2019-06-19,263.3202514648437,263.8503749390502,261.8916080504937,262.8619975207617,78674400,261.2303405761719,259.886164855957,255.79564819335937,9.07504272460929,0.008302910757603426,78.34370342720854,1
2019-06-20,265.8362121582031,266.24055727570857,263.3832692020409,265.997966657604,116570000,262.35889892578126,260.8799346923828,256.25524444580077,9.937698364257812,0.008442797127352847,93.27491266166705,0
2019-06-21,265.44976806640625,266.8221515056671,265.23308319547755,265.5671482228351,83309500,263.4676574707031,261.5789825439453,256.85230560302733,6.990478515625,0.007822805411844222,94.34519726610165,0
2019-06-24,265.12469482421875,265.97338627298683,264.9711913645555,265.6573967423069,47582700,264.49164428710935,262.1269134521484,257.40436401367185,5.47930908203125,0.00786321207778042,90.56010916016793,0
2019-06-25,262.52447509765625,265.2060612350793,262.41613263619007,265.1789756197128,82028700,264.4510803222656,262.4211090087891,257.94457015991213,2.94195556640625,0.007902797523358807,75.05842146584764,0
2019-06-26,262.26251220703125,263.92382683504434,262.1541697938597,263.418210537563,51584900,264.2395324707031,262.7349365234375,258.5561378479004,3.138275146484375,0.0076660247548601046,71.03302480062372,1
2019-06-27,263.1925048828125,263.6981212127424,262.6417550625053,263.0209535329409,40355200,263.710791015625,263.03484497070315,259.18006057739257,2.99908447265625,0.007669937301468388,67.53328087977282,1
2019-06-28,264.5468444824219,265.0434231006258,263.6529919480454,264.1676184518848,59350900,263.53020629882815,263.4989318847656,260.0406211853027,4.640869140625,0.006703097375467172,67.93298035546405,1
2019-07-01,266.9485778808594,268.0862285975048,265.7477182235052,267.8695161656501,78705600,263.8949829101563,264.1933135986328,261.0527153015137,6.943817138671875,0.006665295444493783,73.01186578675906,1
2019-07-02,267.64373779296875,267.69790900113674,266.06367992868246,266.9033612093092,61504500,264.91883544921876,264.68495788574216,261.83180923461913,4.91644287109375,0.005197112904639865,76.22709789914151,1
2019-07-03,269.7835998535156,269.8016752933706,268.1764562858047,268.3209220345233,40898900,266.4230529785156,265.3312927246094,262.6087287902832,6.463348388671932,0.005161004898969561,77.69731797389366,0
2019-07-05,269.4765930175781,269.6391341895929,267.2645286286108,268.5556549615941,51677300,267.67987060546875,265.69533081054686,263.28763275146486,3.640380859375,0.0051695420398813075,77.60962502817219,0
2019-07-08,267.99591064453125,269.2960749060107,267.45417094324387,268.1674620091727,45841800,268.36968383789065,265.9499450683594,263.7644638061523,2.546142578125,0.005162804196692722,71.35080835852828,1
2019-07-09,268.3299255371094,268.6278671624564,266.7859910977244,266.8401623023329,41101300,268.6459533691406,266.2704681396484,264.1986907958984,3.205230712890625,0.005122595511817289,67.15923514490112,1
2019-07-10,269.6120300292969,270.5600812739369,268.8626432853066,269.39534519807506,58448500,269.03961181640625,266.9792236328125,264.7001663208008,7.087554931640625,0.005147481731546321,68.48939883379111,1
2019-07-11,270.2440185546875,270.48778894864506,269.2418238255109,270.2530562724696,50826100,269.13169555664064,267.7773742675781,265.2561553955078,7.98150634765625,0.005074555454816631,64.5658825451443,1
2019-07-12,271.4540100097656,271.52625667648226,270.4247292183088,270.7317086667794,40326000,269.5271789550781,268.60352478027346,265.8191848754883,8.261505126953125,0.0050824829090548125,68.81720018745756,1
2019-07-15,271.5442199707031,271.8873226456437,271.0386036773237,271.8873226456437,33900000,270.2368408203125,269.3032623291016,266.4010971069336,6.99737548828125,0.005044317436967138,70.41928676403495,0
2019-07-16,270.66845703125,271.6616418867304,270.3614776311971,271.45396719521267,36650100,270.7045471191406,269.6752502441406,266.93428192138674,3.719879150390625,0.005175660020093469,79.09643204486875,0
2019-07-17,268.8264465332031,270.8037777400687,268.8264465332031,270.6412641610423,36036300,270.54743041992185,269.79352111816405,267.23923950195314,1.182708740234375,0.005133271664605917,71.07221023714771,1
2019-07-18,269.8106994628906,270.1899255172124,267.88756624619475,268.32997368121545,51392600,270.4607666015625,269.7962310791016,267.56376190185546,0.027099609375,0.005158599828733816,71.1726400265555,0
2019-07-19,268.3119506835937,270.93032731709434,268.1403993042997,270.90324170741786,58678600,269.8323547363281,269.6797668457031,267.687548828125,-1.1646423339844318,0.0049786655783794695,61.934888472276015,1
2019-07-22,268.9709777832031,269.5127173993327,268.1945054581672,268.7091319171699,43638100,269.3177062988281,269.7772735595703,267.86360931396484,0.975067138671875,0.004975693802178108,57.206989703368215,1
2019-07-23,270.8941345214844,270.8941345214844,269.25990553066293,270.0905766044497,44564500,269.362841796875,270.0336944580078,268.15208129882814,2.564208984375,0.005156871470174797,60.65087869824253,1
2019-07-24,272.167236328125,272.167236328125,270.04543875193104,270.13573328679485,47213200,270.0309997558594,270.2892150878906,268.63421936035155,2.555206298828125,0.004524987500331682,58.28108202095417,0
2019-07-25,270.8670654296875,271.76995564778645,270.0634799096485,271.71578443902234,55394100,270.2422729492188,270.3515197753906,269.0644470214844,0.623046875,0.004723201326220713,54.51885675294506,1
2019-07-26,272.681884765625,272.88052171662747,271.4268541311043,271.55327198811625,45084100,271.116259765625,270.47430725097655,269.538916015625,1.227874755859375,0.004841845391603283,64.9051043308767,0
2019-07-29,272.1852722167969,272.68187835964795,271.6345224202421,272.56449822490094,38126500,271.7591186523438,270.5384124755859,269.92083740234375,0.64105224609375,0.004837847412569418,62.13750432343099,0
2019-07-30,271.5172119140625,271.92352363022513,270.4066467628394,270.7858728681932,45849000,271.88373413085935,270.6232879638672,270.1492691040039,0.8487548828125,0.00455810517649316,56.23916897695173,0
2019-07-31,268.5466003417969,271.9505137105572,266.53317301954223,271.7608869474775,104245200,271.15960693359375,270.5953033447266,270.1944122314453,-0.27984619140625,0.005240321249114516,45.17957953377443,0
2019-08-01,266.2081604003906,271.65258755475,265.4136125645929,268.70014633011544,142646600,270.2278259277344,270.23504943847655,270.01564025878906,-3.6025390625,0.005260441754957149,35.99985665604626,0
2019-08-02,264.2036437988281,265.55797867789045,262.65067203534284,265.3142083191041,116749700,268.532177734375,269.82421875,269.7519927978516,-4.108306884765568,0.005480959193327352,32.225598401504,0
2019-08-05,256.25836181640625,260.22203637331984,254.3622864517241,260.1136939331715,178745400,265.3467956542969,268.55295715332034,269.1651153564453,-12.712615966796875,0.008481865993068527,24.006649858525464,1
2019-08-06,259.8518371582031,260.0685495834864,256.67367297899784,258.1453886890081,120711700,263.013720703125,267.4487274169922,268.7412109375,-11.04229736328125,0.00920553813187576,34.77345544392466,1
2019-08-07,260.0052490234375,260.7727110773986,254.65111763531425,256.78192492921147,140572300,261.3054504394531,266.23252868652344,268.26087188720703,-12.1619873046875,0.009100735972741976,32.88120819600691,1
2019-08-08,265.10662841796875,265.10662841796875,260.94431762874206,261.4950674503696,87713900,261.08514404296875,265.65648498535154,268.0040023803711,-5.76043701171875,0.010258334239014882,45.02928515449017,0
2019-08-09,263.3009033203125,264.7635814112252,261.5222080674551,264.1676704197368,93730000,260.90459594726565,264.7183868408203,267.5963470458984,-9.3809814453125,0.010256932938598095,41.509008000307105,0
2019-08-12,260.09552001953125,263.2917306713518,259.1474690195382,261.8019677330944,65527600,261.6720275878906,263.50941162109376,267.02391204833987,-12.089752197265625,0.010518925825538848,34.427017363803685,1
2019-08-13,264.1405944824219,265.5852247370545,259.4545907653121,259.79769355061575,94299800,262.5297790527344,262.77174987792966,266.69751892089846,-7.376617431640625,0.011227235495458673,39.28150808806689,0
2019-08-14,256.3305358886719,260.70052138237736,256.204145582048,260.0956003464888,135622100,261.7948364257812,261.5501434326172,266.0727233886719,-12.216064453125,0.012864068539841062,33.463496191972624,1
2019-08-15,257.0077514648437,257.9016317136364,254.96723786093705,257.2154261800236,99556600,260.1750610351562,260.6301025390625,265.43257598876954,-9.200408935546932,0.012841214806592458,31.695617155035293,1
2019-08-16,260.7998046875,261.23317429061143,257.06182653655287,258.6599596100818,83018300,259.6748413085937,260.2897186279297,265.05696868896484,-3.403839111328125,0.013366627505524916,37.654198834511945,1
2019-08-19,263.9419250488281,264.6190928142968,263.1383669618993,263.815534727368,53571800,260.4441223144531,261.0580749511719,264.8055160522461,7.683563232421875,0.013678198926501944,42.20404830326157,0
2019-08-20,261.9193725585937,263.9689230625115,261.79298227907464,263.43622123692984,51596400,259.9998779296875,261.26482849121095,264.3567779541016,2.067535400390568,0.013622927935036167,43.04398770243159,1
2019-08-21,264.0502319335937,264.42039264271136,263.3911122132719,264.07731753557846,49524700,261.5438171386719,261.66932678222656,263.950927734375,4.044982910156193,0.013727741042251069,47.72510113199626,0
2019-08-22,263.9690246582031,265.3865692020705,262.19936718570995,264.7545624531943,51666400,262.9360717773437,261.55556640625,263.6060256958008,-1.137603759765625,0.013706623694302197,49.74220962032922,0
2019-08-23,257.1882629394531,264.3301272824833,255.94227013252467,262.6688127245855,149161500,262.21376342773436,260.9443023681641,262.8313446044922,-6.112640380859375,0.014607857012766153,51.04857275589738,1
2019-08-26,260.0324401855469,260.0324401855469,257.84743325188174,259.3733202614595,72423800,261.43186645507814,260.9379943847656,262.2237030029297,-0.063079833984375,0.01493440218109371,50.20715166806448,0
2019-08-27,259.01220703125,261.793125348652,258.2537822776039,261.4229369175807,66668900,260.8504333496094,260.42515563964844,261.59845275878905,-5.128387451171875,0.014939462771845461,48.88318852079796,1
2019-08-28,260.8359680175781,260.99848164367427,257.5494344017355,258.3530199208042,59696700,260.20758056640625,260.8756988525391,261.2129211425781,4.50543212890625,0.014929875384002249,44.81479148526224,1
2019-08-29,264.16766357421875,264.69135544136327,262.3889683674536,263.39119104890403,57899400,260.2473083496094,261.59169006347656,261.1108963012695,7.159912109375057,0.0151437534796127,51.01477174960055,0
2019-08-30,264.0502319335937,265.6663854420489,263.1202561934248,265.6483375587326,62901200,261.6197021484375,261.91673278808594,261.1032257080078,3.250427246093693,0.01504767157025926,54.99090308278418,0
2019-09-03,262.5062866210937,263.26471107882736,261.1790369315544,262.35281071811187,69101400,262.1144714355468,261.7731689453125,261.4156219482422,-1.4356384277344318,0.013374872348648308,47.79850117365577,1
2019-09-04,265.48583984375,265.50388772814705,263.9238298917129,264.6732441815311,46887300,263.4091979980468,262.12981567382815,261.6973220825195,3.566467285156307,0.013253776735497309,64.17775442131793,1
2019-09-05,268.898681640625,269.8105817198851,265.4496355454051,267.9687061284598,83258100,265.0217407226562,262.6146606445312,262.1419937133789,4.848449707031307,0.013507486903972235,66.97579380293472,1
2019-09-06,269.1063842773437,269.7474560896053,268.537586657619,269.2147542351201,49584300,266.0094848632812,263.12839660644534,262.3419815063477,5.137359619140568,0.012837448034841556,63.21069552353539,1
2019-09-09,269.2418518066406,270.1808377169626,268.3028383422982,270.09057074583126,51260300,267.0478088378906,264.33375549316406,262.63902893066404,12.0535888671875,0.012711938889989218,59.32029289466393,0
2019-09-10,269.1786193847656,269.24182830225595,267.22837353862485,268.4833764004084,57947100,268.382275390625,265.2483734130859,263.09318389892576,9.14617919921875,0.012325625029288613,63.710728872586,1
2019-09-11,271.0927734375,271.17403024628595,268.8355480133743,269.48563003768334,68821100,269.503662109375,266.45643005371096,263.4407928466797,12.08056640625,0.011968951475309285,63.411215279150014,1
2019-09-12,272.03179931640625,273.08816543274827,271.23725152228974,271.9956759928493,72908700,270.1302856445312,267.5760131835938,264.2258560180664,11.195831298828125,0.00949970090193766,64.86829620775461,0
2019-09-13,271.851318359375,272.82645560503494,271.4811299192665,272.47431505687064,62104800,270.6792724609375,268.34437866210936,264.968034362793,7.68365478515625,0.00953531141440071,85.73966107948144,0
2019-09-16,271.01153564453125,271.89637799232213,270.3704912942259,270.72260415700487,58191200,271.0332092285156,269.04050903320314,265.4786209106445,6.961303710937557,0.009191888268131986,79.65830905520556,1
2019-09-17,271.6977844238281,271.78805141832373,270.6413905587591,270.81294193474486,41475500,271.53704223632815,269.95965881347655,265.86641387939454,9.191497802734432,0.008883476024862847,84.89780361301523,1
2019-09-18,271.8602905273437,271.96863296095114,269.2780097922511,271.3095130844703,73375800,271.6905456542969,270.59710388183595,266.363459777832,6.374450683593693,0.008623919091048527,83.37857790968181,0
2019-09-19,271.8422241210937,273.2417207457767,271.5081590883585,272.2485358146532,76560500,271.6526306152344,270.89145812988284,266.75305938720703,2.943542480468693,0.00850599348924849,79.0693373282284,0
2019-09-20,270.5577087402344,272.72559424976635,269.7685713978556,272.44438033573425,89565000,271.39390869140624,271.0365905761719,267.0824935913086,1.4513244628906818,0.00861182342515439,72.64648095243182,0
2019-09-23,270.4942932128906,271.21087820036234,269.64165479267564,269.8956304275524,43476800,271.29046020507815,271.1618347167969,267.74779510498047,1.25244140625,0.005859380965343419,80.99251446311851,0
2019-09-24,268.371826171875,271.97285532348826,267.4103448279325,271.5828261838513,94869400,270.6252685546875,271.08115539550784,268.1647644042969,-0.806793212890625,0.0059374615081388415,61.99504814863683,1
2019-09-25,269.9591064453125,270.40355684518136,266.9748722488337,268.45338400504926,71854000,270.2450317382812,270.96778869628906,268.712109375,-1.1336669921875,0.005863155844954417,55.195947077541504,0
2019-09-26,269.3966369628906,270.1766947458815,267.990705990637,269.96808880363096,56179700,269.75591430664065,270.7042724609375,269.1401428222656,-2.635162353515625,0.005812250602649826,51.37441799301187,0
2019-09-27,267.94549560546875,270.258515016911,266.394430888546,270.1496445739282,84746600,269.2334716796875,270.3136901855469,269.32903442382815,-3.90582275390625,0.005382759856922837,44.541559906762245,1
2019-09-30,269.18817138671875,269.8956770404428,268.41719257426433,268.4625344992536,51662400,268.9722473144531,270.1313537597656,269.5859313964844,-1.8233642578125,0.005444307822147696,50.03658585050998,0
2019-10-01,265.9861145019531,270.7209661205217,265.76842908357344,270.067882184124,88242400,268.49510498046874,269.5601867675781,269.75992279052736,-5.711669921875,0.005984534709126643,32.19700274276897,0
2019-10-02,261.28759765625,264.41696448642426,259.99958846909385,264.4078850320209,122539500,266.76080322265625,268.50291748046874,269.55001068115234,-10.572692871093693,0.006730908096679841,20.322546927104753,1
2019-10-03,263.4283752441406,263.455585936669,258.3488337490657,261.0609342690708,85278800,265.56715087890626,267.6615325927734,269.2764953613281,-8.413848876953068,0.006301040736078963,29.007634748984117,1
2019-10-04,266.9930725097656,267.2470481606347,264.02696908285304,264.081418140647,65091200,265.3766662597656,267.30506896972656,269.1708297729492,-3.56463623046875,0.0070876594460251695,41.18248939638046,0
2019-10-07,265.841064453125,267.81847578384463,265.55987813972894,266.19483104942367,59610500,264.7072448730469,266.83974609375,269.00079040527345,-4.653228759765625,0.0071381074076451185,37.406308362458454,0
2019-10-08,261.7139892578125,264.72543473960826,261.67769911141454,263.9907184423583,95708100,263.8528198242187,266.17396240234376,268.62755889892577,-6.6578369140625,0.007876282578185711,31.3604723653701,1
2019-10-09,264.1993408203125,265.1336114585525,263.10180603510383,263.72767961308983,62359400,264.43516845703124,265.5979858398438,268.2828872680664,-5.759765625,0.008028152884747272,37.12645214351812,1
2019-10-10,265.9861145019531,266.8659633095825,263.9543101137197,264.1175741775045,55296300,264.94671630859375,265.25693359375,267.98060302734376,-3.4105224609375,0.008163005229690884,42.427802231797145,1
2019-10-11,268.7436218261719,270.97498072998906,268.6166478742334,268.73454237201105,98720400,265.296826171875,265.3367462158203,267.8252182006836,0.798126220703125,0.008556587055341324,47.33785145873823,0
2019-10-14,268.4443054199219,269.0973894531063,268.0996183355658,268.42614651152667,40394800,265.8174743652344,265.2623596191406,267.6968566894531,-0.743865966796875,0.00853699041561532,50.11668502511061,1
2019-10-15,271.10211181640625,271.8459076999341,269.369623801432,269.48754603678105,46754500,267.6950988769531,265.7739593505859,267.66707305908204,5.115997314453125,0.008826165397549117,51.77882094576625,0
2019-10-16,270.6665954589844,271.35596965464424,270.2312245406846,270.63938477659065,48928200,268.9885498046875,266.71185913085935,267.6073883056641,9.378997802734375,0.008831112454928357,51.984234457608885,1
2019-10-17,271.4648132324219,272.3355827530061,270.77543903460804,271.82763155922663,45736600,270.08428955078125,267.5155029296875,267.5885177612305,8.03643798828125,0.00885890368773164,55.613251676124214,0
2019-10-18,270.276611328125,271.5737002063706,269.4239728965291,270.9296954952778,64304000,270.39088745117186,267.84385681152344,267.574462890625,3.283538818359375,0.00884953168258035,51.73906513912131,1
2019-10-21,272.10888671875,272.3084410011963,271.15648490964367,271.59188362078226,39048600,271.1238037109375,268.47063903808595,267.65519256591796,6.267822265625,0.0089783947837059,60.23052345059053,0
2019-10-22,271.21990966796875,272.9342379797446,271.129198168434,272.6439722537385,48594700,271.14736328125,269.4212310791016,267.79759674072267,9.50592041015625,0.008815648380377458,69.01685130650213,1
2019-10-23,272.00909423828125,272.0635156111766,270.7573472991516,270.9659810160959,34352200,271.4158630371094,270.20220642089845,267.9000961303711,7.80975341796875,0.00874500416134562,67.32574920110275,1
2019-10-24,272.4535217285156,273.0884746005034,271.62809406743776,272.94334172458434,35453100,271.6136047363281,270.8489471435547,268.05294036865234,6.4674072265625,0.008728600259465822,62.61502624135276,1
2019-10-25,273.5692443847656,274.1134858073228,271.82767736883653,271.8820987429654,45205400,272.2721313476562,271.3315093994141,268.33412780761716,4.82562255859375,0.008643372598819263,67.88404470640413,1
2019-10-28,275.1112365722656,275.61013608971376,274.75749763127527,274.7847083190437,42147000,272.8726013183594,271.9982025146484,268.63028106689455,6.66693115234375,0.008667893140943095,85.21648865935384,0
2019-10-29,275.0296630859375,275.9548820296619,274.7121865401747,274.8391882309899,44284900,273.6345520019531,272.3909576416016,269.08245849609375,3.92755126953125,0.008121741775006533,82.58711310103173,1
2019-10-30,275.8730773925781,276.24494741159185,273.92287740898763,275.2290452456097,49643900,274.4073486328125,272.91160583496094,269.81173248291014,5.20648193359375,0.006721902631591763,81.53910554701038,0
2019-10-31,275.138427734375,275.864092158819,273.68715424802167,275.864092158819,69053800,274.9443298339844,273.2789672851562,270.39723510742186,3.673614501953125,0.006696748662938794,73.42200860671771,1
2019-11-01,277.687255859375,277.73259776958525,276.41735019832123,276.58064197385863,71141500,275.76793212890624,274.02003173828126,270.9319442749023,7.41064453125,0.006376938930349849,79.06444264034991,1
2019-11-04,278.802978515625,279.374430643672,278.43108065957426,279.23837720396307,60606900,276.50628051757815,274.68944091796874,271.58003997802734,6.694091796875,0.0062138101906290995,76.81602360012413,0
2019-11-05,278.4945983886719,279.3018949820409,278.2043325788355,279.0025497152499,42933200,277.199267578125,275.4169097900391,272.4190704345703,7.274688720703125,0.0046689314271478564,77.50225157610328,1
2019-11-06,278.5580749511719,278.8301818233875,277.6147249920431,278.4945741205653,46487100,277.73626708984375,276.0718078613281,273.13700714111326,6.548980712890625,0.004458198531683989,76.27751750085922,1
2019-11-07,279.5376892089844,280.87106825413883,279.06602806695554,279.89145582645773,54272300,278.6161193847656,276.780224609375,273.81458587646483,7.08416748046875,0.004358908857395789,84.84689811657009,1
2019-11-08,280.22705078125,280.2814721535745,278.4945632788722,279.19298934454866,49032100,279.12407836914065,277.4460052490234,274.3887573242188,6.657806396484375,0.003946607252599073,83.42094286618858,0
2019-11-11,279.6918334960937,279.86417703477946,278.7121936255367,278.84827471069235,35797300,279.3018493652343,277.9040649414062,274.95113372802734,4.580596923828068,0.0039845809318856205,85.92366183039717,1
2019-11-12,280.28143310546875,281.1794133049867,279.5104268632624,280.054668191953,46484600,279.6592163085937,278.4292419433594,275.4100997924805,5.25177001953125,0.003533138358774616,85.68130242256038,1
2019-11-13,280.3721923828125,280.77130091310977,279.0660240438884,279.29278899604503,53917700,280.02203979492185,278.8791534423828,275.8953796386719,4.499114990234375,0.003464559766770933,85.23069486798586,1
2019-11-14,280.78033447265625,280.8619942096514,279.45603498872856,280.090987886083,51219900,280.27056884765625,279.44334411621094,276.3611557006836,5.64190673828125,0.0034538584072628794,84.23831617261338,1
2019-11-15,282.8122253417969,282.85756726611123,281.4244247462533,282.1137714747029,62023600,280.7876037597656,279.9558410644531,276.98793640136716,5.124969482421875,0.003354267559712249,84.93896833220685,1
2019-11-18,283.020751953125,283.25659632840035,282.1227717261377,282.5763015670428,49228000,281.45338745117186,280.37761840820315,277.5335296630859,4.2177734375,0.003195548379315405,85.84224877081905,0
2019-11-19,282.93914794921875,283.62852223373176,282.2951432620522,283.619442778009,67804700,281.98493041992185,280.8220733642578,278.11949157714844,4.444549560546875,0.0030020480171040445,84.01803003634767,0
2019-11-20,281.886962890625,282.86660297199927,280.3358983899287,282.34957224467774,79406200,282.2878845214844,281.15496215820315,278.61338500976564,3.328887939453125,0.0032648476986342034,81.52546432257625,0
2019-11-21,281.4333801269531,282.1046230732926,280.63519090852355,281.99578034720054,54664700,282.4184936523437,281.34453125,279.0623779296875,1.89569091796875,0.0033523764297464765,71.759392205453,1
2019-11-22,282.059326171875,282.31330182529547,281.052503014795,282.1772483826184,44850200,282.2679138183594,281.5277587890625,279.486882019043,1.832275390625,0.00330568905412436,70.05563491466779,1
2019-11-25,284.2452697753906,284.2452697753906,282.9844712930347,282.9844712930347,48647200,282.5128173828125,281.9831024169922,279.9435836791992,4.553436279296932,0.0034732477793486985,78.76529565493458,1
2019-11-26,284.8893127441406,285.0707357657837,283.9641217688007,284.2815982160428,37569000,282.90285034179686,282.4438903808594,280.4365661621094,4.607879638671875,0.0034451956380232187,79.93092264721466,1
2019-11-27,286.15924072265625,286.15924072265625,285.1523899326164,285.3700754304547,44444600,283.75730590820314,283.02259521484376,280.9508743286133,5.78704833984375,0.0034865774741319956,80.46708473633777,0
2019-11-29,285.0980224609375,285.84181829420453,284.87125746405906,285.59689438156045,36592700,284.490234375,283.45436401367186,281.44885406494143,4.31768798828125,0.0035645751471935837,71.67074886087752,0
2019-12-02,282.6761474609375,285.41545826710006,282.24982822038623,285.3519574335292,75767800,284.6135986328125,283.4407562255859,281.6982986450195,-0.136077880859375,0.00380727668253588,61.36860363460518,0
2019-12-03,280.78033447265625,280.8619942096514,278.5852653796921,279.9639862341054,73941700,283.9206115722656,283.2167144775391,281.7971664428711,-2.24041748046875,0.004089456335057886,51.728520374717164,1
2019-12-04,282.5128173828125,283.1114801298138,281.4787836789131,281.82347080730165,49080000,283.4453125,283.17408142089846,281.9980773925781,-0.42633056640625,0.0042716427052871195,56.65899606216987,1
2019-12-05,283.020751953125,283.2293856451966,281.7145837968173,283.21125441681573,40709000,282.81761474609374,283.28746032714844,282.2212112426758,1.1337890625,0.0042764466812687885,56.926424080489696,1
2019-12-06,285.6059265136719,286.0050350565463,284.9165521793852,284.9256316357635,48927000,282.9191955566406,283.7047149658203,282.52462310791014,4.17254638671875,0.0046335805475635145,58.35124414781622,0
2019-12-09,284.7079772949219,285.88714413985167,284.63539699849,285.21592864485524,34838500,283.3255615234375,283.969580078125,282.74866943359376,2.648651123046875,0.004714646494051534,54.8439835493633,0
2019-12-10,284.39044189453125,285.3156328729228,283.73735776823526,284.6534969724014,52649800,284.0475830078125,283.9840972900391,282.9835998535156,0.145172119140625,0.004693873473474344,54.11093899116195,1
2019-12-11,285.1977844238281,285.4517600872291,284.3088557612892,284.8440177776958,53429100,284.58457641601564,284.0149444580078,283.2294174194336,0.3084716796875,0.0047070595011525,59.51015542133822,1
2019-12-12,287.6558837890625,288.4359419435748,284.97099448527933,285.2068112141044,96389600,285.5116027832031,284.16460876464845,283.5936019897461,1.49664306640625,0.005011079828609906,66.02805670453992,1
2019-12-13,287.82818603515625,289.0527221467865,286.64899183529326,287.4199981041912,81503900,285.9560546875,284.4376251220703,283.9459945678711,2.73016357421875,0.005013295768193313,65.21513061731733,1
2019-12-16,289.8056030273437,290.39518635483904,287.7647184989822,289.5516273932872,82749700,286.9755798339844,285.15057067871095,284.29566345214846,7.129455566406193,0.0049908924632917455,64.82825523991193,1
2019-12-17,289.8691101074219,290.4859041346796,289.78747804627915,290.1865865771561,61097700,288.0713134765625,286.0594482421875,284.6380813598633,9.088775634765625,0.004994949617041787,63.7044216155929,1
2019-12-18,289.8872375488281,290.4859003373177,289.8328161754444,290.25913538779594,48133000,289.0092041015625,286.79689025878906,284.98548583984376,7.374420166015625,0.004990031218219019,61.01863694665082,1
2019-12-19,291.075439453125,291.14801972745664,289.8236926929126,290.07766829054526,85310500,289.693115234375,287.60235900878905,285.4449096679688,8.0546875,0.004887478129372388,67.53549750219341,1
2019-12-20,292.3515014648437,293.481776133268,291.1300693321444,292.1053735295657,147142100,290.5977783203125,288.27691650390625,285.9908157348633,6.745574951171818,0.0048629675741747634,80.42956632574703,1
2019-12-23,292.7982177734375,293.19016437902224,292.6523713537724,293.1354754488179,52990000,291.19630126953126,289.0859405517578,286.5277603149414,8.090240478515625,0.004863137981066109,91.58767372111689,1
2019-12-24,292.8073425292969,293.071663086762,292.5065255951328,293.0260982506087,20270000,291.78394775390626,289.92763061523436,286.9558639526367,8.416900634765625,0.004675552286221644,90.44842909525191,1
2019-12-26,294.3660583496094,294.3751824445798,293.1810943326841,293.1901906102919,30911200,292.6797119140625,290.8444580078125,287.42970123291013,9.16827392578125,0.004751440514215197,91.1769722720033,0
2019-12-27,294.2930908203125,295.1499211381323,293.7644218965359,295.0952322086851,42528800,293.3232421875,291.5081787109375,287.83639373779295,6.63720703125,0.004721412635865884,88.5613964741358,0
2019-12-30,292.67059326171875,294.5118799794698,292.18748916413625,294.3751576532409,49729100,293.387060546875,291.99241943359374,288.215022277832,4.8424072265625,0.004840196983288237,83.20906825372987,1
2019-12-31,293.381591796875,293.6277198137139,291.82290156546304,292.1692833540794,57077300,293.5037353515625,292.3500183105469,288.7502944946289,3.575988769531307,0.004254997139997962,86.30710609854684,1
2020-01-02,296.12530517578125,296.1435533670269,293.9923531023892,294.9129966046256,59151200,294.1673278808594,292.9756378173828,289.51754302978514,6.256195068359375,0.00406238859909862,88.15887908232752,0
2020-01-03,293.88287353515625,295.0040520315926,292.68878575105936,292.7434746711436,77709700,294.07069091796876,293.3752014160156,290.08604583740237,3.995635986328125,0.004570060715122871,72.07716610404225,1
2020-01-06,295.0041198730469,295.08615327203825,292.0143098616565,292.1328118215423,55653900,294.2128967285156,293.7680694580078,290.6852142333984,3.928680419921875,0.004587948826433265,73.83757590503127,0
2020-01-07,294.1746520996094,294.9129805533922,293.7279886988713,294.43897268463854,40496400,294.5137084960937,293.95038452148435,291.1136505126953,1.8231506347656818,0.004395579867929318,65.71173334445436,1
2020-01-08,295.74249267578125,296.95480128822834,294.1199891894408,294.3660894233574,68296000,294.985888671875,294.24481201171875,291.6653762817383,2.94427490234375,0.00433352143440667,69.05938485976236,1
2020-01-09,297.747802734375,297.8207398631898,296.7177813744384,297.3011671355,48473300,295.3103881835938,294.7388580322266,292.33324432373047,4.940460205078125,0.004402335179968192,72.59394149916932,0
2020-01-10,296.89093017578125,298.48608887965315,296.42607426931494,298.3311461832845,53029300,295.91199951171876,294.99134521484376,292.91790161132815,2.524871826171875,0.004549110101977271,67.04026812029645,1
2020-01-13,298.9328308105469,298.94192708972656,297.0824473403548,297.51086261756024,47086800,296.69774169921874,295.4553192138672,293.4817489624023,4.639739990234375,0.004431322919353661,68.4559783790076,0
2020-01-14,298.4770812988281,299.54354357146394,297.9210399203598,298.4953016751799,62832800,297.5582275390625,296.0359680175781,294.0141937255859,5.806488037109375,0.004490043802694006,65.91713526635337,1
2020-01-15,299.15155029296875,299.90809914567166,298.30384393795646,298.38587734482564,72056600,298.2400390625,296.6129638671875,294.4814910888672,5.76995849609375,0.00433314647319554,67.14263331931491,1
2020-01-16,301.6400146484375,301.6400146484375,300.30008000636747,300.52795985830204,54050300,299.0184814453125,297.1644348144531,295.07003631591795,5.51470947265625,0.004569597294956492,68.71457936499212,1
2020-01-17,302.57879638671875,302.7884279904779,301.5761197469233,302.3509165966451,95846000,300.1560546875,298.0340270996094,295.7046142578125,8.6959228515625,0.0045523185393242325,70.4083995056992,0
2020-01-21,301.9863586425781,302.7885001455664,301.5488471444855,301.62175645504635,77742400,300.7667602539062,298.7322509765625,296.25016021728516,6.98223876953125,0.004617173591742902,74.17207635379432,1
2020-01-22,302.0228271484375,303.49038781097767,301.8678844320141,302.84318902456715,48914900,301.4759094238281,299.51706848144534,296.73372650146484,7.848175048828125,0.0045924612032210675,73.23518116738823,1
2020-01-23,302.3692932128906,302.77948817393155,300.26368508994005,301.3757401528406,51963000,302.1194580078125,300.17974853515625,297.2122802734375,6.626800537109375,0.0045937334372252395,69.27405877842317,0
2020-01-24,299.6802062988281,303.1075279519649,298.39496067890184,303.0254945486543,87578400,301.7274963378906,300.37298889160155,297.55592346191406,1.932403564453125,0.005155284910401803,67.41509582716824,0
2020-01-27,294.8764953613281,296.3531521856209,294.1108224827082,294.4480801750021,84062500,300.1870361328125,300.1715454101562,297.5814453125,-2.014434814453125,0.006328212351787403,49.68607185966766,1
2020-01-28,297.96649169921875,298.8415422456188,294.96758607389665,296.29839616991114,63834000,299.3830627441406,300.0749114990234,297.76511535644534,-0.966339111328125,0.006737971985296544,58.393647765517485,0
2020-01-29,297.72052001953125,299.55268327227856,297.5199845997412,299.32480337785205,53888900,298.52260131835936,299.99925537109374,298.0176116943359,-0.756561279296875,0.006592551250273059,54.65074895886251,1
2020-01-30,298.6866760253906,298.89633550564963,294.9130001022843,295.6604248833748,75491800,297.78607788085935,299.95276794433596,298.2828659057617,-0.464874267578125,0.006605177534576125,52.320895376012956,0
2020-01-31,293.2630920410156,298.22175888029057,292.3515728105219,298.06678837146853,113845600,296.5026550292969,299.1150756835938,298.13975524902344,-8.376922607421875,0.007552695556707937,42.68381696772009,1
2020-02-03,295.4416198730469,297.30112696346464,294.6212580975968,294.73976005288546,69083000,296.6156799316406,298.40135803222654,298.21769256591796,-7.137176513671875,0.007553871768624777,42.99793610494281,1
2020-02-04,299.9444885253906,300.81044284267324,298.7230562055204,299.0420934706959,62573200,297.011279296875,298.1971710205078,298.46471099853517,-2.0418701171875,0.008235672073170143,52.53202150986079,1
2020-02-05,303.4083557128906,303.6180152040548,301.4121536768775,302.8705625667215,65951100,298.1488464355469,298.3357238769531,298.92639617919923,1.385528564453125,0.008519514410370256,56.70017225130437,1
2020-02-06,304.42926025390625,304.6206715396904,303.35364621707834,304.3654472195234,50359700,299.29736328125,298.5417205810547,299.3607345581055,2.059967041015625,0.008485273182684456,54.602893540901185,0
2020-02-07,302.80682373046875,304.4384237939555,302.2599064043152,303.37196143445817,64139400,301.20610961914065,298.85438232421876,299.61368560791016,3.126617431640625,0.00851934465033263,50.367993979713056,1
2020-02-10,305.0672607421875,305.13107376686384,301.88606741089336,301.9225359703313,42070000,303.13123779296876,299.8734588623047,300.02250213623046,10.190765380859375,0.008592996237444188,54.71800398358337,1
2020-02-11,305.595947265625,307.20020220152,305.06725053223005,306.41630901268127,54864500,304.26152954101565,300.6364044189453,300.35565795898435,7.62945556640625,0.00849668210262872,55.390508462090935,1
2020-02-12,307.5648803710937,307.77451202465284,306.6624572722204,307.02705945948134,43992700,305.09283447265625,301.62084045410154,300.81004791259767,9.844360351562443,0.008551914110610775,57.47240351654904,0
2020-02-13,307.2367553710937,308.202963799749,305.86947614367216,306.1429208622096,54501900,305.6543334960937,302.47584838867186,301.2143081665039,8.550079345703068,0.00856942143152005,61.65982778641591,1
2020-02-14,307.7288818359375,307.84738378054004,306.4527605428289,307.646848447526,64582200,306.63874511718745,303.92242736816405,301.5187515258789,14.465789794921875,0.008412937554276004,72.87502213377162,0
2020-02-18,306.9359130859375,307.79274347896046,305.550385905375,306.7353777212436,57226200,307.01247558593747,305.0718566894531,301.7366073608398,11.494293212890625,0.008435100239577437,67.38556910809564,1
2020-02-19,308.40350341796875,309.07801894449966,307.61961000252654,307.9021788213364,48814700,307.5739868164062,305.9177581787109,302.0574645996093,8.459014892578125,0.00845585812169707,69.77069919801197,0
2020-02-20,307.13641357421875,308.67688328776865,304.1557279094007,307.85649373249373,74163400,307.48829345703126,306.2905639648437,302.31314392089837,3.728057861328125,0.008533791110669414,65.46543024104044,0
2020-02-21,303.97344970703125,306.0972773213097,303.153060127596,305.7873641141862,113788200,306.83563232421875,306.24498291015624,302.3933517456054,-0.455810546875,0.008890835783156538,71.37153887843525,0
2020-02-24,293.89208984375,304.0464012409805,292.8164758374308,294.5483849080448,161088400,304.0682739257812,305.3535095214844,302.1039459228515,-8.91473388671875,0.011489011274626879,47.649403497076506,0
2020-02-25,284.9864807128906,295.88824287722144,284.11143004397,295.2775405729495,218913200,299.6783874511719,303.3454315185547,301.60944519042965,-20.080780029296875,0.012841207649830778,29.9829128801925,0
2020-02-26,283.9382019042969,289.9633298508021,283.20899774544955,286.38106643552646,194773800,294.7853271484375,301.1796569824219,300.9080307006835,-21.657745361328125,0.012525184781048523,22.143717908414544,0
2020-02-27,271.18609619140625,283.99293030133657,271.18609619140625,278.43265741082325,284353500,287.595263671875,297.5417785644531,299.5813095092773,-36.37878417968744,0.01571827369198987,14.391514466829861,0
2020-02-28,270.0467529296875,271.5325340386913,260.27526361074985,263.15566832306206,384975800,280.80992431640624,293.8227783203125,298.14931335449216,-37.19000244140619,0.015612063143078937,14.542014536201108,1
2020-03-02,281.7415466308594,281.80535966924487,268.40601247661044,271.82421045255126,238703600,278.37981567382815,291.2240447998047,297.57323608398434,-25.987335205078125,0.018625618763332973,29.03494080530676,0
2020-03-03,273.6745300292969,286.07119736155244,271.24078921564694,282.11520716459734,300139100,276.1174255371094,287.8979064941406,296.4848815917968,-33.261383056640625,0.019410455935732502,24.733042530094465,1
2020-03-04,285.177978515625,285.39676211227726,276.4911987598748,279.03434596352906,176613400,276.365380859375,285.5753540039062,295.74655609130855,-23.22552490234375,0.021584810929499723,34.603828359342984,0
2020-03-05,275.6980895996094,281.1763288962732,273.46488424875696,277.9951357880224,186366800,277.2677795410156,282.4315216064453,294.3610427856445,-31.438323974609375,0.022381294761451096,30.734942180164097,0
2020-03-06,271.1405334472656,272.3437456449538,264.5502664620457,267.2118873410211,228667200,277.4865356445313,279.1482299804687,292.69660644531245,-32.832916259765625,0.022453531976928832,28.70790114607837,0
2020-03-09,249.96592712402344,259.04465081754387,249.25494324110963,250.9412315537288,309417300,271.13141174316405,274.75561370849607,290.0545616149902,-43.92616271972656,0.027700765359330796,23.203621286469627,1
2020-03-10,262.9004821777344,262.9916118792991,249.3005981834413,259.4549393740364,276444100,268.9766021728516,272.5470138549805,287.94622268676756,-22.08599853515625,0.030706958709140978,30.681176830933694,0
2020-03-11,250.0845184326172,256.99385297422504,246.912447845986,255.86357750702288,255316300,261.95791015625,269.1616455078125,285.17065124511714,-33.85368347167969,0.03200237115905987,27.94115269810999,0
2020-03-12,226.15707397460935,243.06576125881952,225.76511340861424,233.3489613279396,392220700,252.04970703125,264.6587432861328,281.10026092529296,-45.0290222167969,0.037072785313126945,24.075375069694573,1
2020-03-13,245.4903717041016,247.45925662714072,226.53076847464143,239.8115967480577,329566100,246.9196746826172,262.2031051635742,278.01294174194334,-24.55638122558591,0.04326840345254763,34.811231104986774,0
2020-03-16,218.62789916992188,234.1692913616769,216.35821121478764,219.8402075410676,297240000,240.65206909179688,255.89174041748046,273.5578926086426,-63.1136474609375,0.048475276185033556,31.28538192163684,1
2020-03-17,230.43212890625,233.50395903282416,216.09393128193696,223.3587287913768,262070500,234.1583984375,251.56750030517577,269.7327033996582,-43.242401123046875,0.05087893999629698,35.77319713108669,0
2020-03-18,218.76467895507807,226.3940926828577,207.84467929166857,215.34648084640503,327597100,227.8944305419922,244.9261703491211,265.25076217651366,-66.41329956054693,0.051367105452432116,35.980734441079576,1
2020-03-19,219.2294921875,225.49163896080336,211.67300364288351,218.0809829271714,289322000,226.5089141845703,239.27931060791016,260.85541610717775,-56.468597412109375,0.051460308200474134,36.360531234693106,0
2020-03-20,209.781982421875,224.14947908525951,209.50691583930976,222.3707310405341,347158800,219.367236328125,233.1434555053711,256.1458427429199,-61.358551025390625,0.05180909826202092,30.450047432847427,0
2020-03-23,204.41824340820312,210.58883736917824,200.11807712080451,209.22269612416616,326025200,216.52530517578126,228.58868713378905,251.6721504211426,-45.54768371582031,0.051712735791096934,30.90398094933569,1
2020-03-24,222.9392242431641,223.8102708801105,214.36641010403872,214.9348708645978,235494500,215.02672424316407,224.59256134033203,248.56978759765624,-39.961257934570284,0.056850968988686676,33.47829443630151,1
2020-03-25,226.27664184570312,235.0420199208636,219.82181757105965,224.5162352253458,299430300,216.52911682128905,222.21177368164064,245.68670959472655,-23.807876586914062,0.057123728388348935,36.438478817644246,1
2020-03-26,239.48892211914065,240.95590684573168,228.3488284730968,228.7797629312914,257632800,220.58100280761718,223.54495849609376,244.1018508911133,13.331848144531307,0.058430002229977525,41.708453770048955,0
2020-03-27,232.35557556152344,239.1313137589341,230.1825758633505,232.21804924789328,224341200,225.09572143554686,222.23147888183593,242.21729202270507,-13.134796142578153,0.05870117522927852,45.02041517940817,1
2020-03-30,239.9015045166016,240.6166693743866,232.45644779685475,234.44607454125364,171369500,232.19237365722657,224.3588394165039,240.1252899169922,21.273605346679716,0.05827232103607183,43.29228972967048,0
2020-03-31,236.32568359375,241.44185872909284,234.922859122693,238.9021126681688,194881100,234.86966552734376,224.9481948852539,238.25784759521486,5.8935546875,0.05807694351408146,45.758596765203244,0
2020-04-01,225.6898193359375,236.2431083425227,223.62684104588152,227.36771002403904,189554600,234.75230102539064,225.64070892333984,235.28343963623047,6.925140380859432,0.05757117213651972,49.84310326594422,1
2020-04-02,230.89768981933597,231.67702874237105,224.25947939763893,224.80961251193008,177660400,233.0340545654297,226.80752868652343,233.0434196472168,11.668197631835966,0.05775390101731287,44.58646989377471,0
2020-04-03,227.5602569580078,232.2638518564536,224.83712454211465,229.91662928983567,135561200,232.07499084472656,228.58535614013672,230.8644058227539,17.778274536132812,0.05773816314175031,54.01437379126333,1
2020-04-06,242.8446807861328,244.80681626495056,227.5419743229143,236.40819703837275,188061200,232.66362609863282,232.4279998779297,230.5083435058594,38.42643737792969,0.0574768177585611,55.409232152344664,1
2020-04-07,243.09222412109372,252.1693239994925,242.87218203318545,251.41747622455648,201427200,234.01693420410157,234.44329986572265,229.51793060302734,20.15299987792963,0.056184277299415164,61.77348486526802,1
2020-04-08,251.2524261474609,253.05867943513024,243.20222724698655,245.6869622430104,153774500,239.12945556640625,236.94087829589844,229.57632598876953,24.975784301757784,0.05562253801774529,64.42339874985822,1
2020-04-09,255.07586669921875,257.8265049685233,252.5727758010134,254.5073779529067,189999200,243.9650909423828,238.49957275390625,231.022265625,15.586944580078097,0.050713507482731554,71.48945732456332,0
2020-04-13,252.7469482421875,254.443180523553,248.8502112627236,254.10393966346692,114839100,249.00242919921874,240.53871002197266,231.3850944519043,20.391372680664062,0.04733265522876718,73.60918919225138,1
2020-04-14,260.2011413574219,261.2188637812924,252.609383127956,257.6247131889089,134143400,252.47372131347657,242.56867370605468,233.4637565612793,20.299636840820284,0.039600395337651056,70.40973129159988,0
2020-04-15,254.67242431640625,260.3387321420968,252.5635849639978,254.49821499657008,121775000,254.78976135253907,244.40334777832032,234.6757713317871,18.34674072265625,0.03871272957426355,65.18881196047951,1
2020-04-16,255.9009552001953,256.75364602376106,252.83858245014116,255.9467879615329,131798300,255.71946716308594,247.4244613647461,236.53258514404297,30.211135864257812,0.036380212927069,60.06969156520474,1
2020-04-17,262.81427001953125,263.4193856745287,258.9266831445482,261.6589932617612,146684800,257.26714782714845,250.61611938476562,238.71182403564453,31.916580200195284,0.03657633555050485,68.73869163230071,0
2020-04-20,258.18414306640625,262.95192854553324,257.96410089938246,259.1193502572044,100109300,258.3545867919922,253.67850799560546,241.1319320678711,30.623886108398438,0.03505162229547954,61.666333993162795,0
2020-04-21,250.34474182128903,254.929138502849,249.4095069904513,253.7280288107553,126385700,256.3833068847656,254.4285140991211,243.4282569885254,7.500061035156222,0.035330265883743384,58.48406054538269,1
2020-04-22,255.9009552001953,257.6430198449541,253.8929877892639,255.2132958945593,92951600,256.62901306152344,255.70938720703126,245.07634353637695,12.808731079101591,0.030121560355618617,69.48091803443856,0
2020-04-23,255.88259887695312,260.3386457130344,255.58004109506803,257.1754017250468,104709700,256.625341796875,256.17240447998046,246.55664138793946,4.630172729492216,0.03010893599773258,67.26650150382262,1
2020-04-24,259.4494323730469,260.11876458215687,255.35097927054392,257.3956309371255,85063200,255.95237426757814,256.6097610473633,247.55466690063477,4.373565673828125,0.02762212683040859,71.96822868017331,1
2020-04-27,263.1902160644531,264.3088100325091,260.9622058760842,261.4206455682229,77896600,256.9535888671875,257.65408782958986,249.09639892578124,10.443267822265625,0.026490591829675687,66.66667499980625,0
2020-04-28,261.97998046875,267.17867138306195,261.67739457497856,266.8302527082662,105270000,259.2806365966797,257.8319717407227,250.20032272338867,1.778839111328125,0.0258731300414683,65.2322415130597,1
2020-04-29,268.83819580078125,270.36939668055743,266.2709447231819,267.29784515422165,118745600,261.8680847167969,259.24854888916013,251.82594833374023,14.165771484375,0.025863313543360956,64.48645589823867,0
2020-04-30,266.3350830078125,268.9390166066362,264.6021678699744,267.4628265283742,122901700,263.9585815429688,260.2919616699219,253.85821151733398,10.434127807617188,0.02319567540641144,59.48113343311074,0
2020-05-01,259.28436279296875,266.50020001311435,258.11990791498647,261.594889070107,125180000,263.9255676269531,259.9389709472656,255.2775451660156,-3.5299072265625,0.024189155767188216,55.09948638061157,1
2020-05-04,259.9994812011719,260.30203907180845,255.9285346924401,257.4046969992286,80873200,263.28742065429685,260.12050476074216,256.89950637817384,1.815338134765625,0.0237214909449009,49.82421436483607,1
2020-05-05,262.4017639160156,265.2074131354292,260.1278925305998,262.81437091102384,79569900,263.37177734375,261.32620697021486,257.87736053466796,12.057022094726591,0.019060556032629874,57.126016042855966,0
2020-05-06,260.6229553222656,264.4830095523587,260.192020908388,264.09793589455825,73632600,261.7287292480469,261.79840698242185,258.75389709472654,4.7220001220703125,0.01920508744552339,54.309690044795786,1
2020-05-07,263.7677917480469,265.6932435927499,263.26351939914133,263.8319800050877,75250400,261.21527099609375,262.58692626953126,259.37966537475586,7.88519287109375,0.018007357989663346,50.93454952888175,1
2020-05-08,268.1322021484375,268.5998195757135,265.7666377314456,266.8944094168429,76452400,262.9848388671875,263.4552032470703,260.0324821472168,8.682769775390625,0.018058791370005527,59.80117309318236,1
2020-05-11,268.1871337890625,269.5624524238782,265.7849150505331,266.2066715972164,79514200,264.62236938476565,263.95489501953125,260.8044914245605,4.996917724609375,0.01785769704954625,70.76393636497625,0
2020-05-12,262.8417663574219,269.782520471712,262.70421209593,269.36994163003214,95870800,264.7103698730469,264.04107360839845,260.93652267456054,0.861785888671875,0.01743082850748832,58.117145807153435,0
2020-05-13,258.1932373046875,263.31858964743844,255.7726623265701,262.2825114779081,144721100,264.22442626953125,262.97657775878906,261.1125633239746,-10.64495849609375,0.0172121291400364,52.438195770552305,1
2020-05-14,261.28302001953125,261.4113685344945,250.29879909463915,255.76341829570487,121977900,263.72747192382815,262.47137145996095,261.3816665649414,-5.05206298828125,0.017372773342536608,51.954486930509226,1
2020-05-15,262.48419189453125,262.53002466488874,257.95480613821377,258.8991906512392,111146300,262.5978698730469,262.7913543701172,261.3651626586914,3.1998291015625,0.016309086378853734,49.20434574762611,1
2020-05-18,270.4794311523437,272.0839701507051,268.3706196611589,268.6915050760796,119703800,263.0563293457031,263.8393493652344,261.9799270629883,10.479949951171818,0.017090240186373517,58.30794801946819,0
2020-05-19,267.7012023925781,271.58876097438247,267.6828748829976,269.8833792126806,95189300,264.02821655273436,264.3692932128906,262.8477500915527,5.2994384765625,0.015582807508109819,48.79229652642218,1
2020-05-20,272.2489929199219,273.1108617924765,271.00205036955106,271.23127021904025,85861700,266.83936767578126,265.5318969726562,263.66515197753904,11.62603759765625,0.015294427974953702,56.02020040100084,0
2020-05-21,270.3694152832031,272.92751677002803,269.278326504917,272.1206583812847,78293900,268.6566467285156,266.1920593261719,264.3894927978516,6.60162353515625,0.015447171288517155,62.61210742869051,1
2020-05-22,270.8829040527344,271.05711341057327,268.8474302756722,270.0852232989164,63958200,270.3363891601563,266.4671295166016,264.96116638183594,2.750701904296875,0.015226125245165622,62.43977681318363,1
2020-05-26,274.2203674316406,277.0718778390343,270.901267405882,276.8334801639419,88951400,271.08457641601564,267.07045288085936,265.51267395019534,6.033233642578125,0.0151450445234052,63.22594261718427,1
2020-05-27,278.30035400390625,278.3370370080894,272.1939349208289,277.0075509205538,104817400,273.20440673828125,268.61631164550784,266.3286926269531,15.458587646484375,0.015312622808509055,68.81342698479413,0
2020-05-28,277.78692626953125,281.3352447299404,277.1175942986496,279.3272767982314,90405200,274.31199340820314,270.5756805419922,266.7761291503906,19.59368896484375,0.014344860912889511,65.80532754030477,1
2020-05-29,279.02471923828125,279.61150744849493,274.5778489741923,277.3193091660714,119090800,276.0430541992188,272.3498504638672,267.4106109619141,17.74169921875,0.014115326249233243,63.211769722561975,1
2020-06-01,280.1524658203125,280.7576095309241,277.86944526100126,278.38289544316814,55758300,277.8969665527344,274.11667785644534,268.4540161132812,17.66827392578125,0.012368430440689339,64.1448920661904,1
2020-06-02,282.47216796875,282.51802872321025,279.739885508997,281.0693437314925,74267200,279.5473266601563,275.3159515380859,269.57765045166013,11.992736816406307,0.012402003003906934,74.99419100293215,1
2020-06-03,286.2313842773437,287.18494662104723,284.1775835194625,284.45263612777273,92567600,281.13353271484374,277.1689697265625,270.7691314697266,18.530181884765568,0.01252135869898028,86.52644284287604,0
2020-06-04,285.4796447753906,286.9833408869309,283.3891602166023,285.2504248545544,75794400,282.6720764160156,278.4920349121094,272.0119659423828,13.23065185546875,0.012359087464289254,83.56672873045287,1
2020-06-05,292.7962341308594,294.56580447547407,290.7974439598148,290.86163222663976,150524700,285.42637939453124,280.734716796875,273.46338806152346,22.42681884765625,0.0131358317343008,85.9505310789595,1
2020-06-08,296.3353576660156,296.5278944562294,293.06209232772414,293.60304767799335,73641200,288.6629577636719,283.27996215820315,274.87354583740233,25.45245361328125,0.012972000328404927,84.28997543335663,0
2020-06-09,294.12567138671875,296.4086915242657,292.81451293214826,293.6763815746221,77479200,290.9936584472656,285.27049255371094,276.1704727172852,19.905303955078125,0.013234415059464679,85.58052572968941,0
2020-06-10,292.4844665527344,295.5927004902084,291.769301891686,294.7033265416414,95000800,292.24427490234376,286.68890380859375,277.6526077270508,14.184112548828125,0.01217468759644945,79.56090810687438,0
2020-06-11,275.6230773925781,286.20387252008595,275.0729721884442,285.5712235543959,209243600,290.27296142578126,286.47251892089844,278.5240997314453,-2.163848876953125,0.018036174402222074,55.33815906816021,1
2020-06-12,278.923828125,283.3890255846192,273.78014897594073,282.6188503742168,194678900,287.49848022460935,286.4624298095703,279.40614013671876,-0.10089111328125,0.018036390200076392,57.73227945315148,1
2020-06-15,281.5278015136719,282.65557322051234,272.0747773753375,273.2483818586524,135782700,284.53696899414064,286.59996337890624,280.35832061767576,1.375335693359375,0.018083598449602483,57.12748933778795,1
2020-06-16,286.9465026855469,289.40376017355715,282.0962319299396,289.2570561458452,137627500,283.10113525390625,287.0473968505859,281.1816741943359,4.474334716796875,0.01736891920392178,58.218609435546256,0
2020-06-17,285.75457763671875,288.2576679504427,285.0210574809537,287.96425988813667,83398900,281.7551574707031,286.9997161865234,282.08434295654297,-0.47680664062494316,0.01717370463694297,57.477214720046945,1
2020-06-18,285.86474609375,286.34151345518063,283.78343928904934,284.24187912998366,80828700,283.8034912109375,287.03822631835936,282.7651306152344,0.385101318359375,0.016881688468612214,56.55779050320848,0
2020-06-19,284.23095703125,289.5169952642536,282.2878135586834,289.323611161699,135549600,284.8649169921875,286.18169860839845,283.45820770263674,-8.565277099609375,0.01684859730156154,53.87262561025932,1
2020-06-22,286.0542907714844,286.4502770307113,282.4903582303145,283.6322825514577,74649400,285.77021484375,285.1535919189453,284.2167770385742,-10.28106689453125,0.01686837997354291,53.43367865431882,1
2020-06-23,287.37127685546875,289.627527981212,286.9660723422408,288.6973956071107,68471200,285.85516967773435,284.4781524658203,284.87432250976565,-6.75439453125,0.016728429124495927,51.14632667241187,0
2020-06-24,280.0407409667969,285.95302134093265,278.2081310603143,285.3359965817493,132813500,284.71240234375,283.23377990722656,284.96134185791016,-12.4437255859375,0.017569624167458744,45.1695542769916,1
2020-06-25,283.04296875,283.3100417218154,277.45301313177083,279.46981736237365,89468000,284.148046875,283.97576904296875,285.2241439819336,7.419891357421875,0.017706938227520112,40.61893677663269,0
2020-06-26,276.3202514648437,282.1588713157659,275.7400992165521,281.9470509652658,127961000,282.56590576171874,283.71541137695306,285.0889205932617,-2.603576660156307,0.018529009699503853,31.85965785725149,1
2020-06-29,280.38153076171875,280.5196622715444,275.28887633629,277.5727536803356,79773300,281.4313537597656,283.6007843017578,285.10037384033205,-1.146270751953125,0.018812091699750642,37.94774989054797,1
2020-06-30,283.9730224609375,285.66752892214726,279.7920932107912,279.94863284970944,113394800,280.7517028808594,283.3034362792969,285.17541656494143,-2.973480224609375,0.018941141769227357,42.78315276315076,1
2020-07-01,285.9622497558594,287.22392574002134,284.62694111006857,285.08739818187286,72396500,281.9360046386719,283.32420349121094,285.1619598388672,0.207672119140625,0.018767376622636216,61.72318671477823,1
2020-07-02,287.5370788574219,290.7326525675876,286.87401944452057,289.38809746937955,69344200,282.83482666015624,283.49143676757814,285.26483154296875,1.672332763671875,0.018792758062777956,60.16404269892587,1
2020-07-06,291.9758605957031,292.55604108748975,290.60370731479867,291.34964563164624,61713800,285.9659484863281,284.26592712402345,285.22381286621095,7.744903564453125,0.018205347703798738,61.817468875600404,0
2020-07-07,288.96441650390625,292.4086261412663,288.58683836174674,290.4378846405108,82910000,287.6825256347656,284.55693969726565,284.85526580810546,2.910125732421875,0.018112757824716916,52.41384546979142,1
2020-07-08,291.1746520996094,291.28515730964824,287.9698885921955,289.7288100254336,54638600,289.1228515625,284.93727722167966,284.70771484375,3.803375244140625,0.01814862040032022,56.32934173135407,0
2020-07-09,289.5169677734375,292.0218551502653,286.1095744969354,291.7824085004592,83354200,289.83379516601565,285.88489990234376,284.55933990478513,9.476226806640625,0.018150355996080874,54.1161474763678,1
2020-07-10,292.47314453125,292.7402175248968,288.02514120267125,289.4525470058198,57550400,290.8210083007813,286.8279174804687,285.40184326171874,9.43017578125,0.012263283166114622,59.02028629255811,0
2020-07-13,289.9406433105469,297.1882340667077,289.2868020526864,294.81228763297554,102997500,290.41396484375,288.18995666503906,285.9526840209961,13.620391845703182,0.012339997729076258,54.18823027965385,1
2020-07-14,293.6979064941406,294.47147088494086,287.32516922126496,288.52234618472755,93657000,291.36066284179685,289.52159423828124,286.56118927001955,13.316375732421875,0.012478984914967291,56.477371645177584,1
2020-07-15,296.3962097167969,297.4920997478603,294.02023559241456,296.9119193662305,87196500,292.40497436523435,290.7639129638672,287.033674621582,12.423187255859375,0.01194675251679031,68.49991922578253,0
2020-07-16,295.4200134277344,295.87125229977755,293.8544483675677,294.4990994168282,54622500,293.58558349609376,291.7096893310547,287.51694641113284,9.457763671875,0.011926137288679655,64.6723483875542,1
2020-07-17,296.2764587402344,297.059241275674,294.4530388686995,296.4238083554755,62774900,294.34624633789065,292.58362731933596,288.037532043457,8.7393798828125,0.01192443863732086,77.47891150859722,1
2020-07-20,298.6708984375,299.4168366870497,295.26350467471246,296.0094429242622,56308800,296.09229736328126,293.2531311035156,288.75952911376953,6.695037841796875,0.011862165521987073,76.39537792623287,1
2020-07-21,299.30633544921875,301.0744749886083,298.32095050262376,300.6324541557965,57292200,297.2139831542969,294.2873229980469,289.42213134765626,10.3419189453125,0.011827295972765602,74.19345829673802,1
2020-07-22,301.010009765625,301.32314533336705,298.8366656869472,298.9471708971752,57792900,298.1367431640625,295.27085876464844,290.10406799316405,9.835357666015625,0.01184078348698128,73.95879797128744,0
2020-07-23,297.4183959960937,301.3507170063048,296.0554611782608,300.65081332964456,75738000,298.5364196777344,296.0610015869141,290.9729507446289,7.901428222656193,0.01046668307387955,64.78345157075104,0
2020-07-24,295.5028991699219,296.52510025578465,294.001804800679,295.56736989715625,73766600,298.3817077636719,296.3639770507813,291.595947265625,3.029754638671875,0.010509556329184653,55.70775263475006,1
2020-07-27,297.6578063964844,297.8327822943415,295.40155598984086,296.1935565965724,48293000,298.17908935546876,297.135693359375,292.662825012207,7.7171630859375,0.008590907627121908,64.4695097235471,0
2020-07-28,295.7699890136719,298.0446479275418,295.4752897615271,296.9303216498821,57495000,297.47182006835936,297.3429016113281,293.4322479248047,2.07208251953125,0.008468535784645006,57.73158293609147,1
2020-07-29,299.4075622558594,299.96933442324314,296.60797576059025,296.64482019059875,48454200,297.1513305664063,297.6440368652344,294.20397491455077,3.0113525390625,0.008437193277137985,65.60136712638698,0
2020-07-30,298.3393249511719,298.7537475391664,294.36099738513786,296.4422441472383,61861700,297.33551635742185,297.93596801757815,294.8228286743164,2.9193115234375,0.008483282560064205,59.83931384884077,1
2020-07-31,300.6968688964844,300.7981840639859,295.9173223565921,300.12590663768805,84986800,298.3743103027344,298.3780090332031,295.4808181762695,4.42041015625,0.00854973905253455,68.14787277644021,1
2020-08-03,302.7873229980469,303.5516692549566,301.811156402926,302.3544922923563,53077900,299.40021362304685,298.78965148925784,296.0213912963867,4.116424560546875,0.008058627287014633,66.2495908168387,1
2020-08-04,303.9569702148437,303.9569702148437,301.9309475225113,301.9309475225113,41917900,301.0376098632812,299.2547149658203,296.7710189819336,4.650634765624943,0.007539070066427351,64.29823781783506,1
2020-08-05,305.8448486328125,306.10273162848586,304.9884050397274,305.2554780680495,42697700,302.3250671386719,299.7381988525391,297.50452880859376,4.8348388671875,0.007494708442984678,69.0573873380322,1
2020-08-06,307.8891906738281,308.0089140003629,304.9422824929676,305.2646080403921,43679400,304.23504028320315,300.7852783203125,298.42313995361326,10.470794677734432,0.007291938240794133,70.3453283260334,1
2020-08-07,308.1102905273437,308.39577169944573,306.019797171798,306.9223032635199,57308300,305.717724609375,302.0460174560547,299.20499725341796,12.607391357421818,0.0071118875399376336,67.90087875252323,1
2020-08-10,309.0311889648437,309.21535494485994,306.6275882566364,308.5615137232704,44282100,306.96649780273435,303.1833557128906,300.15952453613284,11.373382568359318,0.0065969161486884986,68.2446931545185,0
2020-08-11,306.4801940917969,310.8453459347755,305.7526922046899,310.2099129722672,69601100,307.471142578125,304.25437622070314,300.79863891601565,10.710205078125,0.006652827327196632,59.94633053333204,1
2020-08-12,310.7532653808594,311.526829875344,308.8838108265044,308.91143712616207,53774400,308.45282592773435,305.3889465332031,301.51649169921876,11.345703125,0.006993666838430834,73.66019746567333,0
2020-08-13,310.19146728515625,311.49917760274417,309.2705532345938,309.98886506986986,41816100,308.91328125,306.57416076660155,302.2550643920898,11.852142333984375,0.006937774872923673,77.37721590411402,1
2020-08-14,310.2007141113281,310.734860048338,309.0771977415584,309.80472777793506,47260400,309.33136596679685,307.52454528808596,302.9512771606445,9.50384521484375,0.0069579721213683535,75.41045634287676,1
2020-08-17,311.1860656738281,311.5820519648369,310.2098990427494,311.2136919707807,35481000,309.76234130859376,308.3644195556641,303.57703552246096,8.39874267578125,0.006829524590095912,82.41649361750203,1
2020-08-18,311.8583068847656,312.2819194236177,309.9888246261284,311.58201584320426,38733900,310.8379638671875,309.15455322265626,304.20463409423826,7.901336669921932,0.006829541325643572,79.9112602163657,0
2020-08-19,310.559814453125,312.7515659971486,309.9980423422156,312.23585644513565,68054200,310.7992736816406,309.6260498046875,304.68212432861327,4.7149658203125,0.006910164661626808,79.03686375970048,1
2020-08-20,311.5268249511719,312.0056901723592,308.70883001435334,308.83774337602864,42207800,311.06634521484375,309.98981323242185,305.3875457763672,3.63763427734375,0.006136833666449586,77.55359688434642,1
2020-08-21,312.6319580078125,312.85296841916903,310.85457226958493,311.1953341258538,55106600,311.55259399414064,310.4419799804688,306.2439987182617,4.521667480468807,0.005780966907924475,76.36879645962739,1
2020-08-24,315.79986572265625,315.8735264825769,312.6042927708127,315.06311760311377,48588700,312.47535400390626,311.11884765625,307.15110168457034,6.768676757812557,0.005929184238320861,78.6538308184406,1
2020-08-25,316.905029296875,316.9879082126617,315.2013321948384,316.3616932240013,38463400,313.4846984863281,312.1613311767578,308.20785369873045,10.424835205078125,0.005508304480726151,77.81350630374004,1
2020-08-26,320.0821838378906,320.3492287448196,316.9510808989449,317.4944169530028,50790200,315.38917236328126,313.09422302246094,309.24158477783203,9.32891845703125,0.005337380762671352,79.0094360171819,1
2020-08-27,320.78204345703125,322.22788555251475,319.1244090738759,320.94782937860447,58034100,317.24021606445314,314.1532806396484,310.363720703125,10.590576171875,0.0050939506063349274,79.47697515071167,1
2020-08-28,322.8541259765625,322.98306746973554,320.6163109514111,321.80429827876867,48588900,319.28464965820314,315.4186218261719,311.4715835571289,12.653411865234375,0.005040429626810862,80.52026284013992,0
2020-08-31,321.6844787597656,323.517088692937,321.4542502514148,322.64223722364346,66099200,320.461572265625,316.4684631347656,312.4164413452148,10.4984130859375,0.005218836917330948,85.75096443087097,1
2020-09-01,324.71435546875,324.8156425417092,321.620069114732,322.5133570209496,54908700,322.0234375,317.7540679931641,313.45431060791014,12.856048583984375,0.00540909107265308,84.86617574655475,1
2020-09-02,329.4110107421875,330.37795938167653,325.4786892390397,326.6206419236981,69540000,323.8892028808594,319.6391876220703,314.6326187133789,18.8511962890625,0.005930711106385337,89.78242358547536,0
2020-09-03,318.0745849609375,328.19542353260755,315.49600820932886,327.7257482737778,148011100,323.34771118164065,320.29396362304686,315.1418884277344,6.547760009765625,0.010337720691187538,61.09527163765248,0
2020-09-04,315.4775695800781,320.32155893623025,308.3865193279406,318.7560217314167,139156300,321.8723999023438,320.5785247802734,315.51025238037107,2.845611572265625,0.010569447041254372,55.78452972313038,0
2020-09-08,306.8578491210937,315.5420924165605,306.553959764829,310.08104920352173,114465300,318.9070739746094,319.6843231201172,315.4015853881836,-8.942016601562557,0.012331250359472468,44.44913448437296,1
2020-09-09,312.9174194335937,315.37624441716423,309.98889114735533,310.8545526760322,91462300,316.54768676757806,319.2855621337891,315.72344665527345,-3.987609863281307,0.012952142421785731,52.36692010549324,0
2020-09-10,307.4840393066406,315.4407229555937,306.5262807206502,314.78688177765224,90569500,312.1622924804687,318.02574768066404,315.5599853515625,-12.59814453125,0.013210151342171518,46.27527545877931,1
2020-09-11,307.640625,310.32048895230275,304.8226295252226,309.2614431412323,84680200,310.0755004882812,316.71160583496095,315.4324432373047,-13.14141845703125,0.013207729321516863,45.31954689267089,1
2020-09-14,311.6925964355469,313.46076397555305,307.78792941912315,310.79930858274395,65605700,309.31850585937497,315.5954528808594,315.5070373535156,-11.161529541015625,0.01354899319215834,46.211363292164755,1
2020-09-15,313.2674255371094,314.97109448568426,311.7018600067676,314.142277247769,52920900,310.6004211425781,314.7537475585938,315.61110534667966,-8.41705322265625,0.013576217788589392,46.673416749321696,0
2020-09-16,312.0241394042969,315.92880641145365,311.74784829653964,314.5014007189514,82096000,310.42176513671876,313.48472595214844,315.61939697265626,-12.690216064453125,0.01360405703645573,42.36072616007045,0
2020-09-17,309.2797546386719,310.99266929417666,306.65514411572747,307.18007184112935,91523300,310.780908203125,311.4716003417969,315.5553939819336,-20.131256103515625,0.013719666942712821,39.50242005248414,0
2020-09-18,305.7191772460937,310.19424068358853,303.2412544546544,310.0832931282361,105877900,310.39661865234376,310.2360595703125,315.2650115966797,-12.355407714843807,0.013926691004529656,34.77541019878694,0
2020-09-21,302.31658935546875,302.4645288032245,297.4716923618668,301.14235702314835,99450800,308.52141723632815,308.9199615478516,314.7492431640625,-13.160980224609375,0.014068889493686376,33.44819114593359,1
2020-09-22,305.39556884765625,305.9503348545205,301.2903399000604,303.7960278580259,63612100,306.9470458984375,308.7737335205078,314.2290283203125,-1.4622802734374432,0.014071155064991016,33.5039989326451,0
2020-09-23,298.31317138671875,306.22775080288056,297.8138791281714,305.9503536740996,93112200,304.20485229492186,307.3133087158203,313.2994354248047,-14.604248046874943,0.014810423144146292,24.485587434362003,1
2020-09-24,299.1082763671875,302.1594468796686,295.6872430633771,297.0001882528296,76681300,302.170556640625,306.475732421875,312.25074005126953,-8.375762939453125,0.01456134327461794,31.18436349544662,1
2020-09-25,303.9440002441406,304.7298882709884,297.38858462452924,298.2576833289289,71069400,301.8155212402344,306.10606994628904,311.408837890625,-3.696624755859375,0.01516088247099891,39.0446744639331,1
2020-09-28,308.9922790527344,309.70421136202526,307.106085914168,308.0954153354496,64584600,303.1506591796875,305.83603820800784,310.7157455444336,-2.7003173828125,0.01564172177520731,52.17498658145143,0
2020-09-29,307.3094482421875,309.5284836874694,306.6159979020015,308.788814611231,51304000,303.53343505859374,305.2402404785156,309.9969940185547,-5.957977294921875,0.01565652593113772,43.725826805205074,1
2020-09-30,309.6395263671875,312.7831629454949,307.7810700245136,307.9752282610911,104081100,305.7987060546875,305.0017791748047,309.2432525634766,-2.384613037109375,0.015590247630056973,52.591501112095244,1
2020-10-01,311.6274108886719,313.1992150632846,309.7504726983646,312.2283956676877,88698700,308.3025329589844,305.2365447998047,308.3540725708008,2.34765625,0.015235885398425906,54.591070398123065,0
2020-10-02,308.6686706542969,311.5996670640401,306.2184846303253,306.6900399805022,89431100,309.2474670410156,305.531494140625,307.88377685546874,2.949493408203182,0.013412174974072938,46.42778860906983,1
2020-10-05,314.1422119140625,314.32711504704287,310.6749607343537,310.7211794634582,45713100,310.27745361328124,306.71405639648435,307.81700897216797,11.82562255859375,0.013964869957622219,50.946238845010924,0
2020-10-06,309.67645263671875,316.37057974539914,309.16793362544905,314.28097349200937,90128900,310.7508544921875,307.14214477539065,307.9579391479492,4.2808837890625,0.012887001398788497,47.62605113329527,1
2020-10-07,315.06689453125,315.87129250041943,312.5981986311307,312.62593551915137,56999600,311.836328125,308.81751708984376,308.065412902832,16.75372314453125,0.012712819708583876,55.55463124662782,1
2020-10-08,317.8591613769531,317.9238901844621,316.083915987055,316.99928967685366,45242500,313.0826782226562,310.69260559082034,308.5841690063477,18.750885009765625,0.012120818968247243,61.8266683711846,1
2020-10-09,320.6976623535156,321.15996256500506,318.88545342511554,319.5049199072346,59528600,315.4884765625,312.3679718017578,309.2370208740234,16.753662109375,0.012221998895524007,68.10567533266278,1
2020-10-12,325.8569641113281,327.32707559553944,322.7410647815939,323.2311019429976,80388500,317.8314270019531,314.0544403076172,309.9452392578125,16.86468505859375,0.01237682324920224,69.36134159674131,0
2020-10-13,323.7304382324219,325.89400042178966,322.7688456316229,325.7183240365502,73255500,320.64222412109376,315.6965393066406,310.4683898925781,16.420989990234375,0.012511228545370161,76.53991632119153,0
2020-10-14,321.6962890625,325.39469156684834,320.9658748838229,324.30366960004284,57727900,321.9681030273438,316.9022155761719,310.9519973754883,12.0567626953125,0.012577139127357329,72.99080074747033,0
2020-10-15,321.2987060546875,321.7794882050628,317.25820597809,317.7944619067174,60357700,322.6560119628906,317.8693450927734,311.5529449462891,9.671295166015625,0.012359917382249407,69.41855549568487,0
2020-10-16,321.1045227050781,324.30363260576735,320.92884634883575,322.648589773227,89501900,322.7373840332031,319.11293029785156,312.3222122192383,12.43585205078125,0.011967613359505594,65.20424330834626,0
2020-10-19,316.2225952148437,322.9906487706289,315.32573168859045,322.3619272638812,68425600,320.8105102539063,319.32096862792963,313.017512512207,2.080383300781193,0.012243749976176783,60.35668592858614,1
2020-10-20,317.4893493652344,320.7254513716909,316.8051539703146,317.5633049958053,60051900,319.5622924804687,320.1022583007813,313.62220153808596,7.812896728515625,0.012112171957971174,59.35225092041624,0
2020-10-21,316.88836669921875,319.6066946596672,316.58323270677243,317.4431044735385,63575000,318.6007080078125,320.28440551757814,314.55096130371095,1.82147216796875,0.01062447515047638,56.48209772234867,1
2020-10-22,318.6265869140625,319.20908978421284,314.96517658013624,317.1010016263074,55399300,318.0662841796875,320.36114807128905,315.52687683105466,0.767425537109375,0.010637409413075765,62.64974766486293,1
2020-10-23,319.7084045410156,319.9025627725712,317.25821851614603,319.8470889921267,49143900,317.787060546875,320.26222229003906,316.3150970458984,-0.9892578125,0.010193301971130608,57.958886236794655,0
2020-10-26,313.8002014160156,317.1195140807674,310.31443920384794,316.33359795190205,91473000,317.3025817871094,319.0565460205078,316.5554931640625,-12.0567626953125,0.010660694161429238,55.6628008626188,0
2020-10-27,312.7184143066406,314.475149793473,312.5057460118679,314.142307123294,65994100,316.3483947753906,317.95534362792966,316.82594146728513,-11.01202392578125,0.01060803579849308,46.34218218979491,0
2020-10-28,302.030029296875,312.7461466489848,301.5399921174108,307.05985871686283,127094300,313.37672729492186,315.9887176513672,316.44546661376955,-19.666259765625,0.013056456013480338,30.21275459404201,1
2020-10-29,305.09967041015625,308.2617881868608,300.57836060996675,302.26114022168764,90597700,310.6713439941406,314.3688140869141,316.11907958984375,-16.19903564453125,0.013196939635287654,30.613720273789554,0
2020-10-30,301.9190979003906,304.8315842442729,298.27616915749184,303.5278939687772,120287300,307.1134826660156,312.4502716064453,315.78160095214844,-19.1854248046875,0.013230144521291835,18.709270783469066,1
2020-11-02,305.3031005859375,307.30021286282704,302.56626275236454,305.3031005859375,86068300,305.4140625,311.3583221435547,315.3396453857422,-10.919494628906193,0.012817382077980548,26.679102892388087,1
2020-11-03,310.6935729980469,312.7461876866935,305.38637399387943,308.5300107397287,93294200,305.00909423828125,310.6787445068359,315.39050140380857,-6.7957763671875,0.013111203647775386,37.165710868334806,1
2020-11-04,317.6372985839844,321.70553558783416,313.9851149209246,315.15934752702685,126959700,308.13054809570315,310.7536376953125,315.51902160644534,0.748931884765625,0.013492696851686033,46.294922638594926,1
2020-11-05,323.8321228027344,325.63510535784354,322.5561693903892,322.90752215223176,82039700,311.8770385742188,311.27419128417966,315.8176696777344,5.205535888671875,0.014038785256606625,52.46123021306171,0
2020-11-06,323.7581481933594,325.0063646417054,321.4373916672937,323.5454798982403,74973000,316.2448486328125,311.6791656494141,315.97069396972654,4.04974365234375,0.01391620758040168,57.44570373019434,1
2020-11-09,327.8263854980469,336.90597013486416,327.3640851994297,336.5268805040096,172304200,320.7495056152344,313.0817840576172,316.0691650390625,14.02618408203125,0.013730513587081177,59.67799447990537,0
2020-11-10,327.3455505371094,328.3995803753004,324.0817120840673,326.8370033607283,85552000,324.07990112304685,314.54449768066405,316.2499206542969,14.62713623046875,0.013642690584804716,59.81255795279929,1
2020-11-11,329.7772827148437,330.60016251209254,328.2886611922482,329.5276225136965,58649000,326.5078979492188,317.31922302246096,316.6539703369141,27.747253417968693,0.01362074672272272,60.328886144967214,0
2020-11-12,326.578125,329.82348168786507,324.7751710085161,328.76942360523407,67546200,327.0570983886719,319.4670684814453,316.9179412841797,21.47845458984375,0.0138345173181319,56.12323115934107,1
2020-11-13,331.0993957519531,331.839064755992,327.9649869763122,328.48276092245214,62892200,328.5253479003906,322.3850982666016,317.4176849365234,29.1802978515625,0.014125653264694745,65.81030093289871,1
2020-11-16,335.232421875,335.42658008620566,332.4771021299016,333.762310414162,74541100,330.0065551757813,325.37803039550784,318.36817626953126,29.9293212890625,0.013740616895125285,69.48932067047966,0
2020-11-17,333.429443359375,334.63144099542336,331.3213552496351,332.8284586496354,66111000,331.22333374023435,327.6516174316406,319.1651809692383,22.735870361328125,0.013864605443259176,82.12252375558697,0
2020-11-18,329.4166564941406,334.2430721080145,329.379664574458,333.697561213107,70591300,331.1512084960938,328.8295532226563,319.7915954589844,11.77935791015625,0.014216440790800186,74.40602098843259,1
2020-11-19,330.8034973144531,331.1733317946168,327.4471936792584,328.7878754134838,59940900,331.99628295898435,329.5266906738281,320.4004409790039,6.97137451171875,0.014203014359560553,80.07296431344795,0
2020-11-20,328.5382385253906,330.7480469635193,328.46428291074824,330.54463375254744,70417300,331.4840515136719,330.00469970703125,320.84193267822263,4.78009033203125,0.014333122831490144,74.76823161158819,1
2020-11-23,330.5076904296875,331.7651617960009,328.1129784945893,330.34126910985094,63230600,330.5391052246094,330.2728302001953,321.67730712890625,2.681304931640625,0.013565208954788108,72.7831750868666,1
2020-11-24,335.8334350585937,336.3789460330993,332.1997614293137,333.05037819016013,62415900,331.0199035644531,331.1216186523437,322.8330581665039,8.487884521484318,0.0138029039116445,71.73133877943158,0
2020-11-25,335.3156433105469,335.77794359169803,334.2246214190069,335.75020670349176,45330900,332.1997009277344,331.6754547119141,324.4973388671875,5.538360595703182,0.010666486969484046,65.86599923767386,1
2020-11-27,336.2494506835937,336.720977715475,335.2416113846449,336.4066169553656,28514100,333.2888916015625,332.64258728027346,326.05482788085936,9.671325683593693,0.010616718942087692,66.85784983595813,0
2020-11-30,334.7608337402344,335.7409079513326,332.0887531357319,335.4727659225405,83872700,334.5334106445313,333.00873107910155,327.69691467285156,3.66143798828125,0.010238265527885523,60.058876129934845,1
2020-12-01,338.4223327636719,339.9571732876584,337.41452140242126,338.0062793851227,74231400,336.1163391113281,333.3277221679688,329.3528762817383,3.189910888671875,0.010230117396767446,64.71021646832261,1
2020-12-02,339.13427734375,339.2914436515928,336.7395650672134,337.31281295054083,45927000,336.77650756835936,333.89820556640626,330.77491149902346,5.704833984375,0.009817194048939722,63.02108106271677,0
2020-12-03,339.041748046875,340.4286487496057,337.94147123204993,339.03249301288866,62882000,337.521728515625,334.8607147216797,331.84513397216796,9.625091552734375,0.00890538357627967,68.98579533304462,1
2020-12-04,341.9635009765625,341.9635009765625,339.5317971440086,339.6242628374325,50749900,338.66453857421874,335.9767150878906,332.7517028808594,11.160003662109375,0.008165103600130355,67.3970262395801,0
2020-12-07,341.2607421875,341.7507792477723,339.9940442137716,341.19601339057107,48944300,339.9645202636719,337.24896545410155,333.62683258056643,12.722503662109375,0.008210372075225276,60.84473607350466,1
2020-12-08,342.2593688964844,342.82336164005824,339.9478677180988,339.9940864550397,42458900,340.7319274902344,338.42413330078125,334.3484817504883,11.751678466796875,0.00787484106820073,66.35812973702761,0
2020-12-09,339.1896667480469,343.0729715480787,338.35753202065183,342.9158052793327,74098300,340.7430053710938,338.75975646972654,334.94068756103513,3.356231689453182,0.008228718733601072,68.760823258964,0
2020-12-10,339.0788269042969,340.1236019996459,336.95222835158745,337.82135527213035,57735400,340.75042114257815,339.1360748291016,335.4057647705078,3.76318359375,0.008132219070119689,66.70412012704624,0
2020-12-11,338.68121337890625,339.08803993012464,335.87044766430864,337.38677808710827,57698600,340.0939636230469,339.37925109863284,336.01091918945315,2.431762695312557,0.007731969675709217,72.14364235983899,0
2020-12-14,337.164794921875,341.91722644158915,336.98911858351033,340.8447147774003,69216200,339.2747741699219,339.61964721679686,336.3141891479492,2.403961181640625,0.007309876019957308,64.82674714190573,1
2020-12-15,341.72314453125,341.72314453125,338.3298760097503,339.6982668878512,63865300,339.167529296875,339.94972839355466,336.6387252807617,3.300811767578125,0.007399232654660486,63.58186813496176,1
2020-12-16,342.2593688964844,343.1747143338236,341.0573713537836,341.935753088197,58420500,339.7814697265625,340.2622375488281,337.08022155761716,3.125091552734375,0.007246259795714397,65.99886371307076,1
2020-12-17,344.1733093261719,344.3767225815223,343.07303238358134,343.8959404400441,64119500,340.8003662109375,340.7753936767578,337.81805419921875,5.131561279296875,0.0065757722601158895,67.4681951816795,0
2020-12-18,342.799072265625,344.6283008376409,340.79341847573585,344.461170106029,136542300,341.6239379882812,340.85895080566405,338.41783294677737,0.8355712890625,0.006699375399973226,67.81016340368676,0
2020-12-21,341.5733642578125,351.4159127548199,336.15997816972384,338.8898932592316,96386700,342.5056518554687,340.8902130126953,339.06958923339846,0.3126220703125,0.006514373048311676,57.82645408638942,0
2020-12-22,340.9976806640625,342.0097878229692,339.87415302334546,341.8983673411588,47949000,342.3605590820313,340.7640441894531,339.5940887451172,-1.261688232421875,0.006490802909201342,54.65981659889861,1
2020-12-23,341.3040771484375,343.2075762857532,340.9790818882792,341.96333381663726,46201400,342.16950073242185,340.97548522949216,339.86762084960935,2.114410400390625,0.005516678354138035,55.597537844466196,1
2020-12-24,342.63189697265625,342.6597520909689,341.1926686317637,341.77762611632846,26457900,341.86121826171876,341.33079223632814,340.23343353271486,3.553070068359375,0.00552785338440781,51.79538129104818,1
2020-12-28,345.5754089355469,345.96538061700096,344.5540073036612,345.17611443159626,39000400,342.41648559570314,342.0202117919922,340.6997314453125,6.894195556640625,0.0057685251019970385,60.34440625187487,0
2020-12-29,344.9161682128906,347.27467258670123,344.33118227864804,347.098247357744,53680500,343.0850463867188,342.79534912109375,341.20749816894534,7.751373291015625,0.005661445751085582,56.47504380758578,1
2020-12-30,345.408203125,346.43889910302494,345.018231496331,345.73319837345264,49455300,343.96715087890624,343.1638549804687,341.5567916870117,3.68505859375,0.0052093082713840985,67.33339798194262,1
2020-12-31,347.1632385253906,347.8875000497571,344.7026082398412,345.2132949330659,78520700,345.13898315429685,343.65424194335935,341.95823974609374,4.90386962890625,0.005283470454444721,70.64223042997179,0
2021-01-04,342.4369506835937,348.6210426946345,338.7506384714175,348.4910332362678,110210800,345.09999389648436,343.48060607910156,342.12799987792965,-1.7363586425781818,0.006233787439141915,57.85361296317081,1
2021-01-05,344.7955017089844,345.8819083591605,341.7498849648262,341.79632906873184,66426200,344.9440124511719,343.6802490234375,342.2695999145508,1.996429443359375,0.0061265364448023964,65.41368771321163,1
2021-01-06,346.8568115234375,350.04173174075373,342.743377753376,343.291214067815,107997700,345.33214111328124,344.20859375,342.54940338134764,5.283447265625,0.006217681629354904,61.533229852841906,1
2021-01-07,352.01025390625,352.7530761209453,349.0482028609267,349.2246280958658,68766800,346.6525512695313,345.3098510742187,343.0369476318359,11.0125732421875,0.006957558950003272,68.14239689477735,1
2021-01-08,354.015869140625,354.22941562712896,350.1531317059406,353.3937336428552,71677200,348.0230773925781,346.5810302734375,343.7782577514648,12.7117919921875,0.006565890301644213,68.25070593095167,0
2021-01-11,351.62945556640625,353.38438462890787,350.7287689918053,350.84948394564515,51034700,349.8615783691406,347.4807861328125,344.4057891845703,8.99755859375,0.006844580704890661,65.78147634256587,1
2021-01-12,351.7037658691406,352.71587302635754,349.4659767403623,351.8152146876118,52547700,351.24323120117185,348.0936218261719,345.05691680908205,6.12835693359375,0.006819457912530868,68.88192914178575,1
2021-01-13,352.6509094238281,353.64442764556827,350.8495360073249,351.62950774382404,45303600,352.40205078125,348.8670959472656,345.8312225341797,7.7347412109375,0.006652397461455754,71.42365026733759,0
2021-01-14,351.4159240722656,353.89514316325904,351.0816626236897,353.393722653548,49989100,352.28318481445314,349.4678680419922,346.3158615112305,6.007720947265625,0.006211488975627045,67.97616812948453,0
2021-01-15,348.8531188964844,350.59875344385847,346.9960355450777,349.8002212044383,107160000,351.250634765625,349.63685607910156,346.64554901123046,1.68988037109375,0.006509077883582233,60.59447599031688,1
2021-01-19,351.5923767089844,352.1309468672761,349.82815280679114,351.3045309935299,51233300,351.24321899414065,350.5523986816406,347.0165023803711,9.155426025390682,0.006612261618892421,60.31842227009054,1
2021-01-20,356.4578857421875,357.2935676023044,353.48654097639,353.8765126205841,61836100,352.19404296875,351.71863708496096,347.6994430541992,11.662384033203125,0.007076987705699419,67.29733660559675,1
2021-01-21,356.78289794921875,357.44218304043847,355.86365062010475,357.0150334029827,47840100,353.02044067382815,352.71124572753905,348.45991973876954,9.92608642578125,0.0069618046587690855,67.13279448699886,0
2021-01-22,355.5200500488281,356.6807271719311,354.5543587480902,354.9350642448892,52860500,353.8412658691406,353.0622253417969,349.1860382080078,3.509796142578125,0.007028346342240533,62.776635175639264,1
2021-01-25,356.92218017578125,357.2750022410849,351.415906011499,356.25362897614195,70402000,355.455078125,353.3528564453125,349.966943359375,2.90631103515625,0.007033684325970077,74.65207301948064,0
2021-01-26,356.3650817871094,358.2778757163541,356.1329463264064,357.869315038569,42665300,356.409619140625,353.8264190673828,350.65360260009766,4.735626220703125,0.007072820389901437,70.97619490257527,0
2021-01-27,347.6553039550781,353.1429888444501,345.4268095254111,353.05012900637144,123351100,354.64910278320315,353.42157287597655,350.7575973510742,-4.0484619140625,0.009034911763531269,51.16648789286769,1
2021-01-28,350.6452941894531,354.6380131608825,349.0296402961442,349.4660278006509,94198100,353.42158203125,353.22101135253905,351.04405364990237,-2.005615234375,0.009201387272834675,47.87143418706937,0
2021-01-29,343.6254577636719,349.75383907984985,341.9540655846165,348.78814770996314,126765100,351.04266357421875,352.4419647216797,350.9549163818359,-7.79046630859375,0.010314737300731259,35.98810808408297,1
2021-02-01,349.3453063964844,350.37597423640665,343.9133309692816,347.0146573120808,75817600,349.52728881835935,352.4911834716797,351.06401977539065,0.4921875,0.010932476385215653,47.173820943335954,1
2021-02-02,354.28515625,355.8358337158987,349.42890017127894,352.52093227928594,64450700,349.1113037109375,352.7604614257813,351.65643005371095,2.692779541015625,0.010824910482577286,52.8507212489561,1
2021-02-03,354.5635681152344,356.2813755124134,353.2914708275921,355.1114041854025,52427100,350.4929565429687,352.57102966308594,352.14483337402345,-1.894317626953125,0.010758515079598968,52.14388237209703,1
2021-02-04,358.5935974121094,358.64001317221204,354.6751494739212,355.59439688401244,47142600,352.0826171875,352.752099609375,352.731672668457,1.810699462890625,0.010943654778910026,57.571001273432636,1
2021-02-05,360.0049133300781,360.71061412663744,358.54712432112404,360.4599180558391,48669800,355.35850830078124,353.2005859375,353.13140563964845,4.48486328125,0.010517929130015334,62.055755336346536,1
2021-02-08,362.6048889160156,362.6513046740329,360.5992351085053,361.4534777465929,38365200,358.0104248046875,353.76885681152345,353.560856628418,5.682708740234375,0.010557867184783864,61.94114306816873,0
2021-02-09,362.3634643554688,362.95774475328056,361.3606516052226,361.76918395765694,35551100,359.62608642578124,354.3686950683594,354.0975570678711,5.998382568359432,0.01040202732076342,57.117290343841475,0
2021-02-10,362.20556640625,364.2483696645013,359.8099410732521,364.09979957873327,59154400,361.15448608398435,355.82372131347654,354.6226470947266,14.550262451171875,0.0104074356122564,56.56172728266425,1
2021-02-11,362.7905883789063,363.70056961850463,360.3671076846263,363.28271443963257,42913300,361.99388427734374,357.0382507324219,355.1296310424805,12.145294189453182,0.010403853168863083,58.944477941877714,1
2021-02-12,364.5827331542969,364.8241347977366,361.9177938941386,361.9920931204679,50593300,362.9094482421875,359.13397827148435,355.7879714965821,20.957275390625,0.010362682620350814,59.33471024285323,0
2021-02-16,364.2669982910156,366.0033955530589,363.552031185599,365.808381339612,50972400,363.2418701171875,360.6261474609375,356.55866546630864,14.92169189453125,0.010160548224280584,59.68579611086838,1
2021-02-17,364.35052490234375,364.6012209832248,361.5091609681263,362.52129645099154,52290600,363.6392822265625,361.6326843261719,357.1965728759766,10.06536865234375,0.010080555411694508,75.95245843623664,0
2021-02-18,362.79986572265625,363.5426878534969,360.03280086210617,361.7506089186291,59712800,363.7581420898438,362.45631408691406,357.51367187500006,8.236297607421875,0.009752955255927917,69.77917580021831,0
2021-02-19,362.15911865234375,364.3411973179349,361.71340843442175,364.05335165745737,83241000,363.63184814453126,362.8128662109375,357.7824829101563,3.565521240234375,0.009771547993837476,88.06213171653157,0
2021-02-22,359.3735046386719,361.7784243190191,359.1042196026477,359.4013597570989,67414200,362.5900024414062,362.7497253417969,357.9751556396485,-0.63140869140625,0.009911563164513961,73.41685194686734,1
2021-02-23,359.8099670410156,361.15636405887625,353.0316228676275,357.1729115862207,107284100,361.69859619140624,362.47023315429686,358.1195449829102,-2.794921875,0.009881642351468732,66.33692672265207,1
2021-02-24,363.7747802734375,364.2019298681405,357.7392590796617,358.7235110381606,72433900,361.583447265625,362.6113647460937,358.4900299072266,1.4113159179686932,0.010143836997422963,72.36233995042001,0
2021-02-25,355.00933837890625,363.8769286831077,353.5701100677541,362.5119712403062,146670500,360.025341796875,361.89174194335936,358.85773162841804,-7.19622802734375,0.010098372706899249,42.92509147160555,0
2021-02-26,353.1801452636719,358.0271345906392,351.20237503364604,356.8850463128118,152701600,358.22954711914065,360.9306976318359,358.98447418212896,-9.610443115234432,0.01002846439660873,36.74733209123276,1
2021-03-01,361.7413330078125,362.98560406297776,353.3751899411778,358.03645997578053,105348800,358.70311279296874,360.6465576171875,359.89026794433596,-2.841400146484375,0.010165859972627676,48.63834836762525,0
2021-03-02,358.91864013671875,362.1963923319415,358.4172195118909,361.9642568270762,79595300,358.52484741210935,360.1117218017578,360.3689346313477,-5.348358154296875,0.009855923594997318,44.97709255178642,0
2021-03-03,354.16436767578125,359.18775305259203,354.062213359393,358.22209014166907,119940200,356.60276489257814,359.0931060791016,360.36289520263676,-10.1861572265625,0.009894897384734636,39.66094991155692,0
2021-03-04,349.78173828125,356.5600826850542,345.3061596092031,353.9787373865895,183433000,355.5572448730469,357.7912933349609,360.1238037109375,-13.01812744140625,0.010272341192888902,34.76184416167506,1
2021-03-05,356.2165222167969,357.265779064072,346.0118561305728,353.2730320198999,152039600,356.1645202636719,357.19703369140626,360.0049499511719,-5.942596435546875,0.010810593042590015,41.16141229633565,0
2021-03-08,354.4429626464844,359.9770636155982,354.1644114525265,357.1728776946545,123149200,354.70484619140626,356.7039794921875,359.72685241699224,-4.9305419921875,0.01081153442663368,39.93141524553267,1
2021-03-09,359.5034484863281,362.04764329458783,357.77634644845256,358.2777668254925,113633600,354.8218078613281,356.67332763671874,359.57178039550786,-0.3065185546875,0.011192781929493287,45.49214362791205,1
2021-03-10,361.7413330078125,363.4312860296286,360.4321138939263,361.8434873497362,109899400,356.3372009277344,356.46998291015626,359.540673828125,-2.033447265625,0.01128884062647681,49.02797316459386,1
2021-03-11,365.4090270996094,367.3775310399198,363.7469294630154,364.2019341812967,86245000,359.46265869140626,357.50995178222655,359.70084686279296,10.399688720703125,0.011514012607004163,52.82715221485433,1
2021-03-12,365.9011840820313,366.0404596864284,363.2455681020347,364.0533949443855,64653600,361.39959106445315,358.7820556640625,359.8563766479492,12.721038818359432,0.01151280519035954,55.914546977870856,1
2021-03-15,368.083251953125,368.343242519141,364.0162344057818,366.1518691739952,73427200,364.1276489257813,359.41624755859374,360.0314025878906,6.3419189453125,0.011535882393743332,57.26633591448689,0
2021-03-16,367.6189880371094,369.4017724273784,366.84828247322,368.6960999272851,73722500,365.7507568359375,360.2862823486328,360.1990020751953,8.700347900390625,0.011538758213514836,53.597537953972584,1
2021-03-17,368.87249755859375,369.6710298465072,365.19545189698175,366.3375684287189,97959300,367.17698974609374,361.75709533691406,360.4251007080078,14.7081298828125,0.011556425565928436,65.09609275097236,0
2021-03-18,363.5055236816406,368.37107323916246,362.8276780230335,366.291148848804,115349100,366.7962890625,363.1294738769531,360.460383605957,13.723785400390625,0.012008233750398632,60.439342085288985,0
2021-03-19,362.8328552246094,364.7798597365109,360.6622515233072,363.2054826340785,113624500,366.1826232910156,363.7911071777344,360.4940704345703,6.6163330078125,0.012008963032265367,51.31301013272169,1
2021-03-22,365.7301635742188,367.1089166376452,363.2894206828794,363.3453133880508,73778600,365.71200561523443,364.9198272705078,360.81190338134763,11.287200927734432,0.011980998309276637,58.17901189328008,0
2021-03-23,362.8515625,366.5406230570263,362.0690362260645,365.09668084256,90686600,364.7585205078125,365.254638671875,360.9639831542969,3.348114013671875,0.012141415807064519,60.923280476068385,0
2021-03-24,361.0070190429688,365.8792081667914,360.9604512667513,364.2489379839986,97588600,363.1854248046875,365.18120727539065,360.8255950927734,-0.7343139648436932,0.01193872937821039,65.07700202813822,1
2021-03-25,363.037841796875,363.8296644620866,357.6346443016574,359.5723525170637,116128600,363.0918884277344,364.9440887451172,361.2270202636719,-2.371185302734375,0.010597112328664058,60.39121213839887,1
2021-03-26,368.8882141113281,369.28878794295866,363.587505033435,364.183703317546,114409100,364.30296020507814,365.2427917480469,362.0124237060547,2.987030029296818,0.010988895767756813,69.57385466100082,0
2021-03-29,368.7019348144531,369.6055715013719,365.9351320456119,367.4163456691813,108107600,364.897314453125,365.3046600341797,362.3604537963867,0.618682861328125,0.009698163578564276,64.36134934248142,0
2021-03-30,367.7237243652344,368.3944651831491,366.1306971541533,367.4349359437374,76262200,365.8717468261719,365.3151336669922,362.8007080078125,0.104736328125,0.009518897317190383,59.72257353517379,1
2021-03-31,369.2143249511719,370.7700812685605,368.2641204047092,368.2920667610857,112734200,367.5132080078125,365.34931640625,363.553205871582,0.341827392578125,0.008897507267439174,56.65532289193668,1
2021-04-01,373.2014465332031,373.2573676676709,370.9377066993824,371.14265609357545,99682900,369.5459289550781,366.31890869140625,364.7241912841797,9.6959228515625,0.008405840329648126,61.3770287841705,1
2021-04-05,378.55810546875,379.0984396024881,375.7820059480064,375.8565200890422,91684800,371.4799072265625,367.8914337158203,365.84127044677734,15.725250244140625,0.008064827183969702,64.85460456388293,0
2021-04-06,378.33447265625,379.3778410378448,377.663731778131,377.9991164320186,62021000,373.4064147949219,369.15186462402346,367.0358459472656,12.604309082031193,0.007891966626500359,65.30027094933361,1
2021-04-07,378.7723388671875,379.1170200378233,377.7103490017058,378.1668155866389,55836300,375.6161376953125,370.7439422607422,367.9992904663086,15.9207763671875,0.007464896552819924,64.47274966093227,1
2021-04-08,380.5702819824219,380.626174688792,379.089068404298,380.0206514166771,57863100,377.8873291015625,372.7002685546875,368.94073791503905,19.563262939453068,0.007434796006732996,77.853890831565,1
2021-04-09,383.3370666503906,383.5047731912766,380.328071856803,380.4491821914655,61104600,379.914453125,374.7301910400391,369.83713989257814,20.299224853515625,0.007307592826402501,81.32638312554201,1
2021-04-12,383.4768371582031,383.7469757570129,382.135355372954,382.74087863290447,56704900,380.8981994628906,376.1890533447266,370.7159225463867,14.588623046875,0.007318498979833546,79.6081793751928,1
2021-04-13,384.6133728027344,385.2375459689583,382.992427357714,383.3743798281407,56551000,382.1539794921875,377.7801971435547,371.5424285888672,15.91143798828125,0.007271649731624122,88.54766813666096,0
2021-04-14,383.2998352050781,385.63808919365846,382.7595011466084,384.58539585907903,61659900,383.0594787597656,379.3378082275391,372.32647094726565,15.57611083984375,0.007341598191360173,90.24535368416178,1
2021-04-15,387.4173583984375,387.6875253874143,385.3865145922112,385.4330823632249,60229800,384.42889404296875,381.1581115722656,373.2537139892578,18.203033447265625,0.007588527241092797,90.92880183292961,1
2021-04-16,388.71234130859375,389.3178645876654,387.28702042046496,388.7030163808725,82037300,385.5039489746094,382.7092010498047,374.5140548706055,15.510894775390625,0.006443083908778988,89.29079069452358,0
2021-04-19,386.8025817871094,388.2279026853113,385.4797498055928,387.7807610260529,78498500,386.1690979003906,383.5336486816406,375.7125411987305,8.244476318359375,0.006608150489683651,83.58074933644953,0
2021-04-20,383.9705505371094,386.6907567846418,382.4986335803177,385.5914957452918,81851800,386.0405334472656,384.0972564697266,376.624560546875,5.636077880859375,0.006907369207630186,78.20164555862328,1
2021-04-21,387.603759765625,387.808709170284,383.2159832062883,383.3557434051097,66793000,386.901318359375,384.9803985595703,377.86217041015624,8.8314208984375,0.006624673634461036,79.71083234804252,0
2021-04-22,384.063720703125,388.2651692129653,383.0017308457312,387.4360751101364,97582800,386.2305908203125,385.3297424316406,379.01500549316404,3.493438720703125,0.006949169724907331,67.80684648195526,1
2021-04-23,388.2279052734375,389.6346047551007,384.5481693395225,384.6226834733431,73209200,386.1337036132812,385.81882629394534,380.2745086669922,4.890838623046875,0.007143243656981462,66.49697300381733,1
2021-04-26,389.0383605957031,389.6066410056365,388.2931055721406,388.8800074072831,52182400,386.580859375,386.37497863769534,381.2820159912109,5.5615234375,0.0064858422255715895,67.90269776957024,0
2021-04-27,388.9544982910156,389.53210359386,387.8179659687333,389.3364507074016,51303100,387.57764892578126,386.80909118652346,382.2946441650391,4.34112548828125,0.006478674809315858,67.23416740100848,0
2021-04-28,388.8426208496094,390.3424838091698,388.3768294905587,389.2245731755888,51238900,387.82542114257814,387.3633697509766,383.3505889892578,5.54278564453125,0.006396936334294216,64.84916810738679,1
2021-04-29,391.32073974609375,391.9355879172904,387.9484139465216,391.5629604155623,78544300,389.2768249511719,387.7537078857422,384.4559097290039,3.90338134765625,0.006441435922179185,64.48107395389465,0
2021-04-30,388.7495422363281,389.9047243925387,387.8552305909189,389.0569805213984,85527000,389.38115234375,387.75742797851564,385.23331451416016,0.037200927734375,0.006495561431522299,58.788628539338646,1
2021-05-03,389.5880737304688,391.1158552700201,389.0943358120596,390.73390277771705,68128300,389.4910949707031,388.03597717285163,385.7848129272461,2.785491943359432,0.005818179377189983,58.37511187469631,0
2021-05-04,387.1845703125,388.0975320013042,383.504834060297,387.6037940867692,101591200,389.137109375,388.3573791503906,386.2273178100586,3.214019775390625,0.006050408698396213,56.30858467067694,1
2021-05-05,387.30560302734375,389.0569834839452,386.7466475835862,388.8240877515174,60162200,388.8297058105469,388.3275634765625,386.6539810180664,-0.29815673828125,0.006053480197641884,49.79144503192679,1
2021-05-06,390.3984680175781,390.528874845266,385.3772223436678,387.3801199711882,74321400,388.64525146484374,388.96103820800784,387.14539031982423,6.334747314453125,0.006196896109851633,52.9487361491964,1
2021-05-07,393.2398376464844,393.89195716185367,390.48235974282153,391.1624256128691,67733800,389.543310546875,389.4622314453125,387.6405288696289,5.011932373046875,0.006197303696700562,60.90236989164611,0
2021-05-10,389.3457946777344,393.81738162988034,389.2246843410474,393.59381081117,81852400,389.49485473632814,389.49297485351565,387.9339767456055,0.30743408203125,0.0066844562857258745,58.78759032754395,0
2021-05-11,385.8709106445313,386.85838615611584,382.00484764015937,384.8368673639602,116888000,389.23212280273435,389.1846160888672,387.9968536376953,-3.083587646484318,0.007001237188205641,47.15235135877916,0
2021-05-12,377.6731262207031,384.3618863785904,376.3595905747122,383.09494694764567,134811000,387.3056274414063,388.0676666259766,387.71551818847655,-11.16949462890625,0.008465926256991501,40.89236210479439,1
2021-05-13,382.20989990234375,384.13828367571983,379.17293000396353,379.21952621514686,106394000,385.66791381835935,387.1565826416016,387.45514526367185,-9.11083984375,0.008560551883889864,41.51348904144491,1
2021-05-14,388.0788269042969,388.9265708311616,384.9114504451291,384.9393967974584,82201600,384.6357116699219,387.0895111083984,387.42346954345703,-0.67071533203125,0.009248570402829934,48.81582237862951,0
2021-05-17,387.09130859375,387.9018095813703,385.0790861586322,386.9702267000928,65129200,384.184814453125,386.83983459472654,387.4379058837891,-2.496765136718807,0.009197926663083186,47.750771994379605,0
2021-05-18,383.75628662109375,387.5944038655917,383.597905008926,387.3521831986254,59810200,383.7618896484375,386.49700622558595,387.4271926879883,-3.42828369140625,0.00925707203493672,44.30314154558165,0
2021-05-19,382.7502136230469,382.92721668401646,377.5985602871788,379.0798024141684,106467100,384.7773071289063,386.0414672851563,387.18451538085935,-4.555389404296875,0.008998608428677226,40.073406999538406,1
2021-05-20,386.8677368164063,388.1253793888649,383.50473626977606,383.62581816312553,78022200,385.7088745117188,385.6883941650391,387.32471618652346,-3.530731201171818,0.009103440377380936,47.89581838991196,0
2021-05-21,386.551025390625,389.58799485674376,386.09455884988506,388.3489736323711,76578700,385.4033142089844,385.01951293945314,387.2408721923828,-6.688812255859375,0.008766854016037521,46.56396091565095,1
2021-05-24,390.4916687011719,391.5629834929008,388.5446351628032,388.7868558465473,51376700,386.08338623046876,385.13410034179685,387.31353759765625,1.1458740234375,0.009059724830398354,53.61580333649422,0
2021-05-25,389.6252136230469,391.9262244678643,389.0476367876896,391.572218425638,57451400,387.2571716308594,385.50953063964846,387.3470733642578,3.754302978515568,0.009075918157162927,52.49546109675661,1
2021-05-26,390.3984680175781,390.9015023339306,389.1780966451499,390.2121400584183,43088600,388.7868225097656,386.7820648193359,387.42486572265625,12.725341796875,0.009084694108670296,50.0,1
2021-05-27,390.6034851074219,391.9356421143981,390.3239931202354,391.42328278237954,56707700,389.5339721679687,387.6214233398438,387.38900299072264,8.393585205078125,0.008970262037245805,46.82524982580549,1
2021-05-28,391.30218505859375,392.4293926832066,391.0692892765859,392.16855054454425,58520200,390.4842041015625,387.9437591552734,387.5166351318359,3.223358154296875,0.008844484767494757,52.552349298439374,0
2021-06-01,390.9573974609375,393.7987138563774,390.5195523727247,393.65898211112926,54216600,390.5773498535156,388.3303680419922,387.58510131835936,3.8660888671875,0.008838166391315353,57.22611066214841,1
2021-06-02,391.5722351074219,392.41068247668926,390.6034093428114,391.609506384416,49097100,390.9667541503906,389.111962890625,387.80448455810546,7.815948486328125,0.008712585393795335,75.1683801246244,0
2021-06-03,390.1189575195313,391.2554897851653,387.7993252155161,389.26191717934057,58138800,390.9108520507813,389.8488372802734,387.94515228271484,7.368743896484432,0.008765864933639482,66.12201682596013,1
2021-06-04,393.6869812011719,393.9850945840739,390.18422002621526,391.9635469664871,55938800,391.5275512695313,390.53076171875,388.10957794189454,6.819244384765568,0.008822383534455797,62.615155650624274,0
2021-06-07,393.3050231933594,393.854653743624,392.3734402072181,393.6776507018846,51555000,391.92811889648436,391.20616149902344,388.11283721923826,6.753997802734375,0.008678328808921922,64.36877486701133,1
2021-06-08,393.3888244628906,394.2551897336642,391.5629299457471,394.1620257580678,47134300,392.414404296875,391.4958770751953,388.3149887084961,2.89715576171875,0.008356945216758362,76.21660412337225,0
2021-06-09,392.8019409179688,394.3018042346096,392.5783701098852,394.2272616788116,48436300,392.66034545898435,391.8135498046875,388.66154022216796,3.176727294921932,0.00807388895578513,77.99631787327456,1
2021-06-10,394.6278076171875,395.5780403436655,392.7087491710795,394.0222844350054,51020100,393.56211547851564,392.2364837646484,389.5092742919922,4.229339599609375,0.006188191436105597,74.77638291818839,1
2021-06-11,395.2799682617188,395.3917536695252,393.8919187320287,395.1775077811149,45570800,393.880712890625,392.7041320800781,390.16277770996095,4.676483154296932,0.005742574199122086,77.28533652837234,1
2021-06-14,396.1650085449219,396.2674690320145,394.1527857880061,395.3917787091995,42358500,394.4527099609375,393.19041442871094,390.5670867919922,4.862823486328125,0.004766894941876813,71.92160747134608,0
2021-06-15,395.4384460449219,396.3513793838002,394.5627555645989,396.31413652524486,51508500,394.8626342773438,393.6385192871094,390.9844436645508,4.481048583984375,0.004741330039762762,72.70763596830069,0
2021-06-16,393.23046875,395.8016468115362,391.19032822729,395.5780759991089,80386100,394.94833984375,393.80434265136716,391.4581527709961,1.658233642578125,0.004454897130546428,59.94738974678919,0
2021-06-17,393.10003662109375,394.0781872921692,390.63134762723126,392.8205731235447,90949700,394.6427856445313,394.1024505615234,391.97564392089845,2.981079101562443,0.004379495697727311,58.815314490145724,0
2021-06-18,387.7969970703125,390.5167474088944,387.5913771677302,389.8251297923295,118676300,393.14619140625,393.5134521484375,392.02210693359376,-5.889984130859375,0.004954857478194232,40.660128805620495,1
2021-06-21,393.3486633300781,393.5356008794385,388.7409408172673,389.5540649639203,72822000,392.5829223632812,393.5178161621094,392.3619888305664,0.04364013671875,0.00587277080591044,54.98772118105821,1
2021-06-22,395.4516296386719,396.28346475320944,392.61969941589416,393.3393833964871,57700300,392.58555908203124,393.7240966796875,392.60998687744143,2.06280517578125,0.005560176973041963,57.61870970989936,0
2021-06-23,394.9749450683594,396.3301424887815,394.8908317268986,395.5263737663793,49445400,392.9344543457031,393.94139709472654,392.87747344970705,2.173004150390568,0.0055372646881212215,59.917034481297186,1
2021-06-24,397.3115234375,397.73209014648296,396.8628904252522,397.1152589733079,45110300,393.77675170898436,394.2097686767578,393.22312622070314,2.6837158203125,0.005653933883215406,57.794172269916785,1
2021-06-25,398.7228088378906,399.1714418641056,397.73210252899935,398.0592289946144,58129500,395.9619140625,394.554052734375,393.62909240722655,3.442840576171818,0.005683996580800232,61.156455574017386,1
2021-06-28,399.5266418457031,399.6948685495802,398.0499376849995,399.2462640059079,53159600,397.197509765625,394.8902160644531,394.04031524658205,3.36163330078125,0.005685789468347336,62.27515526737242,1
2021-06-29,399.7415466308594,400.545315311481,399.2088003066348,399.9097733050363,35970500,398.0554931640625,395.3205261230469,394.4795227050781,4.3031005859375,0.005669175113636304,64.08828278047133,1
2021-06-30,400.0780334472656,400.7509687229313,399.2555538300446,399.2835916114196,64827900,399.07611083984375,396.0052825927734,394.9048126220703,6.847564697265625,0.0056685059068556825,61.77682762295265,1
2021-07-01,402.2930603027344,402.4519600618117,400.76960779298105,400.835038783346,53441000,400.0724182128906,396.9245849609375,395.51351776123045,9.193023681640625,0.00563328067221429,64.19511496063373,1
2021-07-02,405.3680725097656,405.72323677808726,402.3772425348485,403.4520907750856,57697700,401.40147094726564,398.6816925048828,396.09757232666016,17.571075439453125,0.005535876942591231,67.11086548980268,0
2021-07-06,404.6296997070313,405.6391169295271,401.9005937821132,405.4241415803903,68710400,402.4220825195313,399.80979614257814,396.66380615234374,11.281036376953182,0.005558912744237094,67.08140549161254,1
2021-07-07,406.0596618652344,406.34006819983387,403.3025183056718,405.3119686849688,63549500,403.6857055664062,400.8705993652344,397.29734802246094,10.6080322265625,0.005570078809714219,74.55230374778806,0
2021-07-08,402.75103759765625,403.50808611480505,399.5732706851184,400.7509143885333,97595200,404.2203063964844,401.64820861816406,397.7948028564453,7.776092529296875,0.005950475805217001,66.46678774649888,1
2021-07-09,407.0503540039063,407.3494426746745,402.5547825987508,404.2558173257462,76238600,405.17176513671876,402.62209167480466,398.4159301757812,9.738830566406307,0.006274420487005268,84.01566601032197,1
2021-07-12,408.5084228515625,408.76079142536776,406.53636552867664,406.9662877159468,52889600,405.7998352050781,403.60065307617185,399.0773529052734,9.785614013671875,0.006290576095571605,81.31260093366411,0
2021-07-13,407.1157531738281,409.21867209378087,406.8540577380294,407.7232573795041,52911300,406.2970458984375,404.35956420898435,399.62489013671876,7.589111328125,0.00638950656060963,74.82063630601718,1
2021-07-14,407.7232971191406,409.29349840963926,406.4802508086064,408.8074721795963,64130400,406.62977294921876,405.1577392578125,400.2391326904297,7.98175048828125,0.006344477303369228,76.97757261389364,0
2021-07-15,406.3307189941406,407.0597298390084,404.43341971053184,406.3867945573869,55126400,407.3457092285156,405.7830078125,400.8941452026367,6.252685546875,0.006233729195796249,69.88035770262044,0
2021-07-16,403.14361572265625,407.555073909898,402.751086788684,407.5083537824567,75874700,406.5643615722656,405.86806335449216,401.39632415771484,0.850555419921875,0.006576810419243679,59.03699239789945,0
2021-07-19,397.1900329589844,403.20905730096297,394.3861406949322,398.3302836206056,147987000,404.30068359375,405.0502593994141,401.86597595214846,-8.17803955078125,0.006732219404718932,46.05425896379848,1
2021-07-20,402.8819274902344,404.1530401378472,397.0591676686946,397.8536095081192,99608200,403.45391845703125,404.8754821777344,402.34263916015624,-1.7477722167969318,0.0067337044732112845,54.47523105907077,1
2021-07-21,406.1437683105469,406.2839857367984,402.8351960952672,404.07824240394586,64724400,403.1380126953125,404.88389282226564,402.87724609375,0.0841064453125,0.006849484430036647,57.97879514822204,1
2021-07-22,406.9942626953125,407.23727579624176,405.33997668113454,406.3213274734552,47878500,403.2707214355469,405.30821533203124,403.4782119750977,4.24322509765625,0.006824204049612787,56.414159625132534,1
2021-07-23,411.1814575195313,411.5179109011736,408.2373763394922,408.91963853760046,63766600,404.8782897949219,405.7213256835938,404.17170867919924,4.131103515625,0.007039019007045262,57.697962086648786,1
2021-07-26,412.19085693359375,412.20021236866125,410.5459261537889,410.5926462837905,43719200,407.8784545898437,406.0895690917969,404.84511108398436,3.68243408203125,0.0070284262602396275,59.940971419767294,0
2021-07-27,410.312255859375,411.1814556139232,407.48965273178777,411.15341783224966,67397100,409.36452026367186,406.4092193603516,405.38439178466797,3.196502685546875,0.007164561161048362,55.52587603707579,0
2021-07-28,410.14398193359375,411.51789021824817,408.723353522504,410.9384237416545,52472400,410.16456298828126,406.6512878417969,405.9045135498047,2.420684814453125,0.007173397275395215,60.4601657722885,1
2021-07-29,411.8450622558594,412.9198819868287,411.0599757952557,411.0693312306445,47435300,411.1347229003906,407.2027221679688,406.49286499023435,5.51434326171875,0.007200081608438279,57.32232822381813,0
2021-07-30,409.8449096679688,411.2935758166281,409.1532635675781,409.28412555399376,68951200,410.86741333007814,407.8728515625,406.8704574584961,6.701293945312557,0.007266273243575125,52.007797556936744,0
2021-08-02,408.9850769042969,412.10674026622047,408.6299126466088,411.5553115323718,58783300,410.22625732421875,409.05235595703124,407.05130767822266,11.7950439453125,0.007119359584889839,52.85396659143559,1
2021-08-03,412.3123779296875,412.4338844991458,407.5925037276187,409.7795364098606,58053900,410.62628173828125,409.9954010009766,407.4354415893555,9.430450439453125,0.0072967394893755765,56.46908305291677,0
2021-08-04,410.2842102050781,412.2843051456388,410.0505525213927,411.0319033838049,46732200,410.6543273925781,410.40944519042966,407.6466690063477,4.14044189453125,0.007384459729861416,55.475003507775426,1
2021-08-05,412.8824462890625,412.96655962509095,411.1253360982536,411.4431070974712,38969700,410.86180419921874,410.9982635498047,408.15323944091796,5.88818359375,0.007194883250185071,63.71046322790194,1
2021-08-06,413.5647277832031,413.9853230057107,412.9198303207797,413.2002366433399,46930000,411.60576782226565,411.23659057617186,408.4789581298828,2.383270263671818,0.006848515468756649,77.0703085585131,0
2021-08-09,413.228271484375,413.8544580739084,412.46186747322616,413.5366870620658,41222600,412.45440673828125,411.34033203125,408.71495056152344,1.03741455078125,0.006825584521206968,70.78471209811997,1
2021-08-10,413.7423706054688,414.4526991663154,412.9946773475972,413.6769396016709,43339300,412.7404052734375,411.6833435058594,409.0462814331055,3.430114746093807,0.006760852363929912,67.15913084827066,1
2021-08-11,414.7704162597656,414.8638850355054,413.6862412110491,414.80780947459465,44034300,413.637646484375,412.14598693847654,409.39863739013674,4.626434326171875,0.006769610828088387,67.42038386387969,1
2021-08-12,416.0134887695313,416.15370620330873,413.7236604942885,414.62089804805976,38909400,414.26385498046875,412.5628295898438,409.8827758789063,4.168426513671932,0.006707077338524628,62.46975806451613,1
2021-08-13,416.7705078125,416.78919015715337,415.9760660634455,416.4620637284058,39470300,414.90501098632814,413.25538940429686,410.5641204833984,6.925598144531193,0.006360441024566369,61.974433858380806,1
2021-08-16,417.751953125,417.8827866125121,413.91996092666375,415.471451563948,73740000,415.80974731445315,414.1320770263672,411.5922164916992,8.766876220703125,0.0050461957467355,70.41017260202408,0
2021-08-17,415.0133972167969,415.8732414325838,412.0319231944984,415.2003062311289,92673900,416.06395263671874,414.4021789550781,412.1987899780273,2.701019287109375,0.0046207416497959074,61.70771973849303,0
2021-08-18,410.47113037109375,415.5648794226537,410.2281457688839,414.004033503329,89351900,415.2040954589844,414.4208709716797,412.4151580810547,0.186920166015625,0.005123236532400199,47.09367556017481,1
2021-08-19,411.106689453125,412.30304425730367,407.6111793930043,407.7513683082851,92812200,414.2227355957031,414.24329528808596,412.6207794189453,-1.7757568359375,0.005115986464885296,52.83261626154381,1
2021-08-20,414.3778381347656,414.70496457219946,410.966441910474,411.4524681110036,72008700,413.74420166015625,414.32460632324216,412.78059844970704,0.8131103515625,0.004903766020624611,60.923749496188336,1
2021-08-23,418.0229187011719,418.9295115835413,414.4526227295589,416.0601886079049,54973000,413.79839477539065,414.8040710449219,413.07220153808595,4.794647216796875,0.005237397109048742,61.420426318314256,1
2021-08-24,418.6865234375,419.2192697916325,418.1724879522138,418.6865234375,38744700,414.53302001953125,415.298486328125,413.4909149169922,4.944152832031193,0.005089925928023374,67.7737423712095,1
2021-08-25,419.5650939941406,420.0791294982954,418.49960124676494,418.8734763654232,40529700,416.3518127441406,415.7779541015625,413.9619705200195,4.794677734375,0.005083655348363754,65.24520909016226,0
2021-08-26,417.08831787109375,419.5183349461485,416.9948490937456,419.2846772641112,57829600,417.5481384277344,415.88543701171875,414.22413330078126,1.0748291015624432,0.005265118522540059,57.43006621749455,1
2021-08-27,420.8174743652344,421.1913209422029,417.8360001384459,417.89207569885787,77235100,418.8360656738281,416.2901336669922,414.7727615356445,4.046966552734375,0.005408177932395655,63.99994595550111,1
2021-08-30,422.66802978515625,423.4531161096765,421.2473729404078,421.49038603704406,48357400,419.765087890625,416.7817413330078,415.4569091796875,4.91607666015625,0.005386110306155638,65.69161435699334,0
2021-08-31,422.0418701171875,422.9110698917558,421.4437212534849,422.5746165039233,59300200,420.4361572265625,417.4845886230469,415.9433837890625,7.028472900390625,0.005203827218731303,62.96669173611557,1
2021-09-01,422.2661437988281,423.4905077483613,422.03248612109024,422.9764722664043,48721400,420.9763671875,418.6640899658203,416.54248046875,11.795013427734375,0.00500661179808337,61.570346409576636,1
2021-09-02,423.5652770996094,424.3690457877398,422.3689509787344,423.6867836507604,42501000,422.2717590332031,419.9099487304687,417.07662200927734,12.458587646484375,0.004891161654697351,62.32620761968242,0
2021-09-03,423.4624938964844,423.9765579301553,422.0325099688313,422.4344228744772,47170500,422.80076293945314,420.81841430664065,417.5715103149414,9.08465576171875,0.004902103147594805,60.70045941701959,0
2021-09-07,421.9484252929688,423.2101826143172,421.2754899564276,423.1167138270563,51671500,422.65684204101564,421.2109649658203,418.0075180053711,3.925506591796932,0.004999586108248564,63.61991980773048,0
2021-09-08,421.4343872070313,422.14471575872943,419.5183769090741,421.4157048587594,56181900,422.53534545898435,421.4857513427734,418.3921188354492,2.747863769531307,0.00502497895579962,75.57814333397909,0
2021-09-09,419.6305847167969,422.9859061688383,419.3875715596152,421.2381509787596,57970400,422.00823364257815,421.49230041503904,418.63512725830077,0.06549072265625,0.0051413947285637515,68.85888331179467,0
2021-09-10,416.3219604492188,421.9764655786585,416.2004538773262,421.5558988174952,89948200,420.5595703125,421.41566467285156,418.65055084228516,-0.7663574218749432,0.005440893519095631,54.294196077691346,1
2021-09-13,417.3873596191406,419.5744205265016,415.07882068151736,419.3127250750678,83738600,419.34454345703125,421.07265319824216,418.6813934326172,-3.43011474609375,0.005456033568198483,48.415613502813336,0
2021-09-14,415.1349182128906,419.032312143196,414.2470076652523,418.8266922544094,78197100,417.9818420410156,420.3193420410156,418.55054168701173,-7.533111572265625,0.005560842094954537,41.7960803001315,1
2021-09-15,418.6023559570313,419.09770903207215,414.452593828414,415.555451086405,78792200,417.4154357910156,419.975390625,418.72998962402346,-3.439514160156193,0.005676099808399085,48.01371579394084,0
2021-09-16,417.9388122558594,419.0509965202967,414.9947028060808,418.0790011528334,77786700,417.07708129882815,419.54265747070315,419.1033737182617,-4.32733154296875,0.005037432626094935,51.89661156518603,0
2021-09-17,413.8676452636719,417.5900174422534,413.5113432060983,417.1681033851602,118425000,416.5862182617187,418.57289428710936,419.2414215087891,-9.6976318359375,0.00556725508323184,34.73466038889306,0
2021-09-20,406.966796875,409.3296017705494,402.10987722418974,407.7543985068498,166445500,414.5021057128906,416.92332458496094,418.8708694458008,-16.495697021484375,0.006450146340826082,21.77430326969497,0
2021-09-21,406.5823059082031,410.59533949300106,406.0572382327374,409.3014125020168,92526100,412.7915832519531,415.3867126464844,418.29883880615233,-15.366119384765682,0.006035277904075055,21.96515477359236,1
2021-09-22,410.5484619140625,412.5831207202877,406.6948369631127,408.8513629815071,102350100,411.18080444335936,414.2981201171875,417.89193572998045,-10.885925292968807,0.006503982809482688,31.289987769163673,1
2021-09-23,415.5366516113281,417.1400110058016,412.17996661282217,412.4143728690153,76396000,410.70037231445315,413.88872680664065,417.69051361083984,-4.09393310546875,0.0071126954198521535,38.53151498982544,1
2021-09-24,416.2210998535156,416.9337039803391,413.6895010133059,413.9051650553823,62094800,411.1710632324219,413.87864074707034,417.64715270996095,-0.10086059570318184,0.007008087823790859,39.82511719172102,0
2021-09-27,415.0303039550781,416.3523298980062,414.33644206403306,415.1896841659372,61371100,412.7837646484375,413.64293518066404,417.3577941894531,-2.3570556640625,0.0066985014878422336,40.19022973832586,0
2021-09-28,406.6666870117188,412.5924834545763,405.9353407086728,412.2643090052773,130436300,412.80064086914064,412.7961120605469,416.55772705078124,-8.468231201171818,0.007868048683031233,32.872453385811156,1
2021-09-29,407.3511962890625,409.7796416267997,406.7886155612909,408.045029638689,82329200,412.16118774414065,411.67099609375,415.823193359375,-11.251159667968807,0.007908590015922432,35.37878011574266,0
2021-09-30,402.3724365234375,409.5264917761639,402.0348766187246,408.8232729732289,140506000,409.5283447265625,410.11435852050784,414.8285079956055,-15.566375732421875,0.008223699677240848,34.02548385067544,1
2021-10-01,407.154296875,408.8326537442385,400.58156466232106,404.0976586371233,129240100,407.71498413085936,409.4430236816407,414.007958984375,-6.713348388671875,0.008750123897401133,39.20067813597631,0
2021-10-04,401.903564453125,406.8917073430287,399.7657521393978,405.9915954205408,128570000,405.0896362304687,408.93670043945315,412.93001251220704,-5.063232421875,0.009072652417479468,36.86754841316526,1
2021-10-05,406.0854187011719,408.32632771246665,402.6068377448533,403.4037961536202,90682500,404.9733825683594,408.88701171875,412.13686218261716,-0.49688720703125,0.009518728357026699,37.75034360740883,1
2021-10-06,407.7731628417969,407.97944151471984,400.8722556277345,402.4943287877646,113032200,405.0577758789062,408.60948181152344,411.4538009643555,-2.775299072265625,0.009613514080914227,40.2469388830656,1
2021-10-07,411.298583984375,414.13020116989895,410.86728449835147,411.0454355366307,72437500,406.84300537109374,408.1856750488281,411.0372009277344,-4.238067626953125,0.009855445065592225,47.50912371503118,0
2021-10-08,410.5484619140625,412.451868101781,409.9202691984104,412.0674384245111,74557400,407.52183837890624,407.6184112548828,410.74852600097654,-5.672637939453125,0.009723483722196176,53.94294084446476,0
2021-10-11,407.576171875,412.798749458497,407.5105312643394,409.8921065328173,65233300,408.65635986328124,406.872998046875,410.25796661376955,-7.454132080078125,0.009799692540694302,51.035136868697464,0
2021-10-12,406.5729370117188,408.89825725037673,405.7853354665387,408.4950853785661,71181200,408.7538635253906,406.863623046875,409.8298675537109,-0.09375,0.009754512961345363,45.5870237427405,1
2021-10-13,408.03564453125,408.8513737107969,404.6227043779437,407.5949596324776,72974000,408.8063598632813,406.93206787109375,409.30153198242186,0.6844482421875,0.009570883511886159,40.96658127919493,1
2021-10-14,414.8991088867188,415.049132337177,411.2236058856092,411.6924184380236,70236800,409.52646484375003,408.1847351074219,409.14954681396483,12.526672363281307,0.010385570505455653,48.61418135960526,1
2021-10-15,418.0588073730469,418.424494816852,416.3898362044381,417.00867206884914,66260200,411.0285339355469,409.2751861572266,409.3591049194336,10.904510498046875,0.010280981151653736,53.04886890951278,1
2021-10-18,419.2964782714844,419.6340094982905,415.6209761000303,416.2773249708745,62213200,413.3725952148437,411.0144775390625,409.9755889892578,17.392913818359375,0.009453411520206848,64.84458227788167,1
2021-10-19,422.5312805175781,422.596892511088,420.3090855642555,420.9185646143034,46996800,416.56426391601565,412.6590637207031,410.7730377197266,16.44586181640625,0.00953179550449178,66.83295871936849,1
2021-10-20,424.1908874511719,424.4909342886698,422.8782183046703,422.9907287152216,49571600,419.7953125,414.30083618164065,411.45515899658204,16.417724609375,0.009368947291489347,76.11661366244905,1
2021-10-21,425.29736328125,425.5223841474882,423.1595792098458,423.5908787414848,41305400,421.8749633789063,415.7007141113281,411.9431945800781,13.998779296875,0.009044941360868482,73.81240767621233,0
2021-10-22,424.8566284179688,426.3099643124369,422.9157378325938,424.86601382430814,58845100,423.2345275878906,417.13153076171875,412.3749710083008,14.308166503906307,0.009057861384641614,84.47873403562843,1
2021-10-25,427.1350708007813,427.4632452839596,424.1722008875209,425.9442973142117,45214500,424.80224609375,419.08742065429686,412.98020935058594,19.558898925781307,0.009056857296078195,83.53733545066392,1
2021-10-26,427.51953125,429.8917216010357,427.1444869339798,428.68220582792407,56075100,425.7998962402344,421.182080078125,414.0228515625,20.946594238281193,0.007500355431676196,82.82403288039285,0
2021-10-27,425.6254577636719,428.6446111455954,425.5504317463337,427.978905465438,72438000,426.08681030273436,422.94106140136716,414.93656463623046,17.589813232421875,0.007659579752482798,75.18100103306581,1
2021-10-28,429.7322387695313,429.8072361692125,427.0412599615864,427.05061675277136,51437900,426.9737854003906,424.42437438964845,416.30455474853517,14.8331298828125,0.00702330520285251,80.15895709712855,1
2021-10-29,430.6041870117188,430.8948484089836,427.1443492297852,427.43501062705,70162400,428.1232971191406,425.6789123535156,417.47704925537107,12.545379638671932,0.006730276820007067,88.76234917973534,1
2021-11-01,431.3450012207031,431.963837137472,429.6197747015492,431.5887642564896,48433600,428.965283203125,426.8837646484375,418.94912109375,12.04852294921875,0.0056382661459477255,92.06971790473145,1
2021-11-02,433.0889892578125,433.398421537022,431.3825048609663,431.5137860979751,48908400,430.0791748046875,427.9395355224609,420.299299621582,10.557708740234375,0.005406210621412737,92.14476540152506,1
2021-11-03,435.7331237792969,436.1362956921223,432.0857485213813,432.52643344894864,52509800,432.1007080078125,429.09375915527346,421.69729766845705,11.542236328125,0.005441089380954103,90.84519261029354,1
2021-11-04,437.7864990234375,437.8708818410705,435.9862464051318,436.3331630823048,52847100,433.71156005859376,430.34267272949216,423.02169342041014,12.4891357421875,0.005308529443360207,90.43005762704675,1
2021-11-05,439.3055419921875,441.29330287495554,437.79597912682055,440.0087609052828,66390600,435.4518310546875,431.7875640869141,424.4595474243164,14.448913574218693,0.005178449389469312,90.53916858648344,1
2021-11-08,439.6804809570313,440.89941061596096,438.9960330253521,440.4024705143944,50405200,437.1189270019531,433.04210510253904,426.064762878418,12.54541015625,0.004585207558122843,89.29910666206058,0
2021-11-09,438.2272644042969,440.2806658526041,436.8208266240344,440.0462595558937,51149100,438.14658203125,434.1128784179688,427.64747924804686,10.707733154296875,0.004649357613687862,82.47293122242995,0
2021-11-10,434.7017211914063,438.2272005366199,433.2202862022842,436.5394582778482,69429700,437.9403015136719,435.0205047607422,428.9807830810547,9.076263427734432,0.005347931365457581,69.56673574918997,1
2021-11-11,434.84228515625,436.2674933027637,434.8235429594951,436.19246728766257,34848500,437.35145874023436,435.53150939941406,429.9779418945312,5.110046386718693,0.004304314760955259,71.03898007787778,1
2021-11-12,438.1240539550781,438.6772493099113,435.1611553150892,436.1081657875227,53466700,437.1151611328125,436.28349609375,430.9812042236328,7.519866943359318,0.004299933672196275,72.21374328350836,1
2021-11-15,438.2740783691406,439.56800554034606,437.1489454567353,439.40862530276064,46980500,436.83388061523436,436.9764038085938,431.9300842285156,6.9290771484375,0.004320349645968537,71.94786397499823,1
2021-11-16,440.0086669921875,441.1431852512349,437.9365237158013,438.01152112700873,48857500,437.1901611328125,437.6683715820312,432.80395355224607,6.919677734375,0.004147279434069373,79.54555997577724,0
2021-11-17,438.9397583007813,439.9242530537252,438.32092239942926,439.74610202390977,47858300,438.0377685546875,437.98903503417966,433.54139709472656,3.206634521484432,0.00423735124893244,71.61099746150728,1
2021-11-18,440.43060302734375,440.693136883662,437.2520405319482,439.97114731825366,50625600,439.1554321289062,438.2534454345703,434.2980590820313,2.64410400390625,0.004249703697772202,72.4124777957825,0
2021-11-19,439.64300537109375,441.5651251990252,439.27731788187225,440.318067909882,57315600,439.4592224121094,438.2871917724609,435.0373779296875,0.33746337890625,0.004278954630249786,68.88611059018021,0
2021-11-22,438.4053039550781,444.0029260411322,438.1990253218852,441.518225650883,72762000,439.4854675292969,438.1596740722656,435.6008895874023,-1.2751770019531818,0.004303275134572368,62.38526892040816,1
2021-11-23,438.9866027832031,439.8398448730952,435.47989482517465,438.0771054886185,73206500,439.2810546875,438.23560791015626,436.1742431640625,0.75933837890625,0.004302184127547508,58.38550843191548,1
2021-11-24,440.1586608886719,440.2805567109924,436.17375483241744,436.9894839645097,61858800,439.52483520507815,438.7813018798828,436.9009033203125,5.456939697265568,0.004089238553105685,56.40498285269803,0
2021-11-26,430.3417053222656,434.96418925297854,429.2165439866492,433.5014966851021,112669600,437.5070556640625,438.33124389648435,436.9313766479492,-4.500579833984375,0.0064026342536105734,33.28640832495921,1
2021-11-29,435.62060546875,437.4583425612124,432.9296261441328,435.1236653350825,86268800,436.70257568359375,438.0808990478516,437.1821975708008,-2.503448486328125,0.006951498399468221,43.600442563017005,0
2021-11-30,427.1444396972656,435.0861245357968,426.9006480424914,433.1827469437874,148559600,434.4504028320313,436.9679351806641,436.97216949462893,-11.129638671875,0.008261753190692653,35.696967691929515,0
2021-12-01,422.4000549316406,435.6862135337651,422.2031616971008,432.84521097923056,131939200,431.1330932617187,435.2070739746094,436.43772277832034,-17.608612060546875,0.008518058456107312,34.60820318495985,1
2021-12-02,428.8697204589844,430.4355669860337,422.2219618493188,422.6157769864965,127637800,428.87530517578125,434.2000701904297,436.0945526123047,-10.070037841796932,0.009159494849072405,43.548873033024144,0
2021-12-03,425.137939453125,431.5887754076615,420.91862695944747,430.5292831950463,137331600,427.8345520019531,432.6708038330078,435.4621246337891,-15.29266357421875,0.00922903869226552,36.10839609429321,1
2021-12-06,430.1729736328125,432.0482235973753,425.2691846744251,427.6788877462588,98977500,426.7450256347656,431.7238006591797,435.0054962158203,-9.47003173828125,0.009643367963422153,42.15402822169952,1
2021-12-07,439.071044921875,439.63362565886325,430.0417113660508,435.442440658666,95484700,429.1303466796875,431.7903747558594,434.9750244140625,0.665740966796875,0.010795339288828684,49.20255812625557,1
2021-12-08,440.2336120605469,440.6836822924531,437.71139890894136,439.4647814253452,72238800,432.6970581054687,431.9150756835937,435.075341796875,1.24700927734375,0.010781875785388634,51.09866445812569,0
2021-12-09,437.2614135742188,440.3368223530035,437.06452034105865,438.9491270865354,61272600,434.3753967285156,431.62535095214844,435.2033264160156,-2.897247314453068,0.010733051929244116,47.37495070828408,1
2021-12-10,441.3775634765625,441.52758690349503,437.41142821807136,439.9617692478392,77159800,437.6233215332031,432.72893676757815,435.53009033203125,11.035858154296875,0.010922725787794125,51.36165666070942,0
2021-12-13,437.4677734375,441.2088886323661,437.1864687238556,440.8619719048485,87724700,439.0822814941406,432.9136535644531,435.49727630615234,1.84716796875,0.011005285083287176,49.29365612565522,0
2021-12-14,434.4579162597656,436.6894683893485,431.5419161774256,434.204767804998,97264100,438.15965576171874,433.64500122070314,435.3064682006836,7.3134765625,0.011110854317056792,46.708496212450555,1
2021-12-15,441.2463073730469,441.49007040259744,432.00131048296834,434.5141670966672,116899300,438.36219482421876,435.5296264648438,435.36835021972655,18.84625244140625,0.011643998651838258,50.73084784912545,0
2021-12-16,437.3551635742188,443.37469964954175,435.8080595359977,443.09342361388826,116568600,438.3809448242188,436.3781707763672,435.28912048339845,8.485443115234432,0.011806584935719526,55.12050112139151,0
2021-12-17,432.7004699707031,437.2827414785998,430.9974086651927,434.2812071966068,135511600,436.64552612304686,437.134423828125,434.9026138305664,7.562530517578125,0.012002576863766117,47.84840843790319,0
2021-12-20,428.0993957519531,428.4945657060667,424.4862697414786,427.6289361873408,107134800,434.7718505859375,436.92706604003905,434.3254333496094,-2.073577880859375,0.012201574213067225,50.74623662273318,1
2021-12-21,435.7019653320313,435.8430974441347,429.3507618562461,431.5148641473523,69806300,435.0206604003906,436.5901580810547,434.19026641845704,-3.369079589843693,0.01291016473997768,59.95011667292915,1
2021-12-22,440.0584716796875,440.1713773813337,435.2503599777173,435.44797367017134,58890200,434.78309326171876,436.57264404296876,434.2438598632813,-0.175140380859375,0.013109303827809152,58.64265485248699,1
2021-12-23,442.7965393066406,444.2925972471357,440.9523458894644,441.0558332086626,56439700,435.8713684082031,437.12615661621095,434.37575378417966,5.535125732421818,0.013168406290457015,63.852899562127,1
2021-12-27,449.0631103515625,449.1101448261274,444.12328451008153,444.1703189846464,56808600,439.143896484375,437.89471130371095,435.3118240356445,7.685546875,0.012361534222557856,64.53810959856452,0
2021-12-28,448.6961059570313,450.5214913868531,447.9339637503562,449.4958929694086,47274600,443.26323852539065,439.0175445556641,435.9655990600586,11.228332519531307,0.012145284374783839,58.527324186157756,1
2021-12-29,449.27001953125,450.28619942831625,447.802188171838,448.7995600259367,54503000,445.9768493652344,440.4987548828125,437.07187805175784,14.812103271484375,0.011097443406615863,58.09019002472647,0
2021-12-30,448.0280456542969,450.70025247373695,447.56700448030426,449.6934621372565,55329000,447.5707641601563,441.1769287109375,438.3532775878906,6.78173828125,0.010705495344955393,59.94742092414885,0
2021-12-31,446.89892578125,448.6866663206762,446.6260799179109,447.5387725895835,65237400,448.3912414550781,442.1313049316406,439.2547378540039,9.543762207031193,0.010363265391296369,55.39926586887106,1
2022-01-03,449.4864501953125,449.61819265083415,445.8545162929149,448.15975083339737,72668200,448.4759094238281,443.8099029541016,440.47216339111327,16.785980224609375,0.010069883451803078,62.06490691259602,0
2022-01-04,449.3359375,451.6223929028808,447.48232558918886,450.9072851460478,71178700,448.6038757324219,445.9335571289063,441.43031158447263,21.236541748046875,0.00986265449080364,65.84485321695476,0
2022-01-05,440.7077026367188,449.7405319442751,440.61360498167255,448.9689713732978,104538900,446.89141235351565,446.434130859375,441.5121444702148,5.0057373046875,0.009966203722848515,49.448025445435924,0
2022-01-06,440.2936401367188,443.0034914570786,437.93192425280233,440.2466056724417,86858900,445.34453125,446.4576477050781,441.51514587402346,0.23516845703130684,0.009952732232181126,53.24250494013247,0
2022-01-07,438.5530090332031,441.4792825603523,437.1980831419466,440.3031336071487,85111600,443.67534790039065,446.0332946777344,441.57972564697263,-4.2435302734375,0.009871371060198657,56.90194271894279,0
2022-01-10,438.0072937011719,438.2236867337772,429.6237004184561,435.36331312046167,119362000,441.3795166015625,444.92771301269534,441.4112121582031,-11.055816650390625,0.009632238238014294,62.92028678673424,1
2022-01-11,441.9967651367188,442.0908627934465,434.751676287286,437.7438209696161,74303100,439.91168212890636,444.2577789306641,441.6376617431641,-6.6993408203125,0.00963371471219751,59.0626620152723,1
2022-01-12,443.1917114257813,445.2429369205549,441.2346123000405,443.72804221308974,67605400,440.4084838867187,443.6499481201172,442.07435150146483,-6.078308105468693,0.009481347061913512,54.96272278357182,0
2022-01-13,437.0851745605469,444.9418552591615,436.0595761258511,444.2926187440994,91173100,439.76679077148435,442.5556610107422,441.86629486083984,-10.94287109375,0.009379611297317899,41.826011757614936,1
2022-01-14,437.263916015625,437.6120514809011,432.7286791584299,433.94247281173614,95890900,439.50897216796875,441.5921600341797,441.86173248291016,-9.635009765625,0.009169968044423769,29.549647520797535,0
2022-01-18,429.5202026367188,432.7851934565631,428.4099248561453,432.5781900809837,109709100,437.8115539550781,439.5955352783203,441.7027191162109,-19.966247558593693,0.009722340866879632,23.532295892922136,0
2022-01-19,425.0601806640625,432.455790611051,424.7873060995941,431.0632487949444,109357600,434.4242370605469,437.16795959472654,441.5507583618164,-24.2757568359375,0.009708557522670407,19.821601930667697,0
2022-01-20,420.3555908203125,431.6372011815895,418.2385229314581,426.942024252304,122379700,429.8570129394531,435.13274841308595,440.78343963623047,-20.352111816406307,0.008998513303216183,18.24646823459713,0
2022-01-21,412.1037292480469,421.58818048555,412.0755028255823,419.2358828982697,202271200,424.8607238769531,432.3137573242187,439.3857025146484,-28.189910888671932,0.009392388703470348,15.682884618278763,1
2022-01-24,413.8538513183594,414.3619556697632,395.9011276193335,406.5052754832323,251783900,420.1787109375,429.8438415527344,437.9385681152344,-24.69915771484375,0.009297628881310107,14.26674868480255,0
2022-01-25,408.8011169433594,413.7409421509055,401.9135823339121,407.47441758472695,167997300,416.03489379882814,426.9232238769531,435.9254684448242,-29.2061767578125,0.008524826903672301,12.98959385785173,0
2022-01-26,407.7755432128906,417.80574473347866,403.5225703047687,414.6818862839636,186391100,412.5779663085938,423.5011016845703,433.8794403076172,-34.22122192382818,0.008493123180586213,15.08370235624615,0
2022-01-27,405.7619323730469,415.50045053402,404.0777079047049,412.3672026513168,149878300,409.65923461914065,419.75812377929685,431.704035949707,-37.42977905273443,0.008374342625565129,14.588871203866105,1
2022-01-28,415.8391723632813,415.886206828452,402.54398201671927,407.1168346707988,164457400,410.4063232421875,417.63352355957034,430.09459228515624,-21.246002197265568,0.010716652257860323,30.108691875770134,1
2022-01-31,423.3288879394531,423.67702338927,413.82559991033423,415.1711072435179,152251400,412.30133056640625,416.2400207519531,428.9160903930664,-13.935028076171875,0.011764372823397772,38.53945766970103,1
2022-02-01,426.1892700195313,426.82908804425705,420.5343376742569,424.05336552481776,123155400,415.7789611816406,415.90692749023435,427.75123138427733,-3.3309326171875,0.01180276288163504,37.43637905374335,1
2022-02-02,430.329345703125,431.053843055328,426.2833764423959,428.5886396673794,117361000,420.2897216796875,416.4338439941406,426.80090179443357,5.2691650390625,0.012113686654357261,40.234316712188566,0
2022-02-03,420.2144470214844,426.2080966836343,419.3770152968473,424.30745056905977,118024400,423.180224609375,416.4197296142578,425.7762390136719,-0.141143798828125,0.012466682196885837,37.92589809896561,1
2022-02-04,422.1903991699219,426.0293363499769,417.6080991681987,419.9792336074007,118454400,424.4504699707031,417.4283966064453,424.871076965332,10.086669921875,0.01256264590471875,39.482686737890894,0
2022-02-07,420.8355712890625,424.3451818672271,419.5088716429788,422.9526396938514,84472900,423.951806640625,418.12656860351564,423.985205078125,6.981719970703125,0.012557725227076632,43.347313004366846,1
2022-02-08,424.2980651855469,425.2201762493433,418.91600673505786,420.3368037778956,81012000,423.5735656738281,419.6762634277344,423.29974365234375,15.4969482421875,0.012764041503283764,49.40713620649788,1
2022-02-09,430.5081176757813,430.828026712605,428.1275935863995,428.3251785502613,92589900,423.60932006835935,421.94952087402345,422.7253112792969,22.732574462890682,0.013062459316617338,57.71708550919898,0
2022-02-10,422.7738037109375,430.66810052892527,420.7790596867854,424.6744500762086,140103700,424.12119140625,423.6507080078125,421.7044158935547,17.011871337890625,0.013543250059064482,58.17479968482654,0
2022-02-11,414.4371948242188,424.9284364407401,413.0070082120165,422.858431768966,153214600,422.5705505371094,423.51051025390626,420.57201690673827,-1.4019775390625,0.013870156697736922,50.40595396314286,0
2022-02-14,413.0822448730469,415.5098319487012,409.6196698794952,413.92909493615394,123006300,421.01988525390624,422.4858459472656,419.36293334960936,-10.24664306640625,0.013853018796421914,53.14092752787303,1
2022-02-15,419.7440185546875,419.9133771021189,416.9965221332092,417.5140448697904,88482700,420.10907592773435,421.84132080078126,418.87412414550784,-6.445251464843807,0.013995255196353714,58.11016320704889,1
2022-02-16,420.2144470214844,421.5881807733141,415.8297608700527,417.7021805621434,84863600,418.050341796875,420.8298309326172,418.63183746337893,-10.114898681640625,0.013827172596893738,60.00261058885252,0
2022-02-17,411.238037109375,420.1861855804149,410.6358639083822,417.0341013310905,102259100,415.7431884765625,419.93218994140625,418.175959777832,-8.976409912109375,0.01442076355287284,46.76627159286376,0
2022-02-18,408.5753173828125,412.7435821681036,406.3076988713617,411.492143665792,132642900,414.57081298828126,418.5706817626953,417.9995391845703,-13.615081787109375,0.013813317217258512,38.87629260220366,0
2022-02-22,404.1905822753906,409.77022506154026,400.6997521061171,406.37352124987865,124391800,412.79248046875,416.90618286132815,417.51637573242186,-16.644989013671875,0.013956900117805811,33.78640200198919,0
2022-02-23,397.0208129882813,407.66260537056274,396.4562558034865,407.098048185768,132578000,408.2478393554687,414.17845764160154,416.92736053466797,-27.277252197265568,0.014240680787628817,26.500237268254423,1
2022-02-24,402.9956359863281,403.42847944353576,386.3790300752348,386.7365552102814,213942900,404.8040771484375,411.4272094726563,416.68836517333983,-27.512481689453182,0.01470021029429298,37.09812110469019,1
2022-02-25,411.8872985839844,411.97197784953823,402.5815957478885,404.22820402321,121804500,404.9339294433594,410.33855895996095,416.99463348388673,-10.886505126953125,0.015488677407094862,43.00494194888319,0
2022-02-28,410.8335266113281,412.3107765451423,405.25388303089113,406.5052928463394,145615000,405.3855712890625,409.9781921386719,416.7443511962891,-3.603668212890682,0.014432458843837022,43.181463563613,0
2022-03-01,404.5764465332031,411.3416578546236,401.8759843184385,409.3374953713261,137785900,405.462744140625,409.1276123046875,415.8067291259766,-8.50579833984375,0.01409792566201009,37.04895455817127,1
2022-03-02,412.0191040039063,413.7409734291532,406.07248803205465,406.82521187285215,117726500,408.46240234375,408.3551208496094,415.0982208251953,-7.724914550781193,0.014712584789208375,38.051824703508366,0
2022-03-03,409.96783447265625,415.0487916398629,408.1706756272168,414.4466183746847,105501700,409.8568420410156,407.3304595947266,414.08014526367185,-10.246612548828125,0.014483667486606277,41.06834379552288,0
2022-03-04,406.6369934082031,407.76607902539786,402.600442693899,406.2417947777143,113978200,408.80678100585936,406.8703552246094,413.4012725830078,-4.601043701171875,0.013686039480939154,44.15127238777791,0
2022-03-07,394.6496887207031,406.7593128666358,394.5838174926232,406.0536235461076,137896600,405.57001342773435,405.47779235839846,412.02423706054685,-13.925628662109375,0.014940657874175865,38.07961109405061,0
2022-03-08,391.6575622558594,401.9700272063481,390.5943191141427,394.82845492231417,164772700,402.9862365722656,404.22449035644536,410.5653366088867,-12.53302001953125,0.014971819063428968,30.93134108425302,1
2022-03-09,402.1582336425781,404.134169484024,397.8394184443937,400.02235763522094,116990800,401.0140625,404.738232421875,409.4583450317383,5.137420654296818,0.01625801391687368,39.210617493772546,0
2022-03-10,400.3422546386719,401.2361105228519,395.6000145047704,397.5571135281268,93972700,399.0889465332031,404.4728942871094,407.95005187988284,-2.65338134765625,0.015748488729459723,42.880007913030056,0
2022-03-11,395.2519836425781,403.43796445638185,394.7438791722688,402.8263726443944,95636300,396.81194458007815,402.8093627929687,406.57396087646487,-16.63531494140625,0.015537136299475625,41.56141770362877,0
2022-03-14,392.3633117675781,399.46724033893065,391.2248075600843,396.02350128864606,95729200,396.35466918945315,400.96234130859375,405.4702667236328,-18.47021484375,0.015085868774471817,42.36427113461372,1
2022-03-15,400.9915161132813,401.6219158468352,393.6993928949382,394.969610741959,106219100,398.2214599609375,400.6038482666016,404.86573028564453,-3.584930419921818,0.016055302528693527,52.51611830273401,1
2022-03-16,409.8831176757813,409.93957051689273,399.7023675150075,404.49167034765577,144954800,399.76643676757817,400.39024963378904,404.37268524169923,-2.135986328125,0.01645397740280939,54.20881436191304,1
2022-03-17,415.01116943359375,415.01116943359375,407.596722776026,407.9730846505351,102676900,402.7002197265625,400.8945831298828,404.1125213623047,5.0433349609375,0.01672825510645859,52.00098052209283,1
2022-03-18,419.55670166015625,419.8776045343294,412.6666654946888,413.40286121868064,106345500,407.56116333007816,402.1865539550781,404.52845458984376,12.919708251953125,0.016157078037099308,55.348342719345084,0
2022-03-21,419.43402099609375,421.3877523283893,415.93234592986585,419.3868116069883,88349800,412.9753051757813,404.6649871826172,405.07138977050784,24.784332275390625,0.01606287763164343,59.85043057558046,1
2022-03-22,424.3419799804688,425.27637447242336,420.8214384644653,420.8214384644653,74650400,417.64539794921876,407.9334289550781,406.0789596557617,32.68441772460943,0.01595144651601968,58.454088276797705,0
2022-03-23,418.8771362304688,423.303758234989,418.7921938931012,421.8125003060186,79426100,419.44420166015624,409.6053192138672,407.17177581787115,16.718902587890682,0.0156603590498487,55.83873927711155,1
2022-03-24,425.1914978027344,425.2009454427064,419.783299994342,420.897026967389,64736900,421.4802673339844,412.0902435302734,408.28156890869144,24.8492431640625,0.015661403789749985,61.702139125949365,1
2022-03-25,427.2679138183594,427.5416361124458,423.2471369609336,425.8238364518409,77101300,423.022509765625,415.2918365478516,409.0505996704102,32.01593017578125,0.015006696141127734,73.51121630598804,1
2022-03-28,430.30706787109375,430.30706787109375,424.7855856636152,426.6732699189053,68529800,425.197119140625,419.0862121582031,410.02427673339844,37.943756103515625,0.015009880813819666,77.83968933042759,1
2022-03-29,435.63031005859375,436.121126385376,431.50572468711965,434.1862327966671,86581500,427.45478515625,422.5500915527344,411.576969909668,34.63879394531244,0.01456337431598401,76.05359261196523,0
2022-03-30,432.94036865234375,435.2999738252827,430.8355904687236,434.4882546678292,79666900,430.267431640625,424.85581665039064,412.62303314208987,23.057250976562443,0.014301757365447757,75.03275050326802,0
2022-03-31,426.2768859863281,432.9970375414447,425.823831381212,432.1758994727404,121699900,430.48450927734376,425.9823883056641,413.43848571777346,11.265716552734375,0.014773033063955839,73.26257856598261,1
2022-04-01,427.4849853515625,427.99463935727147,423.9172632927216,427.8530688001301,89048800,430.5279235839844,426.7752166748047,414.4808853149414,7.92828369140625,0.014577491261223579,77.0151879990817,1
2022-04-04,431.1470947265625,431.2509323439472,426.8620719837448,427.683210068739,59601000,430.6959289550781,427.94652404785154,416.3057556152344,11.71307373046875,0.012505608366351121,75.11396283652581,0
2022-04-05,425.701171875,432.1192876988634,424.5591308094842,429.6558732347616,74214500,428.71010131835936,428.0824432373047,418.00793609619143,1.3591918945311932,0.01280977082700702,63.97557161345985,0
2022-04-06,421.4443664550781,423.71902938512,418.5656595556562,421.793612229182,106898000,426.41090087890626,428.33916625976565,418.9722427368164,2.567230224609318,0.012018189682511142,55.77273282431042,1
2022-04-07,423.5680541992188,425.38024389891154,418.6223302828864,420.5666429127626,78097200,425.8691345214844,428.17682189941405,420.13353271484374,-1.6234436035155682,0.011917748384991827,53.76308623228739,0
2022-04-08,422.4353942871094,425.3235486630253,420.8969271331609,422.8129253472982,79272700,424.8592163085938,427.6935699462891,421.4927032470703,-4.83251953125,0.011427137677367503,52.763253496457324,0
2022-04-11,415.2150573730469,420.0097628914947,414.7148221783834,419.1697295398988,89770500,421.6728088378906,426.1843688964844,422.6352905273437,-15.092010498046875,0.01209903526355834,41.9403468547057,0
2022-04-12,413.6765747070313,420.717628922996,412.1286597899485,418.1975577653763,84363600,419.26788940429685,423.98899536132814,423.26954345703126,-21.953735351562443,0.011303748874167104,45.065384838130534,1
2022-04-13,418.4146728515625,419.169735071056,413.2518549952933,413.4311873130841,74070400,418.6619506835938,422.53642578125,423.6961212158203,-14.52569580078125,0.010503597731009486,43.37144764123318,0
2022-04-14,413.2046508789063,419.7549175134308,413.1008132674667,418.6411619179989,97869500,416.5892700195312,421.2292022705078,423.6057952880859,-13.072235107421818,0.010557171410480298,37.03895583752551,1
2022-04-18,413.3745422363281,415.0545800894282,411.14705981320014,412.2796819000485,66002500,414.777099609375,419.8181579589844,423.2966873168945,-14.110443115234375,0.01023099548907212,33.52315213240274,1
2022-04-19,420.0475463867188,420.7648468817701,413.1008527235854,413.27073740895713,77821000,415.74359741210947,418.708203125,423.3273635864258,-11.099548339843693,0.0109027784942396,35.224718450872174,0
2022-04-20,419.736083984375,422.4354878298303,418.57517643732126,421.8219961207023,65224400,416.95549926757815,418.1116943359375,423.0970687866211,-5.965087890625,0.010557243085491311,36.88856134719837,0
2022-04-21,413.4595336914063,424.73846009934624,412.55345319655066,423.3510108398269,85417300,415.9644714355469,417.31321105957034,422.826188659668,-7.984832763671818,0.010694683137410762,37.17421669395719,0
2022-04-22,402.1145324707031,413.4783716367902,401.5482213990768,412.3740924107077,132471800,413.74644775390624,415.16785888671876,421.6723403930664,-21.453521728515682,0.011602507065071186,28.89455082003505,1
2022-04-25,404.4457702636719,404.6156549215308,395.31880487171,399.8775781506751,119647700,411.960693359375,413.368896484375,420.531233215332,-17.9896240234375,0.0116357910640134,27.284424410879396,0
2022-04-26,392.7326965332031,402.1144891433886,392.7043824228615,401.9162615672227,103996300,406.4977233886719,411.12066040039065,418.6525146484375,-22.48236083984375,0.012778313026754471,24.65535338331047,1
2022-04-27,393.83697509765625,399.169705902769,391.7039115793856,393.8086609873536,122030000,401.3179016113281,409.1367004394532,416.56284790039064,-19.839599609375057,0.012284077510929256,27.695606228786957,1
2022-04-28,403.7851867675781,405.5124343696149,394.1485645985989,398.57518745115215,105449100,399.3830322265625,407.67375183105474,415.10508880615237,-14.629486083984375,0.014009943539448393,35.81106607486731,0
2022-04-29,388.8630065917969,401.95409397695,388.1173631500213,399.8021348013602,145491100,396.73272705078125,405.2395874023438,413.2343948364258,-24.341644287109432,0.015709255614506097,29.89721466507416,1
2022-05-02,391.2037048339844,392.5628398347473,382.2749373532382,388.9290417952601,158312500,394.0843139648438,403.0225036621094,411.4203308105469,-22.17083740234375,0.015803010243032187,34.72991415569351,1
2022-05-03,392.9969482421875,395.4037338921699,390.1465268831045,391.703889272382,100028200,394.1371643066406,400.31744384765625,409.5128234863281,-27.050598144531307,0.015656689767188568,36.891211155131806,1
2022-05-04,404.9649353027344,405.53124638806986,390.4769516548114,393.65769528593023,144247900,396.3627563476563,398.8403289794922,408.4760116577148,-14.771148681640625,0.017351882542014647,42.19008778511379,0
2022-05-05,390.5713806152344,401.1329782769947,386.44679436485006,400.7082377196595,172929100,393.7199951171875,396.551513671875,406.93236236572267,-22.888153076171932,0.018822275497611764,38.12405223420521,0
2022-05-06,388.2400817871094,391.5057680258936,382.9451403977338,388.0135688560758,151770800,393.59541015625,395.1640686035156,405.1659637451172,-13.87445068359375,0.018716166293713865,37.10415557573671,0
2022-05-09,375.8096618652344,383.5869123846669,374.23343271582064,382.3504814055953,155586100,390.5166015625,392.3004577636719,402.8346771240234,-28.6361083984375,0.019715529498212696,28.568826529239402,1
2022-05-10,376.6780090332031,383.2754573000264,372.64781289944233,381.7747515433738,132497200,387.2528137207031,390.6949890136719,400.90782470703124,-16.0546875,0.019599628323502507,29.252336695971735,0
2022-05-11,370.6940612792969,381.3500488525497,369.94841780135306,375.71530920049423,142361000,380.3986389160156,388.3806976318359,398.75869903564455,-23.142913818359375,0.019756546032319616,29.335056519178337,0
2022-05-12,370.3070068359375,373.572692443745,363.5207798183708,367.5037946408941,125090800,376.34576416015625,385.0328796386719,396.35331573486326,-33.478179931640625,0.01939360555536512,32.80962966457082,1
2022-05-13,379.1602783203125,380.5382798257655,373.3933876739787,374.4316198234749,104174400,374.52980346679686,384.06260681152344,394.6510971069336,-9.702728271484375,0.02042474864346596,37.234393637742144,0
2022-05-16,377.6217956542969,381.28390774009296,375.271637959596,377.5179868454466,78622400,374.89223022460936,382.7044158935547,392.863459777832,-13.5819091796875,0.020397333996114975,41.4976396546265,1
2022-05-17,385.3896179199219,385.62557844782094,379.9719446127917,383.70013247510735,83029700,376.6345520019531,381.9436828613281,391.1305633544922,-7.607330322265625,0.020653465419366808,45.57852772319328,0
2022-05-18,369.85400390625,381.12348248197793,368.6175728842904,380.8403413333533,117674500,376.46654052734374,378.4325897216797,388.63645935058594,-35.110931396484375,0.022156177007140385,33.22131010735217,0
2022-05-19,367.5887756347656,372.005979027499,365.3707407010665,366.79595164216687,98510700,375.9228942871094,376.1343292236328,386.3429214477539,-22.98260498046875,0.02205762293983536,37.974813683217654,1
2022-05-20,367.7492065429688,374.7336324078952,359.1696852051724,371.1659103782792,131432200,373.64067993164065,374.0852416992187,384.62465515136716,-20.490875244140568,0.021480135445479335,36.407397647425064,1
2022-05-23,374.6297912597656,375.3943009998424,368.45705631787473,370.7694520093487,76414900,373.0422790527344,373.9672546386719,383.13385620117185,-1.17987060546875,0.02198568726878492,39.9483669175504,0
2022-05-24,371.77001953125,372.9592411216309,365.22917116715337,370.5146932699092,91448800,370.318359375,373.47645568847656,382.0857223510742,-4.907989501953125,0.021193323743069748,29.822149850910407,1
2022-05-25,375.0545654296875,377.01777330975807,369.8823286767236,370.278726265349,91472900,371.3584716796875,373.9125061035156,381.14660186767577,4.360504150390625,0.02131557590699644,39.095215238967825,1
2022-05-26,382.5486755371094,384.181532894369,376.073931942696,376.2815783765453,82168300,374.35045166015624,375.1366729736328,380.0847763061523,12.241668701171875,0.020987547315184485,46.27084671391562,1
2022-05-27,391.93994140625,392.0531978674875,384.8044963104918,385.0026951176574,84768700,379.1885986328125,376.4146392822266,380.238623046875,12.7796630859375,0.020160866464417313,61.0073525767339,0
2022-05-31,389.7407836914063,393.07254576990726,387.0036468547426,390.3259612932842,95937000,382.21079711914064,377.6265380859375,380.1654769897461,12.118988037109432,0.02016370760517079,58.755059755740916,0
2022-06-01,386.5883483886719,392.8648936661983,384.0777245169053,391.8550043373775,86585800,385.174462890625,377.7464111328125,379.8450469970703,1.19873046875,0.02021136672660209,61.07310634794825,1
2022-06-02,393.95025634765625,393.9974369297573,384.1814851394755,386.4278338799512,79609600,388.95360107421874,380.1560363769531,379.29431304931643,24.09625244140625,0.019434007809559416,65.01261091716324,0
2022-06-03,387.4849548339844,390.7884022780611,386.51279859545,389.240487364167,71874300,389.94085693359375,382.145654296875,379.1399917602539,19.89617919921875,0.018078029247929735,55.45117913075452,1
2022-06-06,388.664794921875,393.21409252067,387.4944109852668,391.4868739358077,57508900,389.28582763671875,384.2372131347656,379.1612274169922,20.915588378906193,0.018040020511202685,57.26532072603213,1
2022-06-07,392.3929748535156,392.8460295110228,384.71953261443264,385.18203491181913,59272400,389.81626586914064,386.01353149414064,379.9903930664062,17.76318359375,0.0164576783183501,54.866255685066406,0
2022-06-08,388.1267700195313,392.4684496696644,387.333946070098,390.6845741806073,64350000,390.1239501953125,387.6492065429687,380.56283111572264,16.356750488281307,0.016718758420080252,65.05443877674173,0
2022-06-09,378.8960266113281,388.6175900458807,378.8960266113281,386.3523744576506,86289800,387.11310424804685,388.0333526611328,380.9729293823242,3.841461181640625,0.017239372109828854,58.356616575743985,0
2022-06-10,367.9097290039063,373.55391651113854,367.8625484088817,372.7044641742221,132893900,383.19805908203125,386.5694580078125,380.85306549072266,-14.638946533203068,0.01851946792524596,50.102269209890636,0
2022-06-13,353.9407958984375,360.3683584476511,352.3362527688543,358.5184359528124,170004900,376.2532592773438,382.76954345703126,379.5920913696289,-37.9991455078125,0.019432886260400642,37.91088531571035,0
2022-06-14,352.874267578125,356.7157121238985,349.7784664118968,355.6869276147928,104011800,368.3495178222656,379.0828918457031,378.35471496582034,-36.86651611328131,0.019432018408596787,38.72238133088344,1
2022-06-15,357.90496826171875,362.34100925128496,351.2225494582893,356.1682732930812,125666800,362.30515747070314,376.2145538330078,376.98048248291013,-28.683380126953125,0.019073447955616867,39.973529567095305,0
2022-06-16,346.0596923828125,350.1087829653544,343.63401132773026,349.70293778443306,134473300,355.737890625,371.4254974365234,375.79076690673827,-47.89056396484375,0.018397140690363856,29.699645257255554,1
2022-06-17,346.80572509765625,350.142419392661,343.3079296571313,346.47397650063243,111113900,351.51708984375,367.3575744628906,374.7516143798828,-40.679229736328125,0.018420010357568278,22.21741737499549,1
2022-06-21,355.5361328125,356.9200870230244,352.4459063417937,352.521756092844,76811900,351.8361572265625,364.0447082519531,374.1409606933594,-33.128662109375,0.019446688802876085,30.51212235019193,0
2022-06-22,354.8914794921875,358.99595685720385,350.9007188732816,351.3178056312109,90059400,352.239599609375,360.2945587158203,373.15404510498047,-37.501495361328125,0.018856278311741977,31.40968066998269,1
2022-06-23,358.3703918457031,359.1002793406204,353.46966494173824,357.0243625508475,79292100,352.3326843261719,357.3189208984375,372.48406372070315,-29.756378173828182,0.019010480434056645,28.13645445111085,1
2022-06-24,369.7643432617188,369.7738317116263,361.5079743602973,361.53641078181903,98050300,357.07361450195316,356.40575256347654,372.2195526123047,-9.131683349609318,0.02032533801946182,39.73273630201057,0
2022-06-27,368.3518676757813,370.97759308364846,367.26176653170177,370.6837404864147,66009600,361.3828430175781,356.44996643066406,371.5097122192383,0.442138671875,0.019750897129923856,38.26239899103902,0
2022-06-28,360.8255004882813,372.6839810010183,360.711754792998,369.9065842044397,86548900,362.4407165527344,357.13843688964846,369.95399017333983,6.884704589843807,0.019156294209441347,32.526096752843344,0
2022-06-29,360.5316162109375,362.36109348225904,358.7116273894593,361.3752782573753,65676000,363.56874389648436,357.90417175292976,368.49353179931643,7.6573486328125,0.019164456149955145,34.02229081247884,0
2022-06-30,357.6025695800781,360.834977987892,353.156825579061,356.64516179349505,112508300,363.41517944335936,357.8739318847657,367.0442428588867,-0.302398681640625,0.019164886869637583,36.700477891057936,1
2022-07-01,361.3847351074219,361.8207988021821,354.3322133878792,356.9484798436387,74839700,361.7392578125,359.4064361572266,365.415966796875,15.325042724609375,0.018724179037726645,45.52158305779288,1
2022-07-05,362.0672607421875,362.0862376429184,353.4791138897527,356.3039239194396,81438000,360.4823364257812,360.93258972167973,364.1450820922852,15.26153564453125,0.018539032719116347,56.821747368270024,1
2022-07-06,363.2900695800781,365.7736135029027,359.8301699411462,362.2094276989218,70426200,360.9752502441406,361.70798339843753,362.8763458251953,7.753936767578125,0.018545095537514884,58.720646498838185,1
2022-07-07,368.7310791015625,369.5273277554807,363.3089801388069,365.06263643850446,64525900,362.6151428222656,363.091943359375,361.69325103759763,13.839599609375,0.018778298999042816,59.00232652091736,0
2022-07-08,368.42779541015625,370.29519752923926,365.5745491503481,367.1006852895569,72397800,364.7801879882812,364.0976837158204,360.7083023071289,10.057403564453125,0.01868901907097242,73.0183604712219,0
2022-07-11,364.2190246582031,366.7215164411496,363.5270331899998,365.7546492181339,58366900,365.3470458984375,363.5431518554688,359.97445220947264,-5.545318603515682,0.01814229512799988,66.72738881660987,0
2022-07-12,360.9960632324219,366.0484888665309,359.2518953418649,363.6692023712076,62219200,365.1328063964844,362.8075714111328,359.62876892089844,-7.355804443359432,0.01708209148051385,55.865492110431,0
2022-07-13,359.1001892089844,362.0292847605267,355.14738265957544,355.56446938861467,84224600,364.2948303222656,362.6350402832031,359.8867385864258,-1.7253112792969318,0.01474260709560212,54.4029652994831,0
2022-07-14,358.2282409667969,359.3088540915369,351.7160390075151,354.1521699959699,89704800,362.1942626953125,362.4047027587891,360.15443725585936,-2.303375244140625,0.01473516334907292,49.84270846699849,1
2022-07-15,365.0721435546875,365.1858892356065,360.7211976903377,362.6264957021304,79060400,361.52313232421875,363.15166015625,360.51279602050784,7.469573974609375,0.01500464643021019,44.22669372196023,0
2022-07-18,362.0578002929688,368.8259292782466,360.83497625525047,368.1529146526756,63203600,361.09088745117185,363.2189666748047,361.3127014160156,0.6730651855469318,0.01290661956828897,42.549440640885955,1
2022-07-19,371.84033203125,372.4090894559844,365.3186708693351,365.9727086403448,78506000,363.2597412109375,364.19627380371094,362.56443176269534,9.7730712890625,0.014035898745434566,62.37759033863867,1
2022-07-20,374.2100830078125,375.62250240338216,370.6648741646818,372.02988023942527,71843800,366.28171997070314,365.28827514648435,363.4981292724609,10.920013427734375,0.01311308160436199,64.68562995892631,1
2022-07-21,378.020751953125,378.0681363476224,371.2336461823122,373.6318808935577,64903900,370.24022216796874,366.2172424316406,364.6545928955078,9.2896728515625,0.013172712730438596,71.51431741080765,0
2022-07-22,374.5133666992188,379.3382716136925,372.2952393998938,378.1439131775614,72197300,372.12846679687505,366.8257995605469,365.4617416381836,6.085571289062557,0.013362280494351843,63.91400336757194,1
2022-07-25,374.9684143066406,375.8215358224329,372.7313098957775,375.1390328241593,53631500,374.71058959960936,367.90073852539064,365.72194519042966,10.7493896484375,0.011416437340044744,63.73916372596884,0
2022-07-26,370.5322265625,373.537114847819,369.64118001606494,373.3285714235852,52946400,374.4489685058594,368.85435485839844,365.8309631347656,9.536163330078125,0.011722046491873733,57.218528461828164,1
2022-07-27,380.1535339355469,381.8977018374365,373.5275588843816,373.8214115297532,82342100,375.6376586914063,370.9596893310547,366.79736480712893,21.0533447265625,0.011978958241696102,60.50940534372455,1
2022-07-28,384.9215698242188,385.61353235014826,377.4140367716771,380.9592743736936,73966600,377.017822265625,373.6290222167969,368.016862487793,26.693328857421932,0.01214505906130745,64.02323973920687,1
2022-07-29,390.5332946777344,391.519138929218,385.5851543751429,386.3529667558723,87003700,380.2218078613281,376.1751373291016,369.6633987426758,25.461151123046875,0.01207716297533673,71.85147003369468,0
2022-08-01,389.3768005371094,391.8793213752261,387.1302364241008,387.8411758992656,69997500,383.1034851074219,378.90703735351565,371.06300201416013,27.319000244140568,0.012097032000540733,74.40505494666996,0
2022-08-02,386.8079223632813,391.4906457183328,385.6325117639111,387.8127144423944,63435400,386.35862426757814,380.40379638671874,372.30003509521487,14.967590332031307,0.012314694946994564,73.55370442912712,1
2022-08-03,392.8652038574219,394.0311261963377,388.64695098882254,388.9313152353376,67820600,388.9009582519531,382.26930847167966,373.77879180908207,18.655120849609375,0.012616997117238286,77.05863056128273,0
2022-08-04,392.5997314453125,393.4718009620609,390.9598207163616,392.78929793981433,45656600,390.43659057617185,383.7272064208984,374.9722244262696,14.5789794921875,0.01238329722961812,73.96825008795224,0
2022-08-05,391.9361572265625,392.5807353471059,388.26771450946586,388.3245873478551,56814900,390.7171630859375,385.4694854736328,376.1476425170899,17.422790527343693,0.012399690232656246,77.12547847923958,0
2022-08-08,391.4811706542969,395.87004150956847,390.3815808280443,393.62347746477167,53886100,391.138037109375,387.1207611083984,377.5107498168946,16.51275634765625,0.011968845090477005,71.46690095134801,0
2022-08-09,389.9266357421875,391.2537170647009,388.8554822335221,390.7513209594565,44931800,391.76177978515625,389.06020202636716,378.95727844238286,19.3944091796875,0.011747683110920764,67.48942823493303,1
2022-08-10,398.1165771484375,398.2587881715667,395.0168917661512,396.9696030117307,68665700,392.8120544433594,390.85650634765625,380.9080978393555,17.963043212890625,0.012128808239438049,70.37667608604444,0
2022-08-11,398.1165771484375,402.818277227606,397.37720132659865,400.9603347598482,59489700,393.91542358398436,392.17600708007814,382.90251464843755,13.195007324218693,0.012059971058655783,75.76574667796669,1
2022-08-12,404.8563537597656,404.9606110010774,399.10247645360926,400.050395788599,61694500,396.499462890625,393.6083129882812,384.89172515869143,14.32305908203125,0.01193867581676509,78.6897434184856,1
2022-08-15,406.5246276855469,407.0460006197272,402.5907686609456,402.6476415005727,54048300,399.508154296875,395.323095703125,387.11506652832037,17.1478271484375,0.011514815227761295,86.48843809923362,1
2022-08-16,407.3209228515625,409.2451978170758,404.64778356108576,405.4535207281274,59289000,402.98701171875,397.3743957519531,388.889096069336,20.513000488281193,0.010402171280171473,83.54390409880118,0
2022-08-17,404.4298095703125,407.1313856683042,402.4297135053033,403.7283584655346,63563400,404.249658203125,398.5308563232422,390.400082397461,11.564605712890625,0.010714018348027666,75.25773521746487,1
2022-08-18,405.6051940917969,406.28766820146114,403.3396531299256,404.628809463559,49023200,405.74738159179685,399.83140258789064,391.7793045043946,13.005462646484375,0.010614104710558077,72.04653969909192,0
2022-08-19,400.1546325683594,403.1121358999802,399.2825341593999,402.8467196760706,68016900,404.8070373535156,400.6532501220703,393.06136779785163,8.218475341796875,0.01091581957260665,64.00588839959902,0
2022-08-22,391.8224792480469,395.5004110497399,390.921944270961,395.3297635768896,77695600,401.8666076660156,400.6873809814453,393.9040710449219,0.34130859375,0.012183718604201312,55.667530102405024,0
2022-08-23,390.8745727539063,393.78469227238185,390.3247632987665,391.3959168557966,49105200,398.57733764648435,400.7821746826172,394.92118835449224,0.9479370117188068,0.011785639003005794,47.45638588344671,1
2022-08-24,392.1257934570313,393.4907706486536,389.964538588677,390.6470127203874,49177800,396.11653442382817,400.18309631347654,395.51980133056645,-5.990783691406193,0.01044796991962849,49.4092864880656,1
2022-08-25,397.6616516113281,397.7090360070508,392.5239160597197,393.614017515164,50942300,394.5278259277344,400.1376037597656,396.15680541992185,-0.454925537109375,0.010540298810530204,56.363356390422545,0
2022-08-26,384.201171875,398.0881839321778,384.1442990308555,397.547891912805,103087000,391.33713378906253,398.07208557128905,395.84019927978517,-20.655181884765625,0.012752159278944167,43.72343554885963,0
2022-08-29,381.6607971191406,384.7036103288698,380.3052793040388,381.2531987151374,65370800,389.3047973632813,395.58570251464846,395.4543991088867,-24.86383056640625,0.012811630557477086,42.99259818848358,0
2022-08-30,377.470947265625,383.0542059895712,375.3760536519589,382.8172261577202,85652400,386.624072265625,392.6007049560547,394.98755035400393,-29.8499755859375,0.012950458807797776,31.224161282444058,0
2022-08-31,374.5987243652344,380.3431127380741,374.4660307121569,379.10134082789193,76029700,383.1186584472656,389.6175964355469,394.07422637939453,-29.831085205078125,0.012394994545899358,29.67393706839293,1
2022-09-01,375.7742004394531,376.1154375189932,369.7264703742915,372.428046300128,78740100,378.7411682128906,386.6344970703125,393.2329498291016,-29.83099365234375,0.012450577522898791,22.18997213639271,0
2022-09-02,371.8118286132813,380.6464427581479,370.0012994170037,379.4331073038288,99632100,376.2632995605469,383.8002166748047,392.2267333984375,-28.342803955078068,0.012591354760161492,18.20081307495191,0
2022-09-06,370.4089965820313,373.5939919026862,368.1908686419599,372.6555609471726,76637400,374.012939453125,381.65886840820315,391.1731246948242,-21.413482666015568,0.012589665251616347,16.557896122194563,1
2022-09-07,377.0633544921875,377.8311668445208,369.8781386122658,370.0961415467539,70964200,373.9314208984375,380.2777465820313,390.5299606323242,-13.811218261718807,0.01340126600195223,26.788831438291822,1
2022-09-08,379.5278625488281,379.9828452131677,373.5938795903689,374.79775538889095,80821700,374.91724853515626,379.01795349121096,389.60052490234375,-12.597930908203182,0.012476013556888751,28.355530788520397,1
2022-09-09,385.4239807128906,386.28659071940456,381.4995810521483,381.7649972904449,76706900,376.8472045898437,377.79418640136726,388.9658950805664,-12.2376708984375,0.013095865797756437,37.8631666289507,1
2022-09-12,389.5663757324219,390.2868036201907,387.1870891554379,387.4904302585194,69256300,380.3981140136719,378.3307067871094,388.2013961791992,5.365203857421875,0.012704201377881086,48.00330585655175,0
2022-09-13,372.6270446777344,382.10623671263886,371.5085069603833,380.9023608101591,122947100,380.8417236328125,377.4273315429688,386.5065170288086,-9.03375244140625,0.015646167594032406,37.413309745809556,1
2022-09-14,374.0489807128906,375.5656574561683,370.7502109658769,373.9257465690702,85023700,380.2388488769531,377.08513488769535,384.842919921875,-3.421966552734375,0.015690255131310667,37.56036156667686,0
2022-09-15,369.8023071289063,375.3381528851013,368.53209861998994,372.4943947202488,87633800,378.2937377929687,376.6054931640625,383.1115447998047,-4.796417236328068,0.015761266538252196,30.482161037912576,0
2022-09-16,366.9810485839844,367.6378019325583,363.69728184111455,365.6294902775206,103084800,374.6051513671875,375.7261779785157,381.1803375244141,-8.79315185546875,0.015681984632381945,35.822322814525265,1
2022-09-19,369.8270263671875,369.8270263671875,363.763980617156,363.8401419434337,73278500,370.65728149414065,375.52769775390624,379.6639572143555,-1.9848022460938068,0.01578841275651588,40.305799235501894,0
2022-09-20,365.5819396972656,367.5141193905518,362.83121456949,366.5051996914192,77274900,369.2482604980469,375.0449920654297,378.35193023681643,-4.827056884765682,0.015391871317800575,40.269355559829435,0
2022-09-21,359.20477294921875,370.5503692517333,359.1952455228189,367.504555601014,106746600,366.2794189453125,373.25913391113284,376.76844024658203,-17.85858154296875,0.01570768073442816,38.08434494830309,0
2022-09-22,356.1875,360.0708846733697,355.44508694272207,358.4337649769324,89472600,363.55645751953125,370.92509765625,374.97152557373045,-23.340362548828125,0.015638036302646676,35.25925612891399,0
2022-09-23,350.2197265625,352.76105188849385,345.7842729569001,352.7229712221048,122346900,360.2041931152344,367.40467224121096,372.59942932128905,-35.204254150390625,0.015202815377671817,34.226144029820745,0
2022-09-26,346.755126953125,352.37082003404043,345.5368069998178,348.75394084213934,92581200,355.5898132324219,363.12354736328126,370.7271270751953,-42.811248779296875,0.013789484919267963,33.22526609213557,0
2022-09-27,345.8699035644531,352.5516221250691,343.4808430109905,350.28630194167937,108294100,351.64740600585935,360.4478332519531,368.9375823974609,-26.75714111328125,0.013794735134869686,25.90693115888908,1
2022-09-28,352.67535400390625,354.3600529595543,345.127482081543,346.8217084645166,110802200,350.3415222167969,358.3104705810547,367.697802734375,-21.373626708984375,0.014744779409068176,30.56314339222024,0
2022-09-29,345.3083190917969,349.42013004160674,342.3672197883283,349.13459770031216,112952300,348.1656860351562,355.86107177734374,366.2332824707031,-24.493988037109432,0.015240333652370496,21.568203349064973,0
2022-09-30,339.9686279296875,348.2779675279083,339.8353891876637,344.36600021604005,153711200,346.11546630859374,353.1598297119141,364.44300384521483,-27.012420654296875,0.015352119474387907,15.434448512350258,1
2022-10-03,348.9442749023437,350.79079510712245,341.9008619903515,343.68074828998994,89756500,346.5532958984375,351.07155456542966,363.299626159668,-20.882751464843807,0.01679026710478478,31.434246153890257,1
2022-10-04,359.7568054199219,359.7853586515844,348.90614168269303,354.4551993806732,103602800,349.33067626953124,350.4890411376953,362.7670166015625,-5.82513427734375,0.018428781761757333,40.233767642053984,0
2022-10-05,358.91925048828125,361.1750432151708,353.0751323104993,355.3975589353477,88065700,350.57945556640624,350.4604888916016,361.8598114013672,-0.2855224609375,0.017862444574427087,42.19989763645189,0
2022-10-06,355.2166748046875,360.4706728707626,354.7217133827097,357.52004633285617,82333500,352.5611267089844,350.3634063720703,360.64425201416014,-0.9708251953125,0.017820583714804494,41.67343096677148,0
2022-10-07,345.3083190917969,355.30235769557754,343.547458861724,351.190517698734,107789500,353.6290649414062,349.872265625,358.63846893310546,-4.911407470703125,0.018067729497439216,34.22340687492171,0
2022-10-10,342.6717834472656,346.65988314467035,340.43504562807703,346.42192984075376,76042800,352.37456665039065,349.46393127441405,356.29373931884766,-4.083343505859375,0.017670276868011807,34.94682301608944,0
2022-10-11,340.5016174316406,345.5367169870272,338.5694379532379,340.9775239932869,92482800,348.5235290527344,348.92710266113284,354.68746795654295,-5.3682861328125,0.015349991664001547,36.99189839135206,0
2022-10-12,339.37847900390625,342.48139902682294,339.1309983011124,340.91091321016154,76991800,344.61537475585936,347.5974151611328,352.9539428710938,-13.296875,0.015231885197078831,37.99291780132697,1
2022-10-13,348.3350524902344,349.8008528442018,331.3356548770357,332.38265512986965,147254500,343.2390502929687,347.90008850097655,351.88058013916014,3.0267333984375,0.016642584138358733,48.708863405914514,0
2022-10-14,340.3969421386719,352.4183468938871,339.7592145462475,350.7907254903841,123737000,342.25677490234375,347.942919921875,350.5513748168945,0.428314208984375,0.017207112062416045,45.89575216406511,1
2022-10-17,349.1441650390625,350.2482719633379,340.0638579364615,346.4695719640728,93168200,343.55125122070314,347.96290893554686,349.5172317504883,0.19989013671880684,0.018266102750343696,51.91879919235563,1
2022-10-18,353.2464599609375,357.3583002169347,349.8103989866183,357.05371300233446,97162900,346.1002197265625,347.31187438964844,348.90045776367185,-6.510345458984375,0.01841744490860146,50.345632843874576,0
2022-10-19,350.7431335449219,353.9317132956456,347.9352732315164,351.2095126771094,79746900,348.37315063476564,346.4942626953125,348.47737579345704,-8.176116943359375,0.018089848218404453,53.49489016945374,0
2022-10-20,347.80206298828125,354.7122360773966,347.0405950042413,350.2958089110657,88283100,348.266552734375,345.7528015136719,348.05810394287107,-7.41461181640625,0.01808953543262873,55.19768057812214,1
2022-10-21,356.254150390625,356.7395553428867,346.0221590756883,347.5260110650035,131038400,351.4379943847656,346.8473846435547,348.35982513427734,10.945831298828125,0.018535896751694904,54.88422074320581,1
2022-10-24,360.6134643554688,361.74612439325887,355.13101099924324,357.77707959447656,85436900,353.7318542480469,348.641552734375,349.05274200439453,17.941680908203182,0.018510853669184445,50.626411160120384,1
2022-10-25,366.3719482421875,366.6860338162217,360.4231157662592,360.5373287022716,78846300,356.35695190429686,351.2285858154297,350.0778442382813,25.870330810546875,0.018726633672886104,55.08374724693677,0
2022-10-26,363.6117248535156,368.903804746197,362.9740261765085,363.2310053236107,104087300,358.9306701660156,353.65191040039065,350.6246627807617,24.233245849609375,0.018441356218013884,55.801139692221525,0
2022-10-27,361.66998291015625,366.44807462100994,361.05128110498777,364.6110821532887,81971800,361.7042541503906,354.9854034423828,351.4427459716797,13.334930419921875,0.017754381024866345,62.70507090008678,1
2022-10-28,370.2743225097656,370.7502290607999,361.3843916220893,361.5652384352448,100302000,364.50828857421874,357.9731414794922,352.9580307006836,29.87738037109375,0.01783747039703125,69.6157526326245,0
2022-10-31,367.5997314453125,369.6842044707059,366.69552642305183,367.8186589165701,96631300,365.9055419921875,359.8186981201172,353.890803527832,18.45556640625,0.017231856993676263,69.12020251306727,0
2022-11-01,365.9911804199219,371.5783479860967,364.8204688405162,371.3403946996117,85407600,365.8293884277344,361.0931701660156,354.20252227783203,12.744720458984375,0.015948292914536935,68.64994617030715,0
2022-11-02,356.80621337890625,369.90317244332704,356.7015278683844,365.4010855031739,126990400,364.4682861328125,361.69947814941406,354.0968704223633,6.063079833984375,0.016976310432460066,55.917571873269225,0
2022-11-03,353.1322021484375,356.1684883869256,351.0191758170607,353.5700280593983,87100100,362.76072998046874,362.2324920654297,353.9926467895508,5.33013916015625,0.016975713753446673,59.45984176358659,1
2022-11-04,358.21484375,360.6134021561234,352.17082513091503,358.8335164171756,103505200,360.3488342285156,362.4285614013672,354.6379730224609,1.960693359375,0.015941237571613625,57.12569871778275,1
2022-11-07,361.6415100097656,362.2316296654434,357.4344820352585,359.509428259106,68286900,359.1571899414063,362.5313659667969,355.5864593505859,1.0280456542968182,0.01586030728906704,56.66569903952911,1
2022-11-08,363.5926208496094,366.5622732100706,359.5188617569453,362.745493209243,84641100,358.67747802734374,362.25343322753906,356.7410095214844,-2.779327392578125,0.015720399642358877,60.29279759378734,0
2022-11-09,356.1018371582031,362.774056235681,355.60687575970667,361.6223414792032,78495500,358.53660278320314,361.5024444580078,357.5771774291992,-7.5098876953125,0.016562259732566354,56.196681001268196,1
2022-11-10,375.6711730957031,376.0043135418382,367.0572748219786,369.351119187772,141455800,363.0443969726563,362.9025634765625,358.94398345947263,14.001190185546875,0.019667723861218844,62.432979892111256,1
2022-11-11,379.3070983886719,380.1066180137116,374.6431903387215,376.5277909851231,93839900,367.2628479003906,363.80584106445315,360.88949127197264,9.03277587890625,0.018657111813497204,62.08170827871556,0
2022-11-14,376.0804138183594,380.8965861186031,375.8043798668183,377.5462142284,71903500,370.1506286621094,364.65390930175784,362.2363037109375,8.480682373046875,0.018280797433765816,56.48687788046154,1
2022-11-15,379.28802490234375,382.9239582221826,375.4807721813481,381.8198514474499,93194500,373.2897094726562,365.98359375,363.5383819580078,13.296844482421875,0.01822191302400307,60.41213893148896,0
2022-11-16,376.3945007324219,378.6122124671784,375.7663006029168,377.6603993704188,68508500,377.3482421875,367.9424224853516,364.8209503173828,19.588287353515625,0.018239229514946834,59.6578605716976,0
2022-11-17,375.2428283691406,375.9186366580597,371.3404174691277,371.6449756187588,74496300,377.2625732421875,370.1534851074219,366.19298858642577,22.110626220703125,0.018091924550256506,53.61198374243474,1
2022-11-18,376.9465637207031,378.6407899797016,374.1006516739386,378.574156087368,92922500,376.79046630859375,372.0266571044922,367.2276092529297,18.731719970703125,0.017450644526866812,56.892210160011196,0
2022-11-21,375.5760803222656,376.74682136812544,373.73908726378,375.6236884248376,51243200,376.689599609375,373.4201141357422,367.97574005126955,13.9345703125,0.017367736581707,57.09265952036623,1
2022-11-22,380.630126953125,380.7919479923096,376.1090138482937,377.51770796736366,60429000,376.95802001953126,375.1238647460938,368.6886489868164,17.037506103515625,0.017271564213876527,68.77725203295836,1
2022-11-23,383.0286560058594,383.5140609545508,380.068502040436,380.2969278986437,68261600,378.28485107421875,377.81654663085936,369.6594955444336,26.92681884765625,0.01714409222991666,74.04692017325912,0
2022-11-25,382.9430236816406,383.4950916496888,382.19111210524926,382.4671170422372,30545400,379.82489013671875,378.5437316894531,370.7231475830078,7.2718505859375,0.01705508520612142,71.62849594305382,0
2022-11-28,376.8323974609375,381.4962767023725,376.07092941217024,379.8591567063179,67881600,379.80205688476565,378.2962615966797,371.0510513305664,-2.474700927734375,0.01681884122629152,62.690863292294594,0
2022-11-29,376.1851501464844,378.15538144006086,374.34812855248094,376.96561491269216,52310000,379.9238708496094,378.3067352294922,371.480322265625,0.104736328125,0.01672175971287505,60.754418978018485,1
2022-11-30,388.03515625,388.03515625,374.51942770651925,376.4325522787015,144566700,381.4048767089844,379.1814483642578,372.58252105712893,8.74713134765625,0.017960849779701332,75.38215461998483,0
2022-12-01,387.7496337890625,390.2433795179694,385.2463606338978,389.07263892248426,76398200,382.349072265625,380.31696166992185,374.1296920776367,11.355133056640625,0.016733621234416577,63.84469920895829,0
2022-12-02,387.3023071289063,388.2065122276852,382.76216868711776,382.8668541950364,85342700,383.2209289550782,381.5229095458984,375.8381973266602,12.059478759765682,0.016436167009746008,59.887070466609934,0
2022-12-05,380.3350524902344,385.4177317516839,378.9834939436765,384.48497335823737,77289800,383.9214599609375,381.86175842285155,376.9442077636719,3.38848876953125,0.01702128921002259,54.81585775989521,0
2022-12-06,374.85260009765625,380.7157732131678,372.76815579992063,380.1732617355015,77972200,383.6549499511719,381.78941040039064,377.6047622680664,-0.723480224609375,0.01738522436277383,45.22539273723563,0
2022-12-07,374.21484375,376.5753507067164,373.0821838315825,374.0054437050733,65927900,380.89088745117186,381.14788208007815,378.13587341308596,-6.415283203125,0.017383339014835894,47.533894577212926,1
2022-12-08,377.14642333984375,378.212449392276,374.3195371968257,376.0994521400108,60737900,378.77024536132814,380.5596588134766,379.18810272216797,-5.882232666015625,0.01661952662481266,52.070376263677325,0
2022-12-09,374.3291320800781,378.4599983011824,374.2053917040091,375.909145637889,81447700,376.1756103515625,379.6982696533203,379.1210006713867,-8.6138916015625,0.011387749716498655,47.22056949678075,1
2022-12-12,379.725830078125,379.725830078125,374.4527776179369,375.11902932851245,75405800,376.05376586914065,379.98761291503905,379.1419372558594,2.8934326171875,0.011648594103320352,54.05946966779454,1
2022-12-13,382.6003723144531,390.7098107273862,379.8401197057134,390.45283160745686,123782500,377.6033203125,380.62913513183594,379.4679351806641,6.41522216796875,0.011576491303483668,52.013229230787466,0
2022-12-14,380.1541748046875,385.9602409589763,377.21307559103866,382.257673780074,108111300,378.7911865234375,379.8410369873047,379.51124267578126,-7.8809814453125,0.01154131459382205,47.06566619791761,0
2022-12-15,370.8549499511719,376.2041350287874,369.19880442028864,375.2999009475401,117705900,377.53289184570315,378.1515686035156,379.23426513671876,-16.894683837890625,0.012696463701755851,39.61393723399123,0
2022-12-16,366.4766540527344,369.6416209558771,364.3443822750938,368.3029691083944,119858000,375.9623962402344,376.0690032958984,378.79595642089845,-20.825653076171932,0.012931744421448736,40.82935928182228,0
2022-12-19,363.3689880371094,367.00250429400353,361.705237421516,366.6678340994925,79878100,372.69102783203124,374.3723968505859,378.11707763671876,-16.966064453125,0.012960446859714956,39.12443351029393,1
2022-12-20,363.8662109375,365.4821639806004,361.2940740431172,362.6136124267533,74427200,368.94419555664064,373.2737579345703,377.53158416748045,-10.98638916015625,0.012970486137308708,24.595924149089456,1
2022-12-21,369.3069458007813,370.4352358837999,365.92204637130624,366.4575070608886,78167400,366.7747497558594,372.78296813964846,376.9654251098633,-4.907897949218693,0.013065250908319215,32.51023923577917,0
2022-12-22,364.0383911132813,369.28783218740784,358.3490843681481,366.2662871007879,100120900,365.41143798828125,371.4721649169922,376.0159118652344,-13.108032226562443,0.013233200224779147,29.786492721342825,1
2022-12-23,366.1323852539063,366.2758070046261,361.4662030943732,363.0152163629817,59857300,365.34258422851565,370.652490234375,375.17537994384764,-8.196746826171818,0.01335318401610004,36.51787436926522,0
2022-12-27,364.68853759765625,366.3618594408892,363.0152157544233,366.01764723973866,51638200,365.606494140625,369.1487609863281,374.5681869506836,-15.03729248046875,0.012964308498196629,39.55037129163306,0
2022-12-28,360.1561889648437,366.5913163608012,359.9267141935356,364.6215509122238,70911500,364.86448974609374,366.9043426513672,373.76673889160156,-22.444183349609432,0.013190529436663148,36.61799256816581,1
2022-12-29,366.6391296386719,367.509260424504,362.4701529714114,362.9960715854847,66970900,364.3309265136719,365.55283813476564,372.69693756103516,-13.515045166015625,0.011634648412568994,40.63179719364507,0
2022-12-30,365.6734008789063,365.8168226274327,361.8486652893112,363.9618527124626,84022200,364.6579284667969,365.03468322753906,371.59312591552737,-5.181549072265568,0.011624941251156193,42.0191306080162,0
2023-01-03,364.1339416503906,369.4981190554035,361.2749320892196,367.52838265402187,74850700,364.25823974609375,364.8004119873047,370.43470764160156,-2.34271240234375,0.0116213847688089,34.52287693367488,1
2023-01-04,366.9451599121094,368.9722652057651,363.34989894273167,366.3905568832152,85934100,364.7095642089844,365.1580291748047,369.7652130126953,3.576171875,0.011295214350304188,34.44045826625117,0
2023-01-05,362.7570495605469,365.1092537639918,362.16422021646383,364.9945163658359,76970500,365.229736328125,365.0471130371094,369.16043548583986,-1.109161376953125,0.011136635731944917,33.287854437827576,1
2023-01-06,371.0758056640625,372.1945535777828,362.785708249104,365.84547897836046,104189600,366.1170715332031,365.2239990234375,369.003483581543,1.7688598632811932,0.012411657118033501,50.2162331744775,0
2023-01-09,370.865478515625,376.4496182467044,370.6838304181261,373.26550947515705,73978100,367.1554870605469,365.9067077636719,368.689436340332,6.827087402343693,0.012261430558874591,54.67882661211346,1
2023-01-10,373.4663391113281,373.5332789955664,369.3451883480415,370.28225918611713,65358100,369.0219665527344,366.6401031494141,368.6462966918945,7.333953857421818,0.012272453911876107,60.88214902627339,1
2023-01-11,378.1898498535156,378.2663609074049,374.2312636370513,375.0440257972263,68881100,371.2709045410156,367.990234375,368.5694976806641,13.501312255859375,0.012168669617452898,64.14809170153768,1
2023-01-12,379.5667724609375,381.02973273660194,375.22571833967487,379.289500125456,90157700,374.6328491210937,369.93129272460936,368.4178176879883,19.410583496093807,0.012069082094559891,61.0186645481086,1
2023-01-13,381.0392761230469,381.61299228704434,376.1053638013344,376.3730941204777,63903900,376.62554321289065,371.3713073730469,368.4620727539062,14.400146484375,0.012015871630983286,69.87918014640533,0
2023-01-17,380.3412780761719,382.6935115955875,379.6623956443495,381.0201896884126,62677300,378.520703125,372.8380950927734,368.93638916015624,14.667877197265568,0.010548757172078612,67.17521264422498,0
2023-01-18,374.3363952636719,382.58826631918953,374.1356048315,381.5269162830095,99632300,378.69471435546876,373.85834045410155,369.3293762207031,10.20245361328125,0.010842958913560028,60.503797954533496,0
2023-01-19,371.6113586425781,373.944420724422,370.2918200719056,372.2997830998825,86958900,377.37901611328124,374.32496032714846,369.7414947509766,4.66619873046875,0.010790241593904947,62.98234655698724,1
2023-01-20,378.5340881347656,378.68708106087394,371.3627088632837,373.00734634342695,91806400,377.1724792480469,375.9026641845703,370.47488861083986,15.77703857421875,0.01147488178598845,63.34771156061525,1
2023-01-23,383.0759582519531,385.0074392135379,378.3810918291715,379.3372757234957,84178800,377.57981567382814,377.10267944335936,371.16333923339846,12.000152587890625,0.01131787025417876,68.07712864262787,0
2023-01-24,382.6648254394531,383.57318267652687,380.2169968812223,381.40265563212273,59524900,378.0445251464844,378.28261413574216,372.094660949707,11.799346923828125,0.010693778560562285,69.71124880541821,1
2023-01-25,382.8082580566406,383.1429282820768,376.3157607326886,378.6010544265812,84800300,379.7388977050781,379.21680603027346,372.92845458984374,9.3419189453125,0.01067667690832365,67.88879941082135,1
2023-01-26,387.0154113769531,387.1779754700334,382.5022224600164,385.4663982164665,72287400,382.8197082519531,380.0993621826172,374.04479827880857,8.8255615234375,0.010740287495310592,77.34438532254003,1
2023-01-27,387.9046630859375,390.2760095744735,385.762820567528,385.97318218490153,68346200,384.6938232421875,380.9331512451172,375.4322219848633,8.337890625,0.010111130340703234,72.7862788460585,0
2023-01-30,383.0376892089844,387.378772106544,382.7412745466371,385.1508473703547,74202000,384.68616943359376,381.13299255371095,376.2521499633789,1.9984130859375,0.0101549058859267,64.63559887365123,1
2023-01-31,388.6697082519531,388.7175057829121,383.20987624486537,383.5541176812042,86811800,385.88714599609375,381.96583557128906,377.40196533203124,8.32843017578125,0.010452676026522023,67.03824596876244,1
2023-02-01,392.8003540039063,395.5446264450836,384.7206171548962,387.45528923844535,101459200,387.8855651855469,383.8122314453125,378.83528594970704,18.463958740234432,0.010432638664454728,66.59434008697218,1
2023-02-02,398.518310546875,399.9812706947948,394.78919930515946,396.6824246845757,101654500,390.18614501953124,386.5029266357422,380.4139434814453,26.906951904296875,0.01067538139041251,69.59277577048647,0
2023-02-03,394.2824401855469,398.7000051703591,393.0776391240828,393.5557310779441,94736800,391.4617004394531,388.0777618408203,381.99021301269534,15.74835205078125,0.010616318182935567,62.95125491843985,0
2023-02-06,391.8728637695313,393.2689133762878,390.2186841761235,391.834637420615,60295300,393.2287353515625,388.95745239257815,383.0300659179687,8.796905517578182,0.0098844604611231,60.91209896194617,1
2023-02-07,396.99798583984375,398.241013206568,389.7118693730586,390.9548967397829,90990700,394.89439086914064,390.39076843261716,384.33669128417966,14.333160400390625,0.010109895040945498,71.80728128111083,0
2023-02-08,392.6569213867188,396.3669196696717,391.9684677962696,395.0282680161365,76227500,394.86570434570314,391.375634765625,385.29622039794924,9.848663330078182,0.010564161459195986,69.64128965520004,0
2023-02-09,389.2528991699219,396.40516522520073,388.028984948847,396.2521723000143,78694900,393.0126220703125,391.5993835449219,385.84937286376953,2.23748779296875,0.010568335475011993,60.70679986684862,1
2023-02-10,390.1612854003906,390.54375312300726,387.2640493604548,388.0767823283588,70769700,392.1883911132812,391.82504577636723,386.3790985107422,2.256622314453125,0.010558408171551433,57.63133260056695,1
2023-02-13,394.7413940429688,394.875273798094,390.3525133608386,390.8114921464456,64913500,392.76209716796876,392.99541625976565,387.06420440673827,11.703704833984432,0.010797909842609366,61.93535349879515,0
2023-02-14,394.5597229003906,396.864100329501,390.6106788806823,393.221042148993,88389300,392.2744445800781,393.5844177246094,387.7751266479492,5.8900146484375,0.010777810564411683,61.60527968617958,1
2023-02-15,395.8410339355469,395.91751581058026,391.5286350725414,392.3700815999979,61555700,392.91126708984376,393.8884857177735,388.850358581543,3.040679931640568,0.009942466244111357,59.25040494791333,0
2023-02-16,390.3907470703125,394.8178830322616,390.2568965030852,390.8784101789898,76431500,393.1388366699219,393.07572937011724,389.78932800292966,-8.1275634765625,0.010386198891341588,52.37834429120295,0
2023-02-17,389.41546630859375,389.6545122847336,386.3460949650578,388.26803395095567,89257800,392.9896728515625,392.58903198242194,390.3333969116211,-4.866973876953125,0.009714127531526565,56.59224640510959,0
2023-02-21,381.603515625,386.4513760998798,381.3453564184483,385.3995677354448,82655900,390.3620971679687,391.5620971679688,390.25977478027346,-10.269348144531307,0.01049759794098818,43.01113955747228,0
2023-02-22,381.0775451660156,383.5540580010402,379.624126941612,382.0145867260471,83742300,387.66566162109376,389.9700531005859,390.18041076660154,-15.920440673828125,0.010499246683954256,37.515267376533245,1
2023-02-23,383.1047058105469,384.5772374212778,378.8879306391957,383.9652656213402,96242400,385.11839599609374,389.01483154296875,390.1952331542969,-9.552215576171932,0.010570367716893151,32.18400940830536,0
2023-02-24,379.0121765136719,379.84405183245593,376.3922419822525,378.0942481460913,108194400,382.8426818847656,387.9907592773437,389.7950714111328,-10.24072265625,0.010505005079888389,32.29101045177785,1
2023-02-27,380.3030395507813,383.7070519585176,379.365968807818,382.3492579579314,80444700,381.02019653320315,387.0049346923828,389.414990234375,-9.858245849609318,0.010526169410383717,36.224998473965904,0
2023-02-28,378.8974609375,381.78512595829335,378.79226552930106,379.8249605351709,96438600,380.47898559570314,385.42054138183596,389.2079788208008,-15.843933105468807,0.010193136280904324,26.355369093805606,0
2023-03-01,377.4440002441406,379.3085704071732,376.14360422634064,378.08465625730815,99706800,379.7522766113281,383.70896911621094,388.64669342041014,-17.11572265625,0.009561775919890811,28.505889464847414,1
2023-03-02,380.3794860839844,381.2209325210521,375.13958820432623,375.4742583800348,85127800,379.2072326660156,382.1628143310547,388.02565002441406,-15.4615478515625,0.009392484876740926,37.29467079160339,1
2023-03-03,386.4799499511719,386.7285670881584,381.54603781817946,382.1962358283126,90120000,380.70078735351564,381.7717346191406,387.4237319946289,-3.910797119140625,0.009531074387764852,45.41119329516114,1
2023-03-06,386.7476806640625,389.5971190249731,386.3078442662089,387.3022544543636,72795900,381.9897155761719,381.5049560546875,387.0469940185547,-2.66778564453125,0.009292904202156716,38.83551589568026,0
2023-03-07,380.8193359375,386.9389359941927,380.2073934400801,386.69989002886615,108310600,382.37409057617185,381.4265380859375,386.49431762695315,-0.7841796875,0.009779564157321521,33.46381243329448,1
2023-03-08,381.4408264160156,382.1961905528292,379.2129019840556,380.93405020632537,74746600,383.1734558105469,381.4628662109375,385.7164596557617,0.36328125,0.009206793670719913,32.3900633839191,0
2023-03-09,374.40338134765625,383.88873887527785,373.418513056316,382.2249589763906,111945300,381.9782348632813,380.5927337646484,384.8037826538086,-8.701324462890625,0.009730929247398946,31.179712310853773,0
2023-03-10,369.0009765625,375.9333106680976,367.4806474809918,373.8583785171061,189253000,378.48244018554686,379.59161376953125,383.7911865234375,-10.011199951171875,0.010009611673947314,28.236559503607438,0
2023-03-13,368.4750061035156,373.2846390345943,363.9713881978472,365.0805650006383,157790000,374.8279052734375,378.4088104248047,382.7068725585938,-11.828033447265682,0.009946791990174729,33.42983327183329,1
2023-03-14,374.5659484863281,376.21058604424246,370.0909854321958,373.3898317252391,149752400,373.5772277832031,377.9756591796875,381.6981002807617,-4.331512451171875,0.010364504279604224,42.793697068601944,0
2023-03-15,372.2232666015625,372.4240570496017,366.8973152870415,368.98181836154816,172996900,371.7337158203125,377.4535858154297,380.58127746582034,-5.220733642578125,0.01038343249464456,38.04116332716886,1
2023-03-16,378.7539978027344,379.0982391870772,369.3642939038433,369.871070213234,143254200,372.6038391113281,377.29103698730466,379.7269256591797,-1.62548828125,0.011279459881030494,49.73069126395567,0
2023-03-17,374.3254089355469,378.558277638752,372.94324653075375,377.4256812850935,140553400,373.6687255859375,376.07558288574216,378.9236587524414,-12.154541015625,0.011175905466638348,44.14776173360696,1
2023-03-20,377.9246826171875,378.3374331198012,374.4021114765073,375.1027709061093,93055800,375.55866088867185,375.1932830810547,378.34911956787107,-8.822998046875,0.011474012395539154,49.0868506028459,1
2023-03-21,382.8869934082031,383.366909918059,379.69073304916685,381.2840593769018,91524200,377.2228698730469,375.400048828125,378.4132934570313,2.067657470703125,0.01102982522853521,54.793572877595054,0
2023-03-22,376.3601989746094,386.3232727268631,376.3218267349629,382.71431965042825,111746600,378.0502563476563,374.89198608398436,378.17742614746095,-5.08062744140625,0.011686602495310757,46.67085598616007,1
2023-03-23,377.3776550292969,383.25182988301947,374.6709182110407,379.2205184817109,119351300,377.7749877929688,375.1894134521484,377.8910736083984,2.974273681640625,0.011631869432667872,41.76742188457432,1
2023-03-24,379.85400390625,379.94038538264834,373.7590569871103,376.10105243097433,107682400,378.8807067871094,376.27471618652345,377.9331649780273,10.85302734375,0.011490335844901453,44.00453749698756,1
2023-03-27,380.5643005371094,382.8967177472465,379.671662586895,382.12883352250185,74010400,379.40863037109375,377.4836456298828,377.94622802734375,12.08929443359375,0.011472715618703104,49.75605313412028,0
2023-03-28,379.7100524902344,380.5642888800985,377.8767674052834,379.8732077448908,62871700,378.7732421875,377.99805603027346,377.98685760498046,5.14410400390625,0.011452034824616953,48.351816332461496,1
2023-03-29,385.2290344238281,385.46899270747423,382.6662670661032,383.8660584843338,77497900,380.54700927734376,379.2986328125,378.37610931396483,13.005767822265625,0.011843887045607605,60.61608517886952,1
2023-03-30,387.4846496582031,388.1085353397573,385.6225710265115,387.8589693504225,69840000,382.568408203125,380.17169799804685,378.73136749267576,8.73065185546875,0.01179444826285488,69.31812310183085,1
2023-03-31,392.9461364746094,393.24368242982905,388.3005179073783,388.4061147934353,112062600,385.18683471679685,382.0337707519531,379.05467681884767,18.6207275390625,0.011671346028628545,73.18406389430515,1
2023-04-03,394.4434509277344,394.84656445369103,392.0342603098821,392.4277954226004,67391100,387.96266479492186,383.68564758300784,379.43946533203126,16.518768310546875,0.011689313053699179,70.62746384669174,0
2023-04-04,392.2550964355469,395.3745547308176,390.8825125238686,395.0865871592581,66601500,390.4716735839844,384.62245788574216,380.0112533569336,9.36810302734375,0.011160635627838547,70.85441057330306,0
2023-04-05,391.2280578613281,392.28388034677903,389.5771434182015,391.525603840166,65200200,391.6714782714844,386.10924377441404,380.50061492919923,14.86785888671875,0.01119918429401174,64.6670446308749,1
2023-04-06,392.754150390625,393.0325102209904,389.3851264771968,390.4313411526847,63743300,392.7253784179687,387.6468933105469,381.4181533813477,15.376495361328125,0.010191683296594495,73.25592053120916,1
2023-04-10,393.1571960449219,393.2339990912432,389.6634190235722,390.2776969352446,63681000,392.76759033203126,388.9772125244141,382.62596435546874,13.303192138671875,0.009400091440944785,70.90920058613239,1
2023-04-11,393.2628479003906,394.6641961280183,392.4949930804865,393.78116601430696,59297900,392.5314697265625,390.2470672607422,383.8653564453125,12.69854736328125,0.009363614198017256,66.43375571804756,0
2023-04-12,391.659912109375,395.61444936283374,391.0744279375137,395.3264818376402,86420400,392.4124328613281,391.4420532226562,384.72005462646484,11.949859619140625,0.008956312928378576,78.71043260844417,1
2023-04-13,396.8622131347656,397.2173467130726,391.6023169352439,392.7445207254535,85814800,393.5392639160156,392.60537109375,385.952001953125,11.6331787109375,0.009042450311624333,81.6002922112632,0
2023-04-14,395.8927612304688,398.4171270275807,393.5891675964206,396.22870868146754,78161500,394.1669860839844,393.44618225097656,386.8089401245117,8.408111572265682,0.00846534675559805,77.3485975958788,1
2023-04-17,397.3133850097656,397.3325711300684,394.5778543396015,395.8064397500749,66436400,394.99822387695315,393.8829071044922,387.95833892822264,4.36724853515625,0.007804597305694221,77.88433594885218,1
2023-04-18,397.5725402832031,399.0218979297028,396.1999857035815,398.8875072085601,63560000,395.86016235351565,394.19581604003906,388.94073181152345,3.12908935546875,0.007661573484407127,80.3391158853277,0
2023-04-19,397.5052795410156,398.4074956735456,395.6047995275526,395.66238716810176,55227300,397.02923583984375,394.72083435058596,389.67164611816406,5.25018310546875,0.007263113057472216,75.59008834785453,0
2023-04-20,395.3361206054688,397.0830241368381,393.79077385332334,394.69301944461137,75840400,396.72401733398436,395.131640625,390.6204421997071,4.108062744140682,0.006029515148394845,66.42575952785629,1
2023-04-21,395.6432495117188,396.10395069254025,393.6947893230702,395.6336418065236,73457400,396.6741149902344,395.42055053710936,391.5337219238282,2.889099121093807,0.006041130650544852,57.19402265841621,1
2023-04-24,396.0559997558594,396.4783287303984,394.1075394245126,395.44169241406223,64332100,396.4226379394531,395.71043090820314,392.34382171630864,2.8988037109375,0.005965788789562992,54.565294774275436,0
2023-04-25,389.76904296875,394.6450119030647,389.7114553215701,394.088292257947,97766700,394.8619384765625,395.3610504150391,392.8040588378907,-3.493804931640625,0.0071955827786961525,44.28744335689045,0
2023-04-26,388.1181640625,391.4583943618871,387.56147365849546,390.3833857943013,80447000,392.98451538085936,395.0068756103516,393.22446441650396,-3.541748046875,0.007259524883867192,43.05312226041258,1
2023-04-27,395.8448486328125,396.1136007809756,390.4025810177756,390.65214704527966,92968400,393.0862609863281,394.90513916015624,393.75525512695316,-1.017364501953125,0.007856941420502155,55.4063460881449,1
2023-04-28,399.2234497070313,399.2330574132173,394.90419994068407,394.9617875942257,89433100,393.80230102539065,395.2382080078125,394.34219512939455,3.3306884765625,0.007959298588938955,59.61080817643222,0
2023-05-01,398.82025146484375,400.8454851986158,398.5898716077984,398.78184994003936,62122300,394.3551513671875,395.38889465332034,394.6359008789063,1.506866455078125,0.007400672527308445,58.72239779364363,0
2023-05-02,394.33782958984375,398.1579758951747,391.4391441559721,398.1099666648256,103998500,395.26890869140624,395.0654235839844,394.6306198120118,-3.234710693359375,0.00782783254755932,53.85460813460688,0
2023-05-03,391.6311340332031,397.2461641447407,391.3911757317852,394.83697342513307,91531800,395.97150268554685,394.47800903320314,394.5994216918946,-5.8741455078125,0.007882399356241493,41.8875275445066,0
2023-05-04,388.8572387695313,390.91126663739385,387.5230565279642,390.5849268562114,94901900,394.5739807128906,393.8301208496094,394.48088073730474,-6.4788818359375,0.00802095947870397,39.66744352814626,1
2023-05-05,396.0559997558594,397.102214486308,392.2262744508848,392.48541888407567,87891800,393.94049072265625,393.87139587402345,394.64597320556646,0.41275024414056816,0.009023929820507166,48.421304307177806,1
2023-05-08,396.16156005859375,396.6414766761157,394.76021173712985,396.3823322476967,50046800,393.40875244140625,393.8819519042969,394.79619140625005,0.105560302734375,0.009023007463374115,48.2216008092899,0
2023-05-09,394.4241943359375,395.5376042062538,394.19384377372745,394.616172665633,49220100,393.426025390625,394.34746704101565,394.8542587280274,4.6551513671875,0.009086885074115779,46.27348702340341,1
2023-05-10,396.2671203613281,397.8892407221348,392.44697389350114,397.2557473304781,96142900,394.35322265625,395.16236267089846,395.084619140625,8.148956298828125,0.009081462369120366,51.134982860110604,0
2023-05-11,395.5760803222656,395.8640185793233,393.5028369960926,395.4033173680311,70157100,395.6969909667969,395.13548583984374,395.02031250000005,-0.268768310546875,0.008587194235308435,49.9188733532322,0
2023-05-12,395.0577392578125,397.0254148728848,392.63897016343816,396.8142503993596,70481500,395.4973388671875,394.7189147949219,394.9785614013672,-4.165710449218807,0.008574848157875995,48.7973729044744,1
2023-05-15,396.4207153320313,396.8238288685914,393.75238023444746,395.6624389099318,54289400,395.549169921875,394.47896118164067,394.93392791748045,-2.399536132812443,0.008571796385473222,59.09211501111274,0
2023-05-16,393.7715759277344,396.2383543170176,393.761968222226,395.31689334176326,57705500,395.41864624023435,394.42233581542973,394.743879699707,-0.566253662109375,0.008694948920721335,57.52231506574527,1
2023-05-17,398.551513671875,399.15618392738526,394.1458832024653,395.7871896224144,87287000,395.8755249023437,395.1143737792969,394.79619140625,6.920379638671875,0.009139647513092044,53.90788026620042,1
2023-05-18,402.3908386230469,402.81316752783374,398.01400205687503,398.234744921799,97177200,397.2384765625,396.4677337646484,395.14892730712893,13.533599853515568,0.009272498164338876,54.51303221811639,0
2023-05-19,401.8053588867188,403.82101441184767,400.5863812999512,403.29311788250186,103793300,398.58800048828124,397.04266967773435,395.45703277587893,5.749359130859432,0.00928779816146569,54.231330254513196,1
2023-05-22,401.9685974121094,403.5043365562108,400.5864351115969,401.8246282749285,60745400,399.69757690429685,397.6233734130859,395.7526626586914,5.807037353515625,0.009288062358681248,62.325708871828844,0
2023-05-23,397.457275390625,401.9013072243869,397.0637403139911,400.3271669178512,86383500,400.434716796875,397.9266815185547,396.13707427978517,3.0330810546875,0.008899185854157868,58.89234501242252,0
2023-05-24,394.5777587890625,396.2382804844256,393.41636901857,395.8543531288341,89213700,399.6399658203125,397.75774536132815,396.4600540161133,-1.689361572265625,0.009017282264263952,58.703076743076004,1
2023-05-25,397.9947814941406,399.4441388209708,395.8447647643643,398.0811629564855,90961600,398.76075439453126,397.99961547851564,396.5675506591797,2.418701171875,0.008067780197249937,53.33316544211005,1
2023-05-26,403.1491394042969,403.86901432087706,398.5707454798897,398.6475192492727,93830000,399.0295104980469,398.8087554931641,396.76383514404296,8.091400146484375,0.008360080237993693,60.23611522151002,1
2023-05-30,403.3027038574219,405.6062976614237,401.9205417166639,405.07840112218025,72216000,399.29633178710935,399.4969543457031,396.9879577636719,6.881988525390568,0.008352443272609342,63.63902304557077,0
2023-05-31,401.0662841796875,402.3812508973344,399.5017514717894,401.4790054006544,110811800,400.01813354492185,400.22642517089844,397.3243804931641,7.294708251953125,0.008018302279081757,57.2843335343648,1
2023-06-01,404.8768310546875,405.93265339027886,400.048871425913,401.2966428186588,88865000,402.07794799804685,400.8589569091797,397.9866653442383,6.3253173828125,0.008021817615651456,62.8957908963122,1
2023-06-02,410.7319030761719,411.51894416726753,406.92136347665047,407.4492601063623,91426200,404.6253723144531,401.6930633544922,399.0803985595703,8.341064453125,0.008225005327309754,68.93110126079318,0
2023-06-05,409.94476318359375,412.36353228842165,409.2440744066445,411.0773593229492,65460200,405.9844970703125,402.5070037841797,399.774836730957,8.139404296874943,0.007393874175617029,66.5646226464462,1
2023-06-06,410.8374938964844,411.3653905560208,408.87942553559066,409.5321345170827,64022200,407.491455078125,403.3938934326172,400.5086334228516,8.868896484375,0.007386028660109573,71.8426002887266,0
2023-06-07,409.4169006347656,412.36359602704806,408.994571620611,411.2309997126284,85373300,409.1615783691406,404.58985595703126,401.25826873779295,11.959625244140625,0.0073476459750538405,65.2149313048867,1
2023-06-08,411.8932189941406,412.344341762355,408.71617349799953,409.4840283285931,61952800,410.5648559570312,406.32140197753904,402.0395736694336,17.315460205078125,0.007381407764365334,63.83439284425816,1
2023-06-09,412.63232421875,414.63837227354514,411.6436971048215,412.6899118726264,85742800,410.9449401855469,407.78515625,402.8923858642578,14.637542724609375,0.007330149829003829,65.69264222449472,1
2023-06-12,416.3756103515625,416.4524134072559,412.8914406087862,413.61131547404943,76104300,412.2311096191406,409.10780334472656,403.9582794189453,13.226470947265625,0.007439860803088093,68.91826366286315,1
2023-06-13,419.1207580566406,419.76382988102273,417.1722978814529,417.8345851160925,95899700,413.88776245117185,410.6896087646484,405.0932815551758,15.81805419921875,0.00749050259896652,79.83061488460986,1
2023-06-14,419.6199035644531,421.42439480568777,416.1741056268984,419.45674831132544,100612100,415.92836303710936,412.544970703125,406.38569793701174,18.553619384765625,0.007164912607318845,86.90216966037165,1
2023-06-15,424.8221740722656,426.0699454976172,418.7080413628314,418.8040012480244,110303100,418.5141540527344,414.5395050048828,407.69923095703126,19.945343017578125,0.007182097896060896,87.55686420605436,0
2023-06-16,423.3750915527344,427.3731894001626,422.90303570152577,426.8047878199797,114165800,420.66270751953124,415.80382385253904,408.7484436035156,12.6431884765625,0.007161218973989866,81.59473405208743,0
2023-06-20,421.1785583496094,422.3250049416328,419.107257409602,421.4386947666536,76160400,421.6232971191406,416.9272033691406,409.7171035766602,11.233795166015625,0.007318556139318,76.24834647193573,0
2023-06-21,419.0206298828125,420.995585443212,418.43294139177686,420.1959774642888,76982300,421.603271484375,417.7455169677734,410.5697052001953,8.183135986328125,0.007499373679876847,76.42451114959792,1
2023-06-22,420.5330810546875,420.6390407754928,417.72958794220574,418.0667832912389,70637200,421.78590698242186,418.8571350097656,411.72349548339844,11.116180419921875,0.006813933639321048,74.7140434715585,0
2023-06-23,417.3539123535156,419.1362056994903,416.6410067753629,417.08416191308544,92074500,420.29225463867186,419.4032043457031,412.86230316162107,5.460693359375,0.006838809190189883,61.417689921240616,0
2023-06-26,415.6487121582031,418.7026693868189,415.407862497876,416.7855154988048,72823600,418.7469787597656,419.70484313964846,413.74499969482423,3.016387939453125,0.006860966352689985,59.53296835009828,1
2023-06-27,420.20556640625,420.82212620155866,416.0725783167209,416.5253768197751,72813700,418.55238037109376,420.0878387451172,414.5978210449219,3.8299560546875,0.006709694353718423,63.94843622913798,1
2023-06-28,420.4175109863281,421.4290677123489,418.509971256602,419.1265310456325,75636000,418.8317565917969,420.21751403808594,415.4535614013672,1.2967529296875,0.006708090517565819,66.99070495295913,1
2023-06-29,422.0745239257813,422.2383146152685,419.59861200085055,420.0032229268465,67882300,419.1400451660156,420.4629760742188,416.50397338867185,2.454620361328182,0.006470106434547904,66.13358892694214,1
2023-06-30,427.0553283691406,428.0379843526411,424.96474047999936,425.28267848094407,104964000,421.0803283691406,420.68629150390626,417.6128982543945,2.233154296875,0.006618394581325781,70.14676982756782,1
2023-07-03,427.5466918945313,427.8260563324992,426.4291459408796,426.70853977944085,32793400,423.4599243164063,421.10345153808595,418.4536376953125,4.171600341796932,0.00601413935175851,67.16361924517479,0
2023-07-05,426.9108276367188,427.6430199831629,425.7258367708566,425.7354801650757,58418400,424.80097656250007,421.6766784667969,419.30194091796875,5.732269287109432,0.006000083569171123,62.79845855949724,0
2023-07-06,423.5678405761719,423.991738320798,421.0629982853608,423.3366343156822,80658300,425.4310424804688,422.1313995361328,419.93845825195314,4.547210693359375,0.006393073378139071,55.93184744450841,0
2023-07-07,422.4984436035156,426.438769743823,422.2575939538954,422.5755319557256,86134200,425.5158264160156,422.32793579101565,420.5925354003906,1.965362548828125,0.006357942031240732,46.01344488539389,1
2023-07-10,423.5678405761719,423.7412452715391,421.5735983776706,422.1420000351028,62443500,424.8183288574219,422.94932861328124,421.1762664794922,6.21392822265625,0.0062763376402445855,50.335018681694066,1
2023-07-11,426.2653198242188,426.7566624993896,423.3558667490492,424.3289087055748,64463800,424.5620544433594,424.0109893798828,421.8579162597656,10.616607666015682,0.00637339590827952,58.690014795907246,1
2023-07-12,429.695068359375,431.10165159958825,428.6257099376319,430.0515505672172,91924500,425.1189025878906,424.95993957519534,422.5238891601563,9.489501953125,0.006314350953103895,67.47634712468167,1
2023-07-13,433.1054382324219,433.8954320784897,431.0726814584312,431.5061931540125,72425200,427.02642211914065,426.2287322998047,423.22312316894534,12.68792724609375,0.006377172776826653,69.3793012611544,0
2023-07-14,432.8357543945313,434.8396106970224,432.0746612111079,433.9918445617416,69815800,429.09388427734376,427.3048553466797,423.88391571044923,10.76123046875,0.006397082767074358,76.21543298362822,1
2023-07-17,434.3386535644531,435.3887545883977,432.64306249429234,432.6912500682276,52680200,431.248046875,428.03318786621094,424.35973968505857,7.2833251953125,0.00589356546811452,81.86603229311055,1
2023-07-18,437.5660095214844,438.2114701147798,433.5775252322227,434.0110663595222,80668200,433.5081848144531,429.0351196289063,425.0692855834961,10.019317626953068,0.005952919305537681,81.00488018635619,1
2023-07-19,438.5390319824219,439.7239933832524,437.4889016897744,438.3559839057652,65891700,435.2769775390625,430.19794006347655,425.9373092651367,11.628204345703068,0.005730268160134569,81.50759506835243,0
2023-07-20,435.6295471191406,438.442683807428,434.9166416038705,437.5467302165197,70591600,435.78179931640625,431.40411071777345,426.76775512695315,12.06170654296875,0.005838580163503304,72.58428474530763,0
2023-07-21,435.6295471191406,437.5467302165197,435.6199331260899,437.3443953535996,71275600,436.34055786132814,432.71722106933595,427.52257843017577,13.131103515625,0.00584074931965432,67.12853227206665,1
2023-07-24,437.5756530761719,438.38490436691495,435.7451722274282,436.7760157789645,54023400,436.9879577636719,434.1180023193359,428.5336654663086,14.0078125,0.0054333299472578,68.93414655787305,1
2023-07-25,438.7702941894531,440.0227007047043,437.2577512159894,437.3059387900186,55191200,437.22881469726565,435.3684997558594,429.6897445678711,12.504974365234318,0.0052156630037244,71.9274012533135,1
2023-07-26,438.8377075195313,440.263518637083,436.7856637889011,437.83576473919794,71052900,437.2885498046875,436.282763671875,430.62135162353513,9.142639160156307,0.004865154330845773,82.12409652322769,0
2023-07-27,435.9282531738281,442.6238856658941,435.0226560753175,442.2192452897237,92194400,437.348291015625,436.56504516601564,431.39688873291016,2.82281494140625,0.0052416727709278,76.22286948272657,1
2023-07-28,440.196044921875,441.02455349957694,435.928167325532,439.1941022739153,80011800,438.2615905761719,437.30107421875,432.30296478271487,7.360290527343693,0.005521574828427855,78.86294796995858,1
2023-07-31,441.0342712402344,441.39072403261815,439.357937615742,440.6681750532694,62040400,438.95331420898435,437.97063598632815,433.00191192626954,6.69561767578125,0.00502976473643472,77.40451859796387,0
2023-08-01,439.7721862792969,440.51399258801536,438.8184017102693,439.5698514127993,55291500,439.1536926269531,438.1912536621094,433.6131866455078,2.2061767578125,0.005128671726773843,70.33437076247964,0
2023-08-02,433.6546630859375,436.9205694023077,432.903213273274,436.6604623365917,93933400,438.11708374023436,437.70281677246095,433.95037841796875,-4.884368896484375,0.006150312348911337,50.99911064330134,0
2023-08-03,432.4118347167969,434.2904737931767,430.9956375639887,431.6411275781037,64276100,437.41380004882814,437.38104553222655,434.392578125,-3.21771240234375,0.005877699026080315,49.25520541232046,0
2023-08-04,430.4561462402344,436.3232404604835,429.9359027397443,434.2230384704291,100128900,435.4658203125,436.86370544433595,434.79046325683595,-5.17340087890625,0.005958088508029657,43.28555927108141,1
2023-08-07,434.2134094238281,434.3675567402,431.5929638466943,432.2866120700708,58357500,434.1016479492188,436.52748107910156,435.32274169921874,-3.36224365234375,0.006200846224900528,44.30634160499204,0
2023-08-08,432.3251037597656,434.2037427118271,428.9724661870649,431.6796137883657,71361300,432.6122314453125,435.8829620361328,435.62573089599607,-6.4451904296875,0.006199246090888095,39.765182983959534,0
2023-08-09,429.4349060058594,432.7586427817327,428.67381291504086,432.5948520910791,78789600,431.7682800292969,434.94268188476565,435.6127227783203,-9.402801513671932,0.006158544625281034,39.79046373604269,1
2023-08-10,429.5890808105469,435.16716703483127,428.423376716208,431.7856284811605,93005500,431.2037292480469,434.3087646484375,435.43690490722656,-6.33917236328125,0.0058701135683821406,40.09490047560335,0
2023-08-11,429.3385925292969,430.3501787286785,427.1227874459535,427.72008989099777,68690900,430.9802185058594,433.2230194091797,435.26204681396484,-10.857452392578125,0.005870038059337342,35.69760171260829,1
2023-08-14,431.7085571289063,431.7085571289063,428.1150989625596,428.4233935882657,47867400,430.479248046875,432.2904479980469,435.1305419921875,-9.325714111328068,0.005958135784579367,38.21920918681661,0
2023-08-15,426.67962646484375,430.2923712690211,426.1111954097984,429.9358890851779,75707500,429.35015258789065,430.98119201660154,434.58622283935546,-13.092559814453125,0.006180738659470442,32.5979617046481,0
2023-08-16,423.548583984375,427.9223925566891,423.4425948477228,426.2653457520146,80107200,428.1728881835937,429.9705841064453,433.8367004394531,-10.1060791015625,0.006267853685896503,32.392488169987644,0
2023-08-17,420.32122802734375,425.2730820684876,419.8009844959738,425.0129750031002,95711300,426.31931762695314,428.7615234375,433.07128448486327,-12.090606689453125,0.006312239464773339,20.87006306749575,1
2023-08-18,420.5234680175781,421.5543115245304,417.1612164787308,417.5080258452247,98852000,424.55629272460936,427.76825561523435,432.3159805297852,-9.93267822265625,0.006320244682486126,19.36682436805509,1
2023-08-21,423.259521484375,424.0013277942752,419.3866698421799,421.53502982303786,68719000,422.8664855957031,426.67286682128906,431.6001739501953,-10.953887939453125,0.0064410009946439285,26.378121537506544,0
2023-08-22,422.1130981445313,425.0321947779214,421.55433988295033,425.0321947779214,64994200,421.95317993164065,425.65166625976565,430.7673141479492,-10.212005615234318,0.006361005622663393,30.7518403609063,1
2023-08-23,426.81451416015625,427.4311034249485,423.0283644204359,423.1728683416858,68441000,422.6063659667969,425.38962707519534,430.1661544799805,-2.620391845703125,0.006991829570650215,41.63068664573117,0
2023-08-24,420.8992309570313,428.9243284062607,420.8703007742917,428.41372832126285,88517300,422.7219665527344,424.52064208984376,429.4147033691406,-8.689849853515568,0.007450192134098294,37.22308128552142,1
2023-08-25,423.8664855957031,425.1477928046301,419.0783933508206,422.6236931625658,102325100,423.39057006835935,423.9734313964844,428.59822540283204,-5.47210693359375,0.007249749339959408,35.86838367199948,1
2023-08-28,426.5543823242188,427.1709421526019,423.8664919427265,426.05339622552776,61595400,424.04954223632814,423.4580139160156,427.8742309570313,-5.1541748046875,0.0074365968963102805,42.2869305087498,1
2023-08-29,432.7201232910156,432.999517120143,426.26534084235647,426.4483889303442,83081900,426.170947265625,424.0620635986328,427.52162780761716,6.040496826171875,0.008250556662311129,54.037454374702776,1
2023-08-30,434.5023498535156,435.1381963666506,432.353960698556,433.0572521601873,69053900,427.70851440429686,425.1574401855469,427.5640121459961,10.953765869140625,0.007706912296502728,55.80595604728489,0
2023-08-31,433.8665466308594,436.2557562391773,433.6834985527266,435.1189529964718,66084600,430.3019775390625,426.51197204589846,427.6367477416992,13.545318603515625,0.0076846039466004785,55.302348054057006,1
2023-09-01,434.6758117675781,437.0650508527564,433.2210704898494,436.5833515582069,58944100,432.4638427734375,427.9272064208984,427.8477310180664,14.15234375,0.007610551069379426,53.60655798512578,0
2023-09-05,432.7971801757813,434.5505726941325,432.7297646178386,434.232664090542,55166200,433.71240234375,428.88097229003904,427.77691955566405,9.537658691406307,0.007426541154019919,58.05224519701222,0
2023-09-06,429.8876953125,432.0938861890392,427.5659013158959,431.9878970619196,70758500,433.1459167480469,429.65843200683594,427.6550491333008,7.774597167968693,0.007515822397694953,58.39282222182721,0
2023-09-07,428.5679016113281,429.2422630358517,426.5447585365695,426.89156794336543,70355400,431.9590270996094,429.8337707519531,427.61169891357423,1.753387451171875,0.007395565328953146,61.49922679469172,1
2023-09-08,429.21331787109375,430.7451180605752,428.2595627004295,428.6160154651993,61659700,431.02838134765625,430.66517944335936,427.59291076660156,8.314086914062443,0.0074035512628213476,61.96926274126721,1
2023-09-11,432.0361328125,432.3443980335229,430.1285929169173,431.8337979292306,60180100,430.5004455566406,431.4821441650391,427.72778778076173,8.169647216796875,0.007546496706957038,62.05994243272083,0
2023-09-12,429.66607666015625,432.1131170199776,429.0880610953536,430.59096036501694,67565400,429.8742248535156,431.79331359863284,427.6256637573242,3.111694335937443,0.007550180271413801,60.040894485735585,1
2023-09-13,430.1670837402344,431.3231443270165,428.78940150844926,429.8876899365114,60199300,429.9301025390625,431.5380096435547,427.80003662109374,-2.55303955078125,0.007055917764504557,55.01721317390103,1
2023-09-14,433.8761596679688,434.5698078044724,431.3328027678492,432.6333966988673,83430800,430.99175415039065,431.475390625,428.31641540527346,-0.6261901855468182,0.007033545659490395,70.79338254566224,0
2023-09-15,428.6487426757813,432.62229333118586,428.21370176743056,432.2935859212208,111848900,430.87883911132815,430.9536102294922,428.7327911376953,-5.217803955078068,0.007387557172144331,57.14524120233208,1
2023-09-18,428.9000549316406,430.1955590603149,427.8655753087938,428.3392962837647,55752200,430.2516235351562,430.37603454589845,429.15162048339846,-5.7757568359375,0.0073872004514921015,53.77992322422825,0
2023-09-19,428.0106506347656,428.5714093634932,425.3326338226848,427.9816479077142,66514600,429.9205383300781,429.8973815917969,429.389176940918,-4.786529541015682,0.007299990547397872,40.855999772466554,0
2023-09-20,424.0757751464844,429.68318495179983,423.8727265693422,429.2674693964477,82562600,428.7022766113281,429.3161895751953,429.4873107910156,-5.811920166015625,0.007592087967549815,31.317300436366025,0
2023-09-21,417.0665283203125,421.4944451347644,416.9118372759941,421.2334205936458,104095800,425.34035034179686,428.1660522460937,428.9999114990234,-11.501373291015625,0.008014360954245335,25.4943176506724,0
2023-09-22,416.1287536621094,419.68655933537104,415.7130085528767,418.0913502784636,100829700,422.8363525390625,426.8575958251953,428.76138763427736,-13.084564208984375,0.007443502325465955,23.047011511176777,1
2023-09-25,417.8785400390625,417.9171906632103,414.4850742474689,414.92014455562463,70874500,420.6320495605469,425.44183654785155,428.4619903564453,-14.1575927734375,0.007316865444282112,28.238414393111086,0
2023-09-26,411.7394409179688,415.54862280920696,410.9079802974168,414.84285049792544,96168400,417.3778076171875,423.6491729736328,427.7212432861328,-17.926635742187443,0.0077522453078826365,25.80689518255022,1
2023-09-27,411.90380859375,413.4700443597365,408.2686723025208,412.9092856337623,104705800,414.94341430664065,421.8228454589844,426.68042755126953,-18.263275146484375,0.0067836999621200544,27.07931942601013,1
2023-09-28,414.291748046875,415.964317107926,410.762945679416,411.35270706101295,92258300,414.3884582519531,419.864404296875,425.6698974609375,-19.584411621093807,0.006878838362605421,30.414894213591552,0
2023-09-29,413.2863159179688,417.5112133076614,411.7684378270295,417.3371969608053,115111300,413.819970703125,418.3281616210937,424.640885925293,-15.3624267578125,0.006875629506393719,24.157285411678757,0
2023-10-02,413.1219482421875,414.3691244055631,410.36657139466814,412.454856073705,83798600,412.86865234375,416.75035095214844,423.5631927490234,-15.778106689453125,0.006820065914097653,25.721174946839966,0
2023-10-03,407.5918884277344,413.1799731499237,406.2287013020404,410.94667474306095,103760600,412.0391418457031,414.70847473144534,422.3029281616211,-20.41876220703125,0.007234836812422448,21.131580960230437,1
2023-10-04,410.5599670410156,411.3043900178651,406.59609392791054,408.0559666596498,87453000,411.77037353515624,413.3568939208984,421.3365417480469,-13.51580810546875,0.007524516321273497,19.608052170606,0
2023-10-05,410.4052429199219,411.2463514179395,407.1858225474584,410.269877205424,70142700,410.9930725097656,412.6907653808594,420.42840881347655,-6.661285400390625,0.007533546353593986,22.596222166601805,1
2023-10-06,415.2779235839844,416.81512702154566,406.6347574601129,407.9592644123595,113273300,411.3913940429687,412.6056823730469,419.7316390991211,-0.850830078125,0.008130312888904466,32.03256574816203,1
2023-10-09,417.9366149902344,418.5070215863633,412.8319288458573,413.3829806224,80374400,412.3543273925781,412.6114898681641,419.0266632080078,0.058074951171875,0.008121143977195612,37.304982540341776,1
2023-10-10,420.1119079589844,422.70291641435927,418.16863686530417,418.5650271110164,78607300,414.85833129882815,413.4487365722656,418.54895477294923,8.372467041015568,0.008205126799211537,44.773042989757585,1
2023-10-11,421.8327941894531,422.08414129890025,418.7970380226223,421.175379435057,62451700,417.11289672851564,414.44163513183594,418.13224029541016,9.928985595703125,0.008273438149562974,57.30368605106844,0
2023-10-12,419.2610778808594,422.81888280363904,416.91176888328704,422.4418474172078,81154200,418.8840637207031,414.9385681152344,417.4014862060547,4.969329833984375,0.008028609834519888,54.570984756852475,0
2023-10-13,417.1728210449219,421.9584770278049,415.6066149426829,420.7596289275812,95143100,419.26304321289064,415.3272186279297,416.8276901245117,3.886505126953068,0.007696980951908178,48.980221815535906,1
2023-10-16,421.5621643066406,422.6256468877368,419.17417458084833,419.41587382635646,75433200,419.9881530761719,416.171240234375,416.4607955932617,8.440216064453125,0.008135156718819685,64.95003664691413,0
2023-10-17,421.5427551269531,423.5923892481788,418.09131276942526,418.4393454760135,75324700,420.2743225097656,417.5663269042969,416.1374008178711,13.95086669921875,0.008131487710102513,64.73535067773031,0
2023-10-18,415.9256286621094,420.7306097718711,414.8428210042976,419.77349041439385,93559800,419.0928894042969,418.10289306640624,415.72989349365236,5.36566162109375,0.00840569939291241,52.27331593567338,0
2023-10-19,412.2711791992188,418.4490253157197,411.59443909771255,416.64111990263626,121323000,417.6949096679688,418.28948669433595,415.49012603759763,1.8659362792969318,0.00780678803620507,48.68454770650038,0
2023-10-20,407.2051696777344,412.3775387523352,407.0988066814596,411.8361348739324,123919900,415.7013793945313,417.4822113037109,415.04394683837893,-8.07275390625,0.008232955426227612,43.19702899633888,0
2023-10-23,406.4994201660156,410.3569598965053,403.92773684712256,405.6776368923659,92035100,412.68883056640624,416.33849182128904,414.47499084472656,-11.43719482421875,0.008139982695482063,48.58717015684076,1
2023-10-24,409.5641174316406,410.7146079399578,406.7700606245001,408.61664598235126,78564200,410.29310302734376,415.28371276855466,414.36622467041013,-10.54779052734375,0.00772950054851962,48.71533223731867,0
2023-10-25,403.6860046386719,407.91093157015536,403.17360349885,407.881928845422,94223200,407.8451782226563,413.4690338134766,413.95533447265626,-18.14678955078125,0.008344957147062139,42.44731064763996,0
2023-10-26,398.85198974609375,403.47327705798,397.9335505307934,402.6225206966068,115156800,405.1613403320313,411.428125,413.1833465576172,-20.409088134765625,0.008530136337806322,31.520538228550762,0
2023-10-27,397.0440979003906,400.833954292058,395.6229054415524,400.43756406837696,107367700,403.1291259765625,409.4152526855469,412.3712356567383,-20.12872314453125,0.008550441494407809,26.036820226622623,1
2023-10-30,401.7911071777344,402.8449122242464,398.53300645045545,399.8285107141757,86562700,402.1874633789063,407.4381469726562,411.8046936035156,-19.77105712890625,0.009098482700650458,30.157120532231914,1
2023-10-31,404.314453125,404.63348310254605,400.4569136434261,402.361504611754,79665200,401.1375305175781,405.71531677246094,411.6408218383789,-17.228302001953125,0.00878661988811502,31.35042517343841,1
2023-11-01,408.6263732910156,409.4384791305935,404.7495083565733,405.2812643437381,98068100,402.1256042480469,404.9853912353516,411.5441421508789,-7.29925537109375,0.008972205488834954,39.08305671154017,1
2023-11-02,416.4573974609375,416.612088488878,412.3968391143164,412.4161644286976,94938900,405.6466857910156,405.4040130615234,411.8467498779297,4.186218261718693,0.009961163614578604,49.3430466293133,1
2023-11-03,420.2569885253906,421.8038696197548,418.63277665324455,418.7584649834052,100167800,410.2892639160156,406.7091949462891,412.095703125,13.05181884765625,0.009817957594280158,48.78837053288126,1
2023-11-06,421.2237243652344,421.66844265759465,419.28045324415575,421.0110278768362,67831700,414.1757873535156,408.18162536621094,412.26005859375,14.72430419921875,0.009733775728833827,49.708954318022116,1
2023-11-07,422.4225158691406,423.0606052933152,420.0828841514639,421.2236972866714,64256100,417.7973999023437,409.46746520996095,412.37558898925784,12.8583984375,0.009687140119117066,56.44668771855873,1
2023-11-08,422.7319030761719,423.544008852029,420.4309219590949,423.0219303160148,61746000,420.618505859375,411.37205505371094,412.42054443359376,19.0458984375,0.009647222995822867,61.11795488557915,0
2023-11-09,419.43505859375,423.91133184127074,419.0096657038586,423.8726517137463,83174400,421.2140380859375,413.43036193847655,412.42924346923826,20.58306884765625,0.009712532563108304,63.50619281128355,1
2023-11-10,425.9803466796875,426.28972875327344,419.42546520511473,421.5041020397778,89462200,422.35870971679685,416.32398681640626,412.86961975097654,28.936248779296875,0.01022678132254803,69.05610698986521,0
2023-11-13,425.57427978515625,426.6764127794683,423.86306009469695,424.6461631313729,52236100,423.22882080078125,418.7023040771484,413.07022552490236,23.783172607421875,0.009989204195967272,66.52030127087235,1
2023-11-14,433.8307495117188,435.1165763059157,431.2783917339626,431.5007656250588,97176900,425.5104675292969,421.6539337158203,413.68462524414065,29.516296386718807,0.010841228795109887,79.64995758644353,1
2023-11-15,434.7491760253906,436.39274237986,433.8983901244557,435.16489156652574,77327600,427.91392211914064,424.26621398925784,414.6258026123047,26.122802734375,0.010264882390664838,88.25459287709725,1
2023-11-16,435.2809448242188,435.59997479434537,433.24098818272,434.3044705903049,66665800,431.0830993652344,426.14856872558596,415.7762908935547,18.823547363281307,0.009936436647523394,91.88717179976987,1
2023-11-17,435.8223876953125,436.4314744698249,434.372192329064,435.2906316917746,83133200,433.0515075683594,427.7051086425781,417.20715179443357,15.565399169921875,0.00929759352104067,91.06377839036509,1
2023-11-20,439.1771240234375,440.01823251916,435.5612839267532,435.5709613361329,69936200,435.77207641601564,429.5004486083984,418.8410369873047,17.953399658203125,0.00926035320407861,91.23954733894851,0
2023-11-21,438.219970703125,439.05143128536895,436.95346926764,438.1329625324768,49244600,436.64992065429686,431.0801940917969,420.2738296508789,15.797454833984375,0.009314944988662073,88.0246250367611,1
2023-11-22,439.9118957519531,441.22675482120695,438.8194400859089,439.8732451207241,59394900,437.6824645996094,432.798193359375,422.08512420654296,17.17999267578125,0.00832263291509479,85.78148700276267,1
2023-11-24,440.1826171875,440.3759883694041,439.63156537724313,439.9602727830402,29737400,438.6627990722656,434.87294921875,424.15165557861326,20.74755859375,0.007454654081726392,84.06584405081783,0
2023-11-27,439.3898620605469,440.3663068584605,439.0031197003399,439.5542010097652,50506000,439.3762939453125,436.2139007568359,426.2689437866211,13.409515380859375,0.00729471833657317,81.24359663413897,1
2023-11-28,439.8248901367188,441.1203943936042,438.4423777026132,439.00310690168646,62115000,439.50584716796874,437.6389617919922,428.17063293457034,14.250610351562557,0.007163612515617132,80.7375401170983,0
2023-11-29,439.5155334472656,443.1023712619962,439.1191726740231,441.9712058841977,63146000,439.76495971679685,438.2074401855469,429.9306869506836,5.684783935546818,0.007244917678644704,79.64469445750078,1
2023-11-30,441.24603271484375,441.5940948885885,438.2876370073433,440.3565962233876,79752700,440.031787109375,438.8571258544922,431.561669921875,6.496856689453125,0.007083713698451557,90.78092368790423,1
2023-12-01,443.8563537597656,444.3880801225495,440.04717254826977,440.636904350474,89183400,440.76653442382815,439.71466674804685,432.9316177368164,8.575408935546818,0.00613413383029429,89.19030306598546,0
2023-12-04,441.5264587402344,443.8757680204174,439.2544802266773,440.4726537072012,72430900,441.1938537597656,440.2850738525391,433.9950912475586,5.704071044921875,0.006245607009564872,82.25203580097447,0
2023-12-05,441.439453125,442.3965725770802,439.76688393206007,440.14394887033336,69793500,441.5167663574219,440.5113067626953,435.00587768554686,2.2623291015625,0.006274497611315807,72.97170298080584,0
2023-12-06,439.6605529785156,443.6050712166776,439.225482586349,443.57606849081975,69124700,441.5457702636719,440.6553649902344,435.86777954101564,1.440582275390625,0.0064331261365944276,64.0957279090787,1
2023-12-07,443.0153198242188,443.6630571746833,441.1397316230239,441.7391409339485,66995400,441.8996276855469,440.96570739746096,436.88195037841797,3.103424072265682,0.006544332454917462,69.10240408096804,1
2023-12-08,444.919921875,445.451648340426,442.0291792325049,442.2708784448437,83194400,442.1123413085937,441.43943786621094,438.1561935424805,4.7373046875,0.006099287881864484,71.05163550081905,1
2023-12-11,446.65045166015625,446.8244975103325,444.2141343049595,444.4268307846884,65002200,443.13713989257815,442.1654968261719,439.18969879150393,7.260589599609375,0.00533701902909928,68.69878347876804,1
2023-12-12,448.6904296875,448.7871152745883,445.3066406695012,446.3024402574832,68327600,444.58733520507815,443.05205078125,440.3455062866211,8.865539550781193,0.00529787427352137,74.85122410546126,1
2023-12-13,454.8778991699219,455.1292757819329,448.709730800554,449.0674408996175,93278000,447.63080444335935,444.5882873535156,441.3978637695312,15.36236572265625,0.004444681713863301,79.27412518952721,1
2023-12-14,456.3377990722656,458.00069086527446,453.66943027540754,456.8115200961749,119026000,450.29530029296876,446.0974639892578,442.477294921875,15.091766357421875,0.004447979540702411,80.19546485933338,0
2023-12-15,455.58642578125,456.91633245678577,453.7420700974645,455.7417439978948,141553700,452.42860107421876,447.2704711914063,443.49256896972656,11.730072021484375,0.004534588539092195,80.31971353520984,1
2023-12-18,458.1491088867188,459.12954211953263,456.13003141968665,457.18810894495897,70375300,454.72833251953125,448.9327362060547,444.60890502929686,16.622650146484432,0.004586811755126537,81.77175270387525,1
2023-12-19,460.9350891113281,461.0127630324847,458.6150917294133,458.6927360266488,55761800,457.17726440429686,450.8822998046875,445.6968032836914,19.495635986328125,0.004504106139841158,84.20134997378408,0
2023-12-20,454.5477294921875,461.9639883390121,454.1206118512591,460.0807959105322,102921000,457.11123046875,452.3710174560547,446.51319122314453,14.887176513671875,0.0057247015150711485,68.48959438020175,1
2023-12-21,458.8577880859375,459.1295875723286,455.1108062836296,457.52788134560456,86667500,457.6152282714844,453.95526428222655,447.4604858398437,15.842468261718693,0.005961887909665548,69.91138111467473,1
2023-12-22,459.7799377441406,461.4592882220052,457.8870580411275,459.98377994700513,67160400,458.4539306640625,455.44126586914064,448.44035186767576,14.860015869140625,0.005951419720059353,75.16835569379714,1
2023-12-26,461.7213745117188,462.62413389794295,460.109981297383,460.18765521976536,55387000,459.1683837890625,456.9483581542969,449.5569274902344,15.070922851562557,0.005890545448871633,76.60469294425091,1
2023-12-27,462.5561828613281,462.7017844285322,460.9836266876839,461.5175089754055,68000300,459.4926025390625,458.3349334716797,450.69349212646483,13.865753173828125,0.005882356576138782,80.79596876416154,1
2023-12-28,462.73089599609375,463.5656980482324,462.31349497002446,462.9153345190397,77158100,461.1292358398438,459.1202331542969,451.85426025390626,7.852996826171875,0.005855899624409135,78.99942902492536,0
2023-12-29,461.3912963867188,463.060930093317,459.44014657654174,462.5367348441508,122283100,461.6359375,459.6255828857422,452.8615234375,5.053497314453182,0.005971510962727132,74.63706327542305,0
2024-01-02,458.8092041015625,459.7993540123723,456.7124526493962,458.3335624378489,123623700,461.44179077148436,459.94786071777344,453.60916595458986,3.2227783203125,0.006151840799440631,67.7346756000762,0
2024-01-03,455.0623168945313,457.39203118698566,454.4604772449057,456.65427697187073,103585900,460.1099792480469,459.63918151855466,454.2859588623047,-3.0867919921875,0.0063558907558480425,58.853160516483214,0
2024-01-04,453.596435546875,457.1686653982138,453.3731600721968,454.5865557790852,84232200,458.3180297851562,458.9053161621094,454.89380798339846,-7.338653564453125,0.006434631555261483,47.95063685408042,1
2024-01-05,454.21771240234375,456.6639075045455,452.7713245626224,453.8002817612887,86118900,456.6153930664062,458.872314453125,455.62166595458984,-0.33001708984375,0.00630777838065456,46.51602944406721,1
2024-01-08,460.7021484375,460.8477500166702,454.5866154970485,454.71281340697016,74879100,456.4775634765625,459.05675048828124,456.5060073852539,1.8443603515625,0.006795632851702164,57.07385620363415,0
2024-01-09,460.0031433105469,461.0223837938476,457.54723173154656,458.0519936508328,65931400,456.7163513183594,459.0790710449219,457.2601684570312,0.22320556640625,0.0068156423419486745,52.703014145742806,1
2024-01-10,462.604736328125,463.4686883884697,459.9935061021224,460.275022232607,67310600,458.22483520507814,459.1674072265625,458.05788269042966,0.8833618164061932,0.006856949423956244,52.44735224677234,0
2024-01-11,462.40081787109375,464.1189754381304,458.43059087939,463.6044968701081,77940700,459.9857116699219,459.15187072753906,458.7434020996094,-0.155364990234375,0.00684118031919831,64.05959743864327,1
2024-01-12,462.7212219238281,464.5850109920546,461.31370050606375,463.847256832393,58026400,461.68641357421876,459.1509033203125,459.1355682373047,-0.009674072265625,0.006202728916119302,58.069599072930245,0
2024-01-16,461.02239990234375,462.65319658217305,459.207164709733,461.3427529504032,85014900,461.7504638671875,459.114013671875,459.3697982788086,-0.36889648437505684,0.006256929146656085,52.51359190573151,0
2024-01-17,458.4597778320313,458.94513616011074,456.110630489601,458.00353981867966,68843900,461.44179077148436,459.0790710449219,459.51346588134766,-0.34942626953119316,0.006388301025156036,43.563330811888974,1
2024-01-18,462.5367736816406,463.0900892897804,458.5859793739224,460.1294153145847,91856200,461.4281982421875,459.82651672363284,459.73284912109375,7.474456787109318,0.00656996044492472,49.96604203952792,1
2024-01-19,468.3028259277344,468.5843420506786,462.5853202688259,463.6628015298727,110834500,462.6085998535156,461.2971557617187,460.1012359619141,14.706390380859375,0.0069968508625155275,58.1533471052606,1
2024-01-22,469.2929992675781,471.0111571575836,468.64260604571103,469.83659824827777,75844900,463.92295532226564,462.8046844482422,460.83849945068357,15.075286865234375,0.006086097290053059,61.68194192664079,1
2024-01-23,470.6616516113281,470.9043307691421,468.7493682867175,469.836566173897,49945300,465.8508056640625,463.800634765625,461.42869262695314,9.959503173828125,0.005810238894263081,68.17485401845846,1
2024-01-24,471.1761474609375,474.45714470411593,470.6810725123754,473.5252650573401,81765000,468.3940795898437,464.9179351806641,461.99850311279295,11.173004150390625,0.005807850898796191,77.428423605094,1
2024-01-25,473.7388305664063,474.0106300348732,471.1761540957068,473.30199623812143,72525000,470.6344909667969,466.0313446044922,462.59937591552733,11.134094238281307,0.005846954274975493,83.05160454211325,0
2024-01-26,473.1370239257813,474.7969411657135,472.2925051479898,473.3117458196852,76641600,471.60133056640626,467.10496520996105,463.12841796875,10.736206054687557,0.005873383223344583,81.06449931852818,1
2024-01-29,476.8839111328125,477.029542315143,472.9039969579279,473.4475958586122,61322800,473.1195129394531,468.52123413085945,463.83606872558596,14.162689208984375,0.00606044744290643,79.19408546737505,0
2024-01-30,476.51513671875,477.2237409528727,475.7579492511841,476.1947836172532,58618400,474.2902099609375,470.07050781250007,464.5922607421875,15.49273681640625,0.0059972481934752655,80.14911151602293,0
2024-01-31,468.73968505859375,474.7581108271003,468.72025176527393,474.3115894395865,126011100,473.80291748046875,471.09849853515635,465.0887847900391,10.279907226562443,0.007061882088485454,59.42164423931346,1
2024-02-01,474.8745727539063,474.9036930669608,469.6326794127357,470.43839078044346,91891600,474.0300659179687,472.3322784423829,466.0793975830078,12.337799072265682,0.007192853357916862,66.20443419669246,1
2024-02-02,479.873779296875,481.5239798187347,474.971642466127,475.311399216602,99228200,475.3774169921875,473.48937377929695,467.3932647705078,11.570953369140625,0.007307798565500207,69.86743847529155,0
2024-02-05,478.12646484375,479.90289286822576,475.8744247735656,479.2428126687566,75757100,475.625927734375,474.37272033691414,468.5887023925781,8.833465576171875,0.00744564186264239,69.7890406199554,1
2024-02-06,479.5146179199219,479.8446580236344,477.6411122849623,479.0680669349689,55918600,476.2258239746094,475.25801696777353,469.5293258666992,8.85296630859375,0.006922445810037839,75.0405228739192,1
2024-02-07,483.5139770507813,483.93137810724,480.854193242822,481.756982255993,70556500,479.18068237304686,476.4917999267579,470.7048675537109,12.337829589843807,0.007007309343738013,74.99434575473451,1
2024-02-08,483.7275695800781,484.10613370157176,482.6986122128381,483.5140107138251,52343600,480.95128173828124,477.490673828125,471.7610092163086,9.988739013671818,0.0069814063596768125,71.18117891596054,1
2024-02-09,486.5232238769531,486.96002861938376,483.8925602799828,484.2323170511552,63979400,482.2811706542969,478.8292938232422,472.9671295166016,13.386199951171818,0.0069933861438134055,72.5426657680477,0
2024-02-12,486.3096008300781,488.7557959365899,485.59125041969,486.4940393494017,56502300,483.9177978515625,479.77186279296876,474.14654846191405,9.425689697265625,0.00701392067167358,71.11056582271394,0
2024-02-13,479.6116943359375,482.53356108402113,476.35010044182593,480.0485287007201,113099200,483.9372131347656,480.0815185546875,475.0760131835938,3.0965576171875,0.007802090140166821,59.75313712455771,1
2024-02-14,483.9702453613281,484.4556037244984,479.9223435779618,482.2423707733989,68387800,484.028466796875,481.6045745849609,476.3515365600586,15.230560302734375,0.0077416826742258875,61.3578479431997,1
2024-02-15,487.3094177246094,487.4938562363656,484.19339631478,484.66906756169146,61683000,484.7448364257813,482.8480590820312,477.59016876220704,12.434844970703068,0.007670807259324578,64.83134017668542,0
2024-02-16,484.8826599121094,488.1442534791648,484.1449058140717,487.0085316428908,75532900,484.4167236328125,483.3489471435547,478.4191604614258,5.008880615234375,0.007484295402213672,58.608505671170015,0
2024-02-20,482.2131958007813,483.8148722929186,479.970842787005,483.1450754577469,71736700,483.5974426269531,483.7576202392578,479.06517028808594,4.086730957031307,0.007657657222199343,55.84307314465833,1
2024-02-21,482.6500244140625,482.8053426352379,479.1069145137689,480.9124629140013,59293400,484.2051086425781,484.0711608886719,479.66458892822266,3.135406494140625,0.007649712706800237,66.79162374950825,1
2024-02-22,492.6387023925781,493.59970240133447,488.2898811137423,489.25091074642,76402500,485.9388000488281,484.98363342285154,480.7377166748047,9.124725341796818,0.008793873586634608,69.61835385060266,1
2024-02-23,492.9784851074219,495.191718012327,492.250447577862,494.3568862406584,61321800,487.07261352539064,485.9087249755859,481.69969940185547,9.25091552734375,0.00876777969504159,66.1329043398026,0
2024-02-26,491.1729431152344,493.8521307390466,491.04674520195,493.4152963659735,50386700,488.33067016601564,486.3736968994141,482.60149536132815,4.64971923828125,0.008831243927304838,66.03822850818784,1
2024-02-27,492.0853576660156,492.308633148054,489.9692025931845,491.8621118078968,48854500,490.3051025390625,486.95127258300784,483.36156768798827,5.7757568359375,0.008717413832526248,65.63628826908277,0
2024-02-28,491.43505859375,492.0174649295112,490.1731090771127,490.5322695254732,56506600,492.062109375,488.13360900878905,484.1075637817383,11.8233642578125,0.008726147302551062,60.74824174040367,1
2024-02-29,493.2017211914063,494.8131144463538,490.5516835957709,493.1920341688056,83924800,492.1747131347656,489.0567565917969,485.3306655883789,9.231475830078182,0.0076458967735452636,62.335705515621925,1
2024-03-01,497.83203125,498.2591489639279,493.6676779750869,494.075392019808,76844800,493.1454223632812,490.10901794433596,486.4785385131836,10.522613525390625,0.007419543319135548,64.05309859357902,0
2024-03-04,497.298095703125,499.1424809176813,497.0068925765737,497.03604251314806,49799300,494.3704528808594,491.3505615234375,487.3497543334961,12.415435791015625,0.007200048894287458,63.54720911035717,0
2024-03-05,492.3280029296875,495.7449440770518,490.1244870696133,495.29839314371,72855600,494.4189819335937,492.36204223632814,488.059831237793,10.114807128906193,0.007583124415184313,66.37497131251911,1
2024-03-06,494.8228149414063,497.0748846909984,493.53177482463775,495.5993764159242,68382400,495.096533203125,493.5793212890625,488.8252410888672,12.172790527343807,0.007619676641518828,64.67961900862005,1
2024-03-07,499.7345886230469,500.78297909459656,494.8810058352906,498.1135085613306,58652100,496.4031066894531,494.2889099121094,489.63627166748046,7.09588623046875,0.007701327747961341,66.12094470031491,0
2024-03-08,496.735107421875,503.04473579557066,496.1623881738849,500.36560770630734,86532500,496.1837219238281,494.66457214355466,490.2866485595703,3.756622314453125,0.00788835050370344,65.15267732503932,0
2024-03-11,496.3080139160156,496.8904498381802,493.6094227797772,495.5314524357439,62557200,495.98570556640624,495.17807922363284,490.77588806152346,5.13507080078125,0.00783195002411712,69.11539871912558,1
2024-03-12,501.6469421386719,502.2293483869414,495.9002573325016,498.41443934118087,73114400,497.8494934082031,496.1342376708984,491.5427551269531,9.56158447265625,0.008116753972053957,72.74001196744679,0
2024-03-13,500.8606567382813,502.14200986510485,499.4240150117718,501.9672879725168,55104100,499.05706176757815,497.07679748535156,492.60520324707034,9.425598144531307,0.007321116697584829,62.62297724165537,0
2024-03-14,499.8704833984375,501.9866383004977,496.8321359535948,501.8312904786425,110171800,499.08424072265626,497.74367370605466,493.4002151489258,6.668762207031193,0.007189745699189791,60.37395232438601,0
2024-03-15,496.4381408691406,498.2590460217431,494.7730662340284,496.8081640582688,107646300,499.02484741210935,497.6042846679687,493.85665130615234,-1.393890380859375,0.007317727610944995,57.55525544146549,1
2024-03-18,499.3885192871094,501.9396941096388,498.9795682095847,500.4985887866016,88893300,499.6409484863281,497.8133270263672,494.58194427490236,2.090423583984375,0.007258948118267632,59.90056000158866,1
2024-03-19,502.1636047363281,502.4459657634578,497.6941464489712,498.6971194428336,60755300,499.74428100585936,498.79688720703126,495.5794647216797,9.835601806640625,0.0071171486217035725,63.75195295233192,1
2024-03-20,506.808349609375,506.9446864437559,501.5502289693654,502.22210687375775,69594600,500.93381958007814,499.9954406738281,496.7873809814453,11.985534667968693,0.007288835109670331,66.24267214182561,1
2024-03-21,508.4832458496094,510.3430492224821,508.2008253201653,509.6419901809582,60256100,502.6563720703125,500.87030639648435,497.57960815429686,8.7486572265625,0.005906406437520349,63.67994895187507,0
2024-03-22,507.5192260742188,508.88241615238655,507.2854803107173,508.3955498176283,79070800,504.8725891113281,501.94871826171874,498.30664520263673,10.784118652343807,0.005955486382507654,62.98412407966812,0
2024-03-25,506.1169738769531,507.2659711253938,505.9611433909752,506.1461549481259,48512100,506.21828002929686,502.9296142578125,499.05384674072263,9.8089599609375,0.005917951493499506,69.26250020249974,0
2024-03-26,505.1822509765625,507.87950952715136,504.78304672651166,507.53866742888704,65463700,506.82200927734374,503.28314514160155,499.70869140625,3.535308837890625,0.005964496199215998,65.1311378953749,1
2024-03-27,509.42767333984375,509.466660680705,505.8443444640109,508.0060617645378,82999800,507.3458740234375,504.1398468017578,500.6083221435547,8.567016601562443,0.006130966053512729,64.43891861421876,0
2024-03-28,509.3302917480469,510.82981847863687,509.04793070421056,509.46662856862366,96294900,507.515283203125,505.08582763671876,501.41475067138674,9.459808349609375,0.006131642982477003,70.53759545536427,0
2024-04-01,508.4442443847656,510.6059618999613,507.2855000855941,510.070420797236,62477500,507.7002868652344,506.28643798828125,501.945361328125,12.006103515625,0.005890548470182727,69.49740544483973,0
2024-04-02,505.2114868164063,505.3477642225264,502.9134325371014,504.6272115527488,74230300,507.519189453125,506.8687347412109,502.34103088378913,5.822967529296932,0.006106424923024814,56.14226982592802,1
2024-04-03,505.7664489746094,507.2660352902269,504.0721636747669,504.12083842082313,59155800,507.6360290527344,507.22901916503906,503.01295318603525,3.60284423828125,0.005552328149299892,58.52138336975055,0
2024-04-04,499.593017578125,510.1093183056524,499.2911628340767,509.76853565111946,96858100,505.6690979003906,506.5074859619141,503.2514633178712,-7.21533203125,0.00624577130217875,49.59158297980914,1
2024-04-05,504.8122253417969,506.7694375345306,500.5083435441168,500.94653513579135,74546500,504.76548461914064,506.1403839111328,503.50534515380866,-3.6710205078125,0.006288072417601091,61.71026689313182,1
2024-04-08,505.0946044921875,506.5162756490336,504.2864491311744,505.513361858984,48401800,504.095556640625,505.8979217529297,503.9233200073243,-2.424621582031307,0.006097930708940128,58.62276967916587,1
2024-04-09,505.6788635253906,507.071294128757,500.839381191466,506.82786095826793,68049200,504.18903198242185,505.85411071777344,504.39186248779305,-0.4381103515625,0.006084786557148572,55.688768253366234,0
2024-04-10,500.6154174804688,502.60181066009386,498.6387711363,499.9922143304957,82652800,503.15882568359376,505.3974273681641,504.3402862548829,-4.566833496093693,0.006095905193115456,40.11193448041979,1
2024-04-11,504.3934631347656,505.8345682969367,498.6289830541626,502.1343964769264,70099000,504.11891479492186,504.8940063476563,504.5169265747071,-5.034210205078125,0.006315974890788406,43.88092985538582,0
2024-04-12,497.4313354492188,502.2707879594682,495.70780962230026,500.85886371567153,92561100,502.6427368164062,503.70411071777346,504.3949691772462,-11.898956298828068,0.007057367090522864,37.203448751081915,0
2024-04-15,491.199462890625,501.7644387082916,490.3522904966187,501.5989207934361,92101400,499.86370849609375,501.97963256835936,504.1330352783204,-17.244781494140625,0.007441080412101075,33.142555634873744,0
2024-04-16,490.30364990234375,493.1956373554357,489.0183155418661,491.6766166443132,73484000,496.7886657714844,500.4888488769531,503.6787918090821,-14.907836914062557,0.007288005532672035,33.17172679451592,0
2024-04-17,487.4018249511719,492.9229016859064,486.0093945109761,492.7573540743495,75910300,494.145947265625,498.6523864746094,502.9407028198243,-18.3646240234375,0.0072047894045074445,24.30702152214961,0
2024-04-18,486.39892578125,490.88784877913054,485.4641507516637,488.7943295112607,74548100,490.5470397949219,497.3329772949219,501.92023162841804,-13.194091796875,0.006748903380715723,23.804145095783298,0
2024-04-19,482.1534729003906,487.3142441699,480.8876025986124,486.32104754330464,102212600,487.49146728515626,495.0671020507813,500.6037429809571,-22.65875244140625,0.00678442705087181,22.10734142067686,1
2024-04-22,486.59375,489.1838827819534,482.41642801907807,484.7533807670464,67961000,486.57032470703126,493.2170166015625,499.5574691772461,-18.5008544921875,0.00728398125442402,30.741334222292807,1
2024-04-23,492.3679504394531,492.7963952191992,486.4087108687592,488.5996095177476,64633600,486.9831848144531,491.88592529296875,498.8700180053711,-13.3109130859375,0.007918486255187217,37.490953890197574,0
2024-04-24,492.13421630859375,494.042723959268,489.9141070818204,493.25400289949073,55928100,487.9296630859375,491.0378051757813,498.21761627197264,-8.481201171875057,0.007919865388598565,42.167681664536666,0
2024-04-25,490.2646789550781,491.0241892900092,484.4222826199273,486.0678932982719,69122400,488.70281372070315,489.6249267578125,497.25946655273435,-14.1287841796875,0.0075982734832226485,33.567987402999194,1
2024-04-26,494.9093627929688,496.4868049205615,492.4166096033967,493.0495298783495,64306100,491.2539916992188,489.3727294921875,496.53842010498045,-2.52197265625,0.008008152557255236,39.52742731485437,1
2024-04-29,496.6620788574219,497.33395677101214,493.9258924563797,496.6912896486231,46415400,493.2676574707031,489.9189910888672,495.9493118286133,5.462615966796875,0.008083239903077518,40.94639083773354,0
2024-04-30,488.7943115234375,496.1751917116098,488.7943115234375,495.20145909113546,77483600,492.5529296875,489.76805725097654,495.12845306396486,-1.50933837890625,0.008662772365299422,38.76341066633861,0
2024-05-01,487.2071838378906,494.8412449760708,486.7397814235659,488.2101273744075,80242800,491.56752319335936,489.74859313964845,494.2004898071289,-0.19464111328125,0.008645619345938852,32.953513544928185,1
2024-05-02,491.7642517089844,492.6016773299733,486.4281855177434,490.9073621306573,62550200,491.8674377441406,490.2851257324219,493.8090515136719,5.365325927734375,0.008628100840616888,44.09739947248198,1
2024-05-03,497.85980224609375,499.0866852455328,495.2015012680421,497.73321224009646,72756700,492.4575256347656,491.8557586669922,493.46143035888673,15.706329345703125,0.008771038542834945,56.956890396287044,1
2024-05-06,503.0010681152344,503.039996024656,499.8169434203136,500.2551349869788,47264700,493.72532348632814,493.4964904785156,493.35675354003905,16.407318115234375,0.009107763209104796,62.18232391994964,1
2024-05-07,503.5561218261719,504.9485523975052,502.8842439138016,503.96507290224616,52561300,496.677685546875,494.6153076171875,493.2506164550781,11.18817138671875,0.00910736329232252,66.22981942339106,1
2024-05-08,503.6047973632813,504.1403384404924,501.6086572944442,501.72550045922026,42047200,499.95720825195315,495.7623657226562,493.40008544921875,11.470581054687557,0.008807973550812986,67.62423195132507,1
2024-05-09,506.5065002441406,506.545487586906,503.1374232827404,503.7898075228845,43643700,502.90565795898436,497.3865478515625,493.5057373046875,16.2418212890625,0.008739829253175164,75.65131188137907,1
2024-05-10,507.1590270996094,508.9117342857,505.94186107705553,508.10351940578255,52233200,504.7655029296875,498.61151428222655,493.992121887207,12.249664306640568,0.008090449189641937,73.53997145370239,1
2024-05-13,507.2270202636719,508.9407991411694,506.0877697676685,508.8337028193061,36716400,505.610693359375,499.6680084228516,494.7934997558594,10.56494140625,0.007445864823120707,69.56407136738194,1
2024-05-14,509.5542297363281,510.0703365133336,506.8862120678195,507.4217530820521,57535900,506.81031494140626,501.74400024414064,495.7560287475586,20.759918212890625,0.0074272068446474574,71.73758565458496,1
2024-05-15,515.8640747070312,516.1561825946173,511.3848691803367,512.01781913004,59504900,509.2621704101563,504.6096893310547,497.17914123535155,28.656890869140625,0.007532948562100236,78.75742983948325,0
2024-05-16,514.802734375,517.558414507879,514.6566506998298,515.9614786446474,50244800,510.9214172363281,506.9135375976563,498.5993316650391,23.038482666015625,0.007532940288733246,74.30416879806836,1
2024-05-17,515.5427856445312,515.6109540647997,513.4687302561026,514.9195824580145,59187600,512.5981689453125,508.6818359375,500.26879730224607,17.6829833984375,0.007035802336015431,73.6522221160279,1
2024-05-20,516.1367797851562,517.5973789121299,515.2701433728218,515.6596602461204,37764200,514.3801208496094,509.9954071044922,501.7459487915039,13.135711669921875,0.006913894753971372,91.88567293235894,1
2024-05-21,517.4026489257812,517.5584794564415,515.1728221981522,515.3773274826686,33437000,515.9498046875,511.38005981445315,502.9976837158203,13.846527099609375,0.006589476712135457,96.71596155244424,0
2024-05-22,515.9129028320312,517.4221768932046,513.7414381195646,516.7113709167669,48390000,515.9595703125,512.6108703613281,504.1866180419922,12.308105468749943,0.006668141650069884,91.27858268883067,0
2024-05-23,512.1444702148438,519.0676954201629,510.93699174891134,518.9605990872589,57211200,515.4279174804688,513.1746673583984,505.28060760498045,5.637969970703125,0.006881844667337554,76.52804918411853,1
2024-05-24,515.5330810546875,516.3412958961842,513.0403275362747,513.9848197975488,41291100,515.4259765625,514.0120727539063,506.3117935180664,8.374053955078125,0.0067514919077534255,74.89370214778039,1
2024-05-28,515.8934326171875,516.5750575431485,513.2643418638753,516.3413711529769,36269600,515.3773071289063,514.8787139892578,507.2733612060547,8.666412353515625,0.006748694749570753,74.69798698720103,0
2024-05-29,512.28076171875,513.4589997088932,511.56995584928654,511.871810616093,45190300,514.3529296875,515.1513671875,508.4476837158203,2.726531982421875,0.005737899264358932,65.19947391494952,0
2024-05-30,508.88232421875,511.404317527227,507.63597753153255,510.7421865634061,46377600,512.9468139648437,514.4531921386719,509.5314407348633,-6.98175048828125,0.005958002245192705,54.09101753360792,1
2024-05-31,513.5174560546875,513.6440460717812,504.7441141188356,509.8367770177735,90785800,513.2214111328125,514.3246643066407,510.6191009521484,-1.2852783203125,0.0059427432718419555,59.62824021316298,1
2024-06-03,513.9360961914062,515.4064420460951,508.87267437322015,515.1240809646227,46835700,512.9020141601562,514.1639953613281,511.42291564941405,-1.606689453125,0.005438121819691669,60.052456425774984,1
2024-06-04,514.5105590820312,515.250605333056,511.17066354967966,512.6312623824123,34632700,512.625439453125,514.0013732910156,511.9983901977539,-1.626220703125,0.005035692715805318,57.837931750068776,1
2024-06-05,520.6255493164062,520.6450429850004,514.8415757760073,516.8280281512839,47610400,514.2943969726563,514.3236633300781,512.8518615722656,3.222900390625,0.005578934379719122,57.57648155701883,0
2024-06-06,520.6159057617188,521.3559521321091,518.6879340097541,520.9275073614583,30808500,516.64111328125,514.7939636230469,513.7024169921875,4.7030029296875,0.005580717297641849,59.570256371094,0
2024-06-07,519.9829711914062,522.787325920015,518.5515533208824,519.6421291117942,43224500,517.9342163085937,515.5778137207031,514.3762405395507,7.8385009765625,0.005529792940890636,57.33577496147982,1
2024-06-10,521.589599609375,521.9109480214009,518.5807990347079,519.1747616812378,35686100,519.4649169921875,516.1834655761719,515.097769165039,6.0565185546875,0.005543761465471482,58.71710558412286,1
2024-06-11,522.8457641601562,522.9041857425336,518.0744503489441,520.0414093421914,36383400,521.1319580078125,516.8786987304687,515.8787063598633,6.95233154296875,0.005539354606923172,58.70429221747651,1
2024-06-12,527.139892578125,529.8274041983666,526.1077383475028,527.4028194115604,63251300,522.4348266601562,518.3646118164063,516.7579895019531,14.859130859375,0.005701536607804427,66.4757632702343,1
2024-06-13,528.2012939453125,529.0581834417079,525.4164327979901,528.8829186945259,44760900,523.951904296875,520.2965087890625,517.3748504638672,19.3189697265625,0.005122258685556735,75.5973775519537,1
2024-06-14,528.522705078125,528.551886156822,525.6696157422205,526.6725890295746,40089900,525.6598510742188,521.7970336914062,518.0608489990234,15.0052490234375,0.005067567001004096,72.95230124801022,1
2024-06-17,532.7290649414062,534.1215548157255,527.3832826445532,527.8409678567655,55839500,527.887744140625,523.6763305664062,518.9201629638671,18.79296875,0.005280304448637253,76.18864062313081,1
2024-06-18,534.0826416015625,534.2092316077063,532.3688625324717,532.7875604635906,41376400,530.1351196289063,525.6335388183594,519.8174560546875,19.57208251953125,0.005282485251135082,86.47762132928119,0
2024-06-20,532.6317749023438,535.669816103357,530.8595742964317,535.0076850141029,70328200,531.23349609375,526.8341613769531,520.5789123535156,12.0062255859375,0.0053706624246249515,92.50637413727937,0
2024-06-21,531.9176635742188,533.0313142277637,530.4621308750893,531.810221745453,64338600,531.9767700195313,527.9643371582031,521.379150390625,11.3017578125,0.0053158982548547245,88.30931183555418,0
2024-06-24,530.1885375976562,534.3011982327657,530.0713174980777,531.7417933525489,45528700,532.3099365234375,528.9848937988281,522.2813537597656,10.20556640625,0.005030464473360601,82.0867213897016,1
2024-06-25,532.2303466796875,532.5917853363576,529.8956032092343,531.4097461795637,37936200,532.2101928710938,530.0489685058594,523.1162170410156,10.6407470703125,0.004926439614458528,83.0677549495534,1
2024-06-26,532.89453125,533.6076301716555,530.4719028733521,531.1166134619692,38550600,531.9725708007812,531.0538452148437,523.9662719726563,10.04876708984375,0.004922645050453916,78.7432830101266,1
2024-06-27,533.734619140625,534.3110010096894,532.0153114364416,532.7577451835803,35041500,532.1931396484375,531.7133178710938,525.03896484375,6.5947265625,0.004484750045580449,79.5829101049056,0
2024-06-28,531.6343383789062,537.5542520433446,530.3937489459842,534.5063503169283,76144500,532.136474609375,532.0566223144531,526.1765655517578,3.43304443359375,0.004243403569623706,74.64318909428896,1
2024-07-01,532.7284545898438,533.2559450469041,529.9736629556671,533.0117265646933,40297800,532.6444580078125,532.477197265625,527.1371154785156,4.20574951171875,0.0039195924370169334,74.08127772660936,1
2024-07-02,536.3136596679688,536.3136596679688,531.0776287968915,531.1264605772033,40434800,533.4611206054688,532.8356567382813,528.2559936523437,3.5845947265625,0.004058450737076734,76.45259205623834,1
2024-07-03,538.7069702148438,539.068408833479,535.9619565950238,536.0010100914286,32789900,534.6236083984375,533.2980895996094,529.4658142089844,4.62432861328125,0.004082904015557128,74.55245518074099,1
2024-07-05,541.8134765625,542.213968717536,538.3748605783948,539.0098526062544,41488400,536.2393798828125,534.216259765625,530.5252105712891,9.18170166015625,0.0035176684825945115,76.58530537899992,1
2024-07-08,542.4386596679688,543.3861988920726,541.3738407022457,542.5949332840256,36110500,538.400244140625,535.268359375,531.6163482666016,10.52099609375,0.0034918929009687266,76.85987799907168,1
2024-07-09,542.9661254882812,544.2946598471173,542.6730752067231,543.3959524424528,27289700,540.4477783203125,536.5461181640625,532.7655059814454,12.777587890625,0.0034173056176693803,73.02964728626822,1
2024-07-10,548.3389892578125,548.6808713510104,543.8942239279161,544.1872742397521,38701200,542.8528442382812,538.156982421875,534.1029754638672,16.108642578125,0.003827846664647519,77.16,0
2024-07-11,543.6109008789062,549.3256503566656,542.9759684638211,548.4562180647349,53054200,543.8336303710937,539.2286193847656,535.1412322998046,10.71636962890625,0.004566761152868779,68.5946073343891,1
2024-07-12,547.0397338867188,550.6346235261244,544.2654447499774,544.7343252522627,53084400,544.8788818359375,540.559130859375,536.1362243652344,13.30511474609375,0.004447749463877036,73.45448073733556,1
2024-07-15,548.5441284179688,551.7775792240066,546.6880438244344,549.0325654558818,40584300,546.0999755859375,542.2501098632813,537.1533660888672,16.9097900390625,0.004452100854350559,78.66956472001372,1
2024-07-16,551.7970581054688,552.090108393895,549.1008762046278,549.8530882979716,36475300,547.866162109375,544.1569702148438,538.3170837402344,19.068603515625,0.004529163864249464,79.44713989414568,0
2024-07-17,544.0601806640625,547.5476278240299,543.7377955656038,545.8771519032762,57119000,547.010400390625,544.9316223144531,538.8836395263672,7.74652099609375,0.005591831839205733,63.85448916408669,0
2024-07-18,539.8792114257812,546.5806130354061,537.7008012722223,545.5939606590898,56270400,546.2640625,545.0488464355469,539.1734680175781,1.1722412109375,0.005908567186489154,57.04057212472498,0
2024-07-19,536.2941284179688,541.2664440605769,535.2390876445896,539.6447995873152,65509100,544.11494140625,544.4969116210938,539.3565856933594,-5.51934814453125,0.00608547309634374,55.163565434289765,1
2024-07-22,541.8232421875,542.4288993582354,538.277184442637,540.2113760766848,43346700,542.7707641601562,544.4353698730469,539.8518646240234,-0.61541748046875,0.0064601600992529986,59.17612037357487,0
2024-07-23,540.9733276367188,543.8648365993427,540.484890622907,541.7157018138391,34439600,540.6060180664062,544.2360900878906,540.3911041259765,-1.9927978515625,0.006413470754033916,54.975988236582346,0
2024-07-24,528.7135620117188,536.4699449259502,527.7952979520205,536.1671163330532,74515300,537.5366943359375,542.2735473632813,540.2152648925781,-19.62542724609375,0.008270370686507635,41.185603417831636,0
2024-07-25,525.9588012695312,534.7995603016705,525.0210402154329,528.8308137450439,61158300,534.7526123046875,540.5083374023437,539.8684783935547,-17.652099609375,0.00833264864472951,35.92852971734959,1
2024-07-26,531.8493041992188,534.5357078065754,528.9675138593225,529.7392825093052,53763800,533.8636474609375,538.9892944335937,539.7742126464843,-15.1904296875,0.008734403742247484,41.40496195307546,1
2024-07-29,532.161865234375,534.3988851266782,530.169004207153,533.3927359573876,39515800,531.9313720703125,537.3510681152344,539.8005889892578,-16.38226318359375,0.008689421870085293,41.19983017800487,0
2024-07-30,529.4656982421875,534.6822315404584,526.0661958644091,533.6271909452782,46853600,529.6298461914063,535.1179321289062,539.637451171875,-22.33135986328125,0.008750130579251614,33.92667043696669,1
2024-07-31,538.0719604492188,540.6997538692295,534.9166765387299,536.2842643515584,65663400,531.5015258789062,534.5191101074219,539.7253662109375,-5.98822021484375,0.009387198041869443,45.575087474303814,0
2024-08-01,530.4524536132812,542.0381669821182,526.9552273833177,539.7913683115238,76428700,532.4002563476563,533.5764343261719,539.3126403808594,-9.4267578125,0.009854740341321744,37.58043111075364,0
2024-08-02,520.5762329101562,524.5716145988897,516.3756265717791,523.3603002519518,82789100,530.1456420898437,532.0046447753906,538.2507781982422,-15.7178955078125,0.010496822205107139,31.392109597585588,0
2024-08-05,505.4151306152344,511.4717620077493,498.4695402072865,499.8078827767836,146267400,524.7962951660156,528.3638336181641,536.3996017456054,-36.408111572265625,0.01208900984649006,23.36172588978397,1
2024-08-06,510.0747680664063,517.4989864003181,505.8937188490462,507.2124748611044,84826300,520.9181091308594,525.2739776611328,534.7550338745117,-30.898559570312443,0.012385130022019653,29.766147705519273,0
2024-08-07,506.6654357910156,519.2964689099484,506.06955696870784,516.2485672171777,70698300,514.6368041992188,523.0691650390625,532.6713562011719,-22.048126220703125,0.012022872210888992,30.04218038210638,1
2024-08-08,518.3782348632812,519.0033889369354,509.77197692780607,511.79405372836936,63276600,512.2219604492187,522.3111083984375,531.4097229003906,-7.58056640625,0.013381321650472427,40.192492228408625,1
2024-08-09,520.6641235351562,522.1489912653111,516.3365783728381,517.5576710131196,45619600,512.2395385742187,521.1925903320313,530.0909423828125,-11.1851806640625,0.01332376353196862,37.990659159074916,1
2024-08-12,520.9376220703125,523.3406939742863,518.6712672136742,521.8558860240913,42542100,515.3440368652343,520.070166015625,528.7106170654297,-11.2242431640625,0.013287890215148552,38.55338082635062,1
2024-08-13,529.5046997070312,529.7391995235392,523.8779562074939,524.1221746789957,52333100,519.2300231933593,520.0740661621094,527.5959991455078,0.03900146484375,0.013835519904244304,50.47189662980907,1
2024-08-14,531.17529296875,532.3573320967027,527.6292352085552,530.2960824274743,42446900,524.1319946289062,519.3843994140625,526.9517547607422,-6.89666748046875,0.013578708372968585,53.1522958681234,1
2024-08-15,540.2796630859375,540.562935056648,536.1865589989441,536.7922160560852,60846800,528.5122802734375,520.3671203613281,526.97177734375,9.82720947265625,0.014071730441096513,54.903936484537596,1
2024-08-16,541.4910278320312,542.1846298407453,538.5115740387317,538.6678476452682,44430700,532.6776611328125,522.4585998535156,527.2316223144531,20.914794921875,0.01398666396822355,55.370611512333326,1
2024-08-19,546.6685180664062,546.6685180664062,541.0514918139045,541.901367537868,39121800,537.8238403320313,526.5839385986328,527.4738861083985,41.253387451171875,0.013960229365671121,59.628248775165375,0
2024-08-20,545.779541015625,547.8700657821756,544.4412283435015,546.2191462607274,33732300,541.07880859375,530.1544158935546,527.7141967773438,35.70477294921869,0.013960692416197214,54.721748813028746,1
2024-08-21,547.6551513671875,549.1106842316043,541.9013486274712,546.8248322343893,41514600,544.3747802734375,534.2533874511719,528.6612762451172,40.989715576171875,0.01285412878612091,61.33636441885288,0
2024-08-22,543.3568115234375,550.155875826028,542.1454973391976,549.5502187339081,56121500,544.9902099609375,536.7512451171875,529.5311767578125,24.97857666015625,0.01294352041964554,66.20330615395432,1
2024-08-23,549.1301879882812,550.0680084955276,544.4020915801096,546.5903394303513,50639400,546.5180419921875,539.5978515625,530.3952209472657,28.466064453125,0.012921980068830954,85.88592801545204,0
2024-08-26,547.8211669921875,550.8690092024209,546.1214157161334,550.1559102385648,35788600,546.7485717773437,542.2862060546875,531.1781860351563,26.883544921875,0.012952242994606136,82.7900291190274,1
2024-08-27,548.5733642578125,549.0618012606642,545.4083020191189,546.5512279111676,32693900,547.3073364257813,544.1930725097657,532.1335693359375,19.06866455078125,0.012859312208250269,88.16709218486223,0
2024-08-28,545.388916015625,548.6614807323351,542.20429622134,548.2316536504621,41066000,546.8540893554688,545.6144348144531,532.4994171142578,14.213623046875,0.012500069927431048,79.12375306510057,1
2024-08-29,545.4376220703125,550.644377643334,544.2946960843145,547.352316743397,38715200,547.2702514648438,546.1302307128906,533.2486755371094,5.157958984375,0.012001611716708377,78.06554751773245,1
2024-08-30,550.644287109375,551.1522806301471,544.255553101835,547.8016102208953,62700100,547.5730712890625,547.045556640625,534.7520782470704,9.15325927734375,0.011143008909044376,80.2707684959213,0
2024-09-03,539.3126220703125,547.8407131286382,536.8020487007664,547.508549729637,60600100,545.8713623046875,546.3099670410156,536.4469528198242,-7.35589599609375,0.009951879876329554,59.46111119615557,0
2024-09-04,538.2088623046875,541.6083655035815,536.7533292597282,537.4762066412244,47224900,543.7984619140625,545.5528991699218,537.8536575317382,-7.5706787109375,0.009917855776185779,56.85987842017663,0
2024-09-05,536.899658203125,540.9927622926045,534.4476951362813,538.1500854338868,44264300,542.1006103515625,544.4773498535156,539.3653686523437,-10.7554931640625,0.009749489349681815,46.11232951338479,0
2024-09-06,527.8637084960938,538.8437645502386,526.9650009606123,537.2221796738046,68493800,538.5858276367187,542.9280395507812,539.8396423339843,-15.49310302734375,0.00948824259665571,36.71682388889418,1
2024-09-09,533.773681640625,535.043665505135,530.1299607989381,532.0544335310877,40445800,535.2117065429687,541.3923889160156,540.4951202392579,-15.35650634765625,0.009736578877004923,37.6077660791272,1
2024-09-10,536.0988159179688,536.4505359735887,530.8139522851516,535.6787671314214,36394600,534.5689453125,540.2201538085938,541.2531799316406,-11.72235107421875,0.009758414639829243,40.946509809293865,1
2024-09-11,541.5985107421875,542.5167747623394,527.4729497044474,536.0108196239122,75248600,535.246875,539.5226684570313,541.8578704833984,-6.974853515625,0.009348520877091128,44.69535950870921,1
2024-09-12,546.1605224609375,546.4633510224045,539.9573366553728,542.1748597619055,51819600,537.0990478515625,539.5998291015625,542.6071319580078,0.7716064453125,0.009480641213426356,52.44430916977774,1
2024-09-13,549.0130004882812,550.0094311099382,546.5122052774053,546.7662020730168,39310500,541.32890625,539.9573669433594,543.043798828125,3.57537841796875,0.008791030227751418,49.892352062579334,1
2024-09-16,549.82373046875,550.0874458768798,546.9517188263792,548.7491334077678,36656100,544.538916015625,539.8753112792969,543.4604339599609,-0.820556640625,0.008786265113905343,51.85654208991979,1
2024-09-17,550.0484619140625,553.477299266029,547.8211605278194,552.0314851715059,49321000,547.3288452148438,540.9488952636718,543.6294311523437,10.73583984375,0.00854087068215881,51.381044354792635,0
2024-09-18,548.4171752929688,555.5385664291312,547.8603498689396,550.7030274298603,59044900,548.692578125,541.9697265625,543.7613128662109,10.20831298828125,0.008562351276142249,52.92009939461569,1
2024-09-19,557.7755737304688,559.6316584337985,554.9426745171918,557.8049085738365,75315500,551.0155883789063,544.0573181152344,544.267333984375,20.87591552734375,0.009334531290881553,60.08634101507575,0
2024-09-20,556.8113403320312,557.8500005367814,553.7933228326182,556.4096197933483,77503100,552.5752563476562,546.9520812988281,544.9400604248046,28.9476318359375,0.009128704675160398,55.4173703709661,1
2024-09-23,558.2027587890625,558.8495067502496,556.6643550711399,557.8794446150124,44116900,554.2510620117188,549.3949890136719,545.3936889648437,24.4290771484375,0.008867178767087472,70.10487148306362,1
2024-09-24,559.7999267578125,559.8587165873663,556.1743944512203,558.9964258828836,46805700,556.2013549804688,551.7651000976563,545.992626953125,23.70111083984375,0.008843813346963098,72.74064398010769,0
2024-09-25,558.5653076171875,560.378103761662,557.4580492681129,559.6432009533316,38428600,558.2309814453125,553.4617797851563,546.4922241210937,16.966796875,0.00887455747289096,72.855108258667,1
2024-09-26,560.7798461914062,563.1413674659622,558.428192996937,562.8179934718497,48336000,558.8318359375,554.9237121582031,547.2617706298828,14.61932373046875,0.008751753460808073,90.56067653022545,0
2024-09-27,559.9664916992188,562.6611352170194,558.9376397719122,561.8478858705382,42100900,559.4628662109375,556.0190612792969,547.9882141113281,10.9534912109375,0.00877090893128794,86.9122881261171,1
2024-09-30,562.21044921875,562.8179640810873,556.6447925339722,558.9376557740085,63557400,560.264404296875,557.2577331542968,548.5665222167969,12.38671875,0.00858402821821165,86.88227514824017,0
2024-10-01,557.173828125,562.5043247858904,554.6065728022052,561.8576367225866,72668800,559.7391845703125,557.9702697753906,549.4595825195313,7.1253662109375,0.007345080500333462,72.29150360597082,1
2024-10-02,557.4089965820312,558.4280999557304,553.8912957466886,556.2821816369686,38097800,559.5079223632813,558.8694519042969,550.4195892333985,8.9918212890625,0.007300188512170426,68.37463334483233,0
2024-10-03,556.3900146484375,558.3301388916863,554.106899883147,555.9392527365582,40846500,558.6299560546875,558.7308959960938,551.3941070556641,-1.38555908203125,0.00728306429904196,62.81835092787617,1
2024-10-04,561.446044921875,561.818400406846,556.6642732473864,560.8287218708198,42939100,558.9258666992188,559.1943664550781,553.0732238769531,4.63470458984375,0.00598138032509464,67.59863070416704,0
2024-10-07,556.370361328125,560.446655391967,555.2239297880301,559.7999074826037,49964700,557.7578491210937,559.0111267089844,554.2030578613281,-1.8323974609375,0.006246488425332152,58.34652191991439,1
2024-10-08,561.6322631835938,562.230029540932,558.0655806170524,558.9376197622599,37398700,558.6495361328125,559.1943603515625,555.4797302246094,1.83233642578125,0.0064447460522037295,65.92099651455212,1
2024-10-09,565.5223999023438,566.0809331902332,561.0247685875196,561.6224751598685,37912200,560.272216796875,559.8900695800781,556.6759246826172,6.95709228515625,0.006270202322786012,60.74938429277514,0
2024-10-10,564.53271484375,565.9535388259317,562.9257131010544,564.1799758679994,44138100,561.9007568359375,560.2653564453125,557.5945343017578,3.75286865234375,0.006148728915729817,60.70650564070447,1
2024-10-11,567.9132690429688,568.6481717987969,564.3171018304082,564.4542980317323,42268000,563.1942016601563,561.0600341796875,558.5395477294921,7.94677734375,0.006174312871549573,62.76073373597376,1
2024-10-14,572.557861328125,573.4887501402064,569.0401003876937,569.5202272995722,36217200,566.4317016601562,562.094775390625,559.6762542724609,10.347412109375,0.006340496048177375,65.52217835957666,0
2024-10-15,568.1093139648438,573.1262458468478,566.8942243784207,572.8224884018784,54203600,567.7271118164062,563.1883239746094,560.579296875,10.93548583984375,0.00670495353872748,60.76964506846692,1
2024-10-16,570.5784912109375,571.0978512020905,567.305757742965,568.1092586044506,30725400,568.738330078125,564.5052734375,561.6873626708984,13.16949462890625,0.006639750642614995,60.99380532306686,1
2024-10-17,570.62744140625,574.3215715502484,570.4412636582532,574.1157772582931,34393700,569.957275390625,565.9290161132812,562.3299560546875,14.2374267578125,0.005619870406746784,62.17003730391754,1
2024-10-18,572.822509765625,573.6063941876963,570.852960533333,572.3129579783322,37416800,570.9391235351562,567.0666625976562,563.1305145263672,11.37646484375,0.005607585925372436,62.12776464876719,0
2024-10-21,571.8817138671875,573.0771269383695,568.9126781204517,572.0972566282711,36439000,570.8038940429688,568.6177978515625,563.8144622802735,15.5113525390625,0.005642522673753049,68.5446782574433,0
2024-10-22,571.5780029296875,572.7342428128154,568.697181591541,569.3536780068462,34183800,571.4976318359375,569.6123718261719,564.4033660888672,9.94573974609375,0.0056417773727109825,67.83439735109513,0
2024-10-23,566.355224609375,570.0003732214365,562.8570804647936,569.5594196255329,49314600,570.652978515625,569.695654296875,564.7928619384766,0.83282470703125,0.006050840297787475,61.342763057342545,1
2024-10-24,567.5801391601562,568.3836400907534,564.9639018539431,568.3052337104026,34979900,570.0435180664062,570.0003967285156,565.1328765869141,3.04742431640625,0.006013128074435886,57.649164841287124,0
2024-10-25,567.3840942382812,572.6950344865168,566.443456997856,569.8044050522926,47268200,568.9558349609375,569.9474792480469,565.5037567138672,-0.5291748046875,0.00599816106123386,65.63701812673636,1
2024-10-28,569.1380615234375,570.9802224021391,568.834304134212,570.8528344834444,30174700,568.4071044921875,569.6054992675781,565.8501373291016,-3.4197998046875,0.005974831934756468,61.83546703777918,1
2024-10-29,570.0592041015625,571.1762108700161,566.7864107519835,568.1778099310847,42899700,568.1033447265625,569.80048828125,566.4944061279297,1.94989013671875,0.005533279563228638,57.8928590390231,0
2024-10-30,568.3346557617188,571.5780244818477,567.6291179550885,569.5888588084969,41435800,568.4992309570313,569.5761047363281,567.0406890869141,-2.24383544921875,0.005610574276035785,56.449478686725406,0
2024-10-31,557.1934204101562,564.0427037299961,556.9974344033881,563.9741056373006,60182500,566.4218872070312,568.2327026367187,567.080859375,-13.43402099609375,0.007248572000138972,35.605327948123644,1
2024-11-01,559.5452270507812,563.9644525610958,559.1336981878939,559.8196194970722,45667500,564.8541137695313,566.9049743652344,566.9858184814453,-13.27728271484375,0.007008619487114165,31.38003252396065,0
2024-11-04,558.3399658203125,560.9758196621659,556.4586313456186,559.6823835212687,38217000,562.6944946289062,565.5507995605469,567.0842987060547,-13.541748046875,0.006711524173295703,34.59064276816022,1
2024-11-05,565.0911865234375,565.1303598031815,559.0355955403569,559.2511382887498,39478300,561.7008911132813,564.9021179199219,567.2572448730468,-6.48681640625,0.006925227705588829,42.374813407517976,1
2024-11-06,579.1426391601562,580.014738259286,573.6064067155438,577.3397109306703,68182000,563.8624877929688,566.180859375,567.9382568359375,12.78741455078125,0.00874679246556145,58.51793239284585,1
2024-11-07,583.6206665039062,584.6397701216673,581.063218798349,581.1416251858423,47233200,569.1479370117188,567.784912109375,568.8926544189453,16.04052734375,0.008833495243490998,60.329821881703666,1
2024-11-08,586.1486206054688,587.569444510154,584.1692634497057,584.1692634497057,46444900,574.4686157226563,569.6613647460938,569.8044219970703,18.7645263671875,0.008798875670856063,63.24589587972958,1
2024-11-11,586.7072143554688,588.0888053142032,584.9826328704219,587.7360663213191,37586800,580.1420654296875,571.4182800292969,570.5118896484375,17.56915283203125,0.008662624447445465,63.98032308315314,0
2024-11-12,584.8847045898438,587.2265495486535,582.4056036057904,586.6288429184635,43006100,584.1007690429688,572.900830078125,571.3506591796875,14.82550048828125,0.008467439179161568,68.27052121360936,1
2024-11-13,585.1687622070312,587.1676761411395,582.9836705187753,585.3451316888757,47388600,585.3059936523438,574.5842407226562,572.0801727294922,16.8341064453125,0.008442868130611986,67.67067780563065,0
2024-11-14,581.4060668945312,585.7763103260314,580.7202054727688,585.296183408181,38904100,584.8630737304687,577.0055053710937,572.6191040039063,24.212646484375,0.008616010217519116,63.14531855093428,0
2024-11-15,573.9591674804688,578.3196033347165,572.1071978105703,577.8492248081469,75988800,582.4251831054687,578.4468994140625,572.6759368896485,14.4139404296875,0.009113950117233061,54.08378614524793,1
2024-11-18,576.310791015625,577.6237838402152,573.5573576252949,574.4195885423085,37001700,580.3458984375,580.2439819335938,572.8973907470703,17.9708251953125,0.009145233311409871,55.1701997492282,1
2024-11-19,578.4175415039062,579.1426361014928,572.2737941658764,572.9400989259979,49412000,579.0524658203125,581.5766174316407,573.2393676757813,13.32635498046875,0.009170068444014245,58.28638328096597,1
2024-11-20,578.613525390625,578.897666302881,572.8616903884546,578.4959457161364,50032600,577.7414184570313,581.5237060546875,573.8522827148438,-0.52911376953125,0.008878755059970135,71.46525223339617,1
2024-11-21,581.7196044921875,583.1404284379229,575.6248397212988,581.4550801704302,46750300,577.8041259765625,581.3335998535156,574.5592559814453,-1.90106201171875,0.008927580518398606,71.89019503877276,1
2024-11-22,583.5225830078125,584.1497143652956,581.2101034094488,581.7097870344509,38226400,579.7168090820312,581.07099609375,575.3661804199219,-2.62603759765625,0.008928027482296848,74.56992858742205,1
2024-11-25,585.5020751953125,588.7650010479646,583.218960080664,587.4520080099294,42441400,581.5550659179687,580.9504821777343,576.1843811035156,-1.20513916015625,0.00893120870717478,71.95895189165905,1
2024-11-26,588.5591430664062,589.2254477201681,586.0310608458545,586.7463470552605,45621300,583.5833862304687,581.3179260253906,577.1093780517579,3.6744384765625,0.008970900527629501,63.26989107473388,0
2024-11-27,586.7758178710938,588.755115442667,585.2570306878304,588.3730114334577,34000200,585.2158447265625,581.4786315917969,578.0314361572266,1.6070556640625,0.008971031194139108,54.81173417528287,1
2024-11-29,590.4209594726562,591.204843913549,587.3147867247623,587.5891193661275,30177400,586.9561157226562,582.3801208496094,579.6928131103516,9.014892578125,0.00748899938670712,56.30079032170955,1
2024-12-02,591.4791259765625,592.1552388895445,590.3424429138348,590.8323780737772,31746000,588.5474243164062,584.1321166992187,581.2895080566407,17.51995849609375,0.007486602655619707,56.93535939537483,1
2024-12-03,591.7534790039062,591.9984465923378,590.2151351783115,591.2439870884159,26906600,589.797705078125,585.6763854980469,582.9601837158203,15.44268798828125,0.007417900630801968,60.45328726151332,1
2024-12-04,595.427978515625,595.6729460981672,592.7725681970518,593.438872844782,42787600,591.1714721679688,587.3774291992188,584.4770233154297,17.01043701171875,0.007147484582985519,64.15257334058558,0
2024-12-05,594.4481811523438,596.2315525489399,594.0954421437544,595.4280516027892,28762200,592.7059448242187,588.9608947753907,585.242300415039,15.83465576171875,0.004920400857844224,69.4878557722474,1
2024-12-06,595.5750122070312,596.8096584526629,594.800936138575,595.212464951605,31241500,593.7367553710938,590.346435546875,585.8400177001953,13.85540771484375,0.0046874369330492235,89.81978700055768,0
2024-12-09,592.508056640625,595.6240374954255,591.9201582931329,595.457476264727,34742700,593.9425415039062,591.2449829101563,586.1579895019531,8.9854736328125,0.004813156867824025,79.07172404122555,0
2024-12-10,590.6658935546875,593.605504896008,590.0093971009587,593.1841677805376,37234500,593.7250244140625,591.7613647460937,586.355923461914,5.163818359375,0.004880523225557477,72.194805798076,1
2024-12-11,595.2321166992188,596.1825623151827,593.3115491139272,593.5859415432025,28677700,593.6858520507812,592.428662109375,586.8732940673829,6.6729736328125,0.005074588205502707,75.99654752970785,0
2024-12-12,592.1651000976562,594.9380902901107,592.1651000976562,594.3698085144841,31543800,593.2292358398438,592.9675903320312,587.223110961914,5.3892822265625,0.00525172705031635,66.3599359899664,0
2024-12-13,592.0474243164062,594.9086286959063,590.6755820460321,594.1933425526647,35904700,592.5237182617187,593.1302368164063,587.7551788330078,1.62646484375,0.004990580106927182,64.09590841106026,1
2024-12-16,594.5756225585938,595.5457446292651,593.027470168396,593.8015463634949,43695200,592.9372314453125,593.4398864746094,588.786001586914,3.09649658203125,0.003848525265956723,64.73580600331866,0
2024-12-17,592.1258544921875,592.9881452170704,590.7540718346318,592.0278913761272,55773500,593.2292236328125,593.4771240234375,589.5767547607422,0.37237548828125,0.004022074198544118,55.909042188520665,0
2024-12-18,574.478515625,594.2032541174319,574.0963517696575,591.822175937033,108248700,589.0785034179687,591.382177734375,589.3798034667968,-20.949462890625,0.00800467618328606,36.6461776250121,0
2024-12-19,574.3020629882812,581.0631932062172,574.0570953688857,579.456191269411,85919500,585.5058959960937,589.3675659179687,589.1642303466797,-20.1461181640625,0.008003220329997103,31.070193647535106,1
2024-12-20,581.199951171875,585.7225012446567,571.132257605004,571.9778279294948,125716700,583.3364013671875,587.9300598144531,589.1382476806641,-14.37506103515625,0.008381606820170794,39.384343081612734,1
2024-12-23,584.6803588867188,585.2800771480029,577.7686569320756,580.9443313472664,57635800,581.3573486328125,587.1472900390625,589.1961364746094,-7.82769775390625,0.00846253261629382,43.14901828173883,1
2024-12-24,591.1790161132812,591.2183812455869,585.4471288073329,586.0272244384283,33160100,581.1679809570312,587.1986022949219,589.4799835205079,0.51312255859375,0.008788938101461701,46.097958259391746,1
2024-12-26,591.218505859375,592.3392722176656,588.0133673077331,589.4094496188982,41219100,584.5159790039063,586.7972412109375,589.6129516601562,-4.01361083984375,0.008719110184280053,46.981897660008194,0
2024-12-27,584.9949951171875,587.7183905820746,580.8165297326684,587.4823797773107,64969300,586.6545654296875,586.0802307128906,589.5239105224609,-7.17010498046875,0.009023887414048712,40.97295056612066,0
2024-12-30,578.3192749023438,581.7800467977985,574.5734057798932,577.9948725430215,56578800,586.0784301757812,584.7074157714844,588.9188262939454,-13.7281494140625,0.009231824253162114,38.59615386502129,0
2024-12-31,576.21533203125,580.698577374324,574.5832389413312,579.9808236627084,57052700,584.3854248046875,582.87138671875,588.1556365966796,-18.36029052734375,0.009225415916020111,38.4344230742927,0
2025-01-02,574.7994384765625,581.1801901339398,570.7291079559299,579.4694871635404,50204000,581.1095092773437,581.1387451171875,587.3079345703125,-17.326416015625,0.009219716114400615,32.77814988924111,1
2025-01-03,581.9864501953125,582.6254735449975,576.5593423217554,577.6408633877121,37888500,579.2630981445312,581.8895385742187,586.6358581542969,7.5079345703125,0.009593388425889172,41.97798222684868,1
2025-01-06,585.3390502929688,589.6060270134918,583.608664526265,586.2337670283534,47679400,579.3319091796875,582.9932373046875,586.1804016113281,11.0369873046875,0.00971328843905881,44.96949014768855,0
2025-01-07,578.722412109375,587.6889029930588,576.9035745975999,587.3644406233403,60393100,579.4125366210938,582.7454833984375,585.3377716064454,-2.4775390625,0.00997075594800975,38.79874316360177,1
2025-01-08,579.56787109375,580.6395509433228,575.350100693004,578.7911897402016,47304700,580.0830444335937,582.2342346191406,584.6907623291015,-5.11248779296875,0.009948993713185193,40.92119731646919,0
2025-01-10,570.7193603515625,576.0874809051687,568.8120114375996,576.0186519228087,73105000,579.2670288085938,580.1882690429687,583.6934356689453,-20.45965576171875,0.01044036504601916,46.886166875974496,1
2025-01-13,571.604248046875,571.9581742427216,565.6658729466735,566.0788468496604,47910100,577.1905883789062,578.2268432617187,582.5120422363282,-19.6142578125,0.010237154127830194,47.7912332934565,1
2025-01-14,572.3906860351562,575.1533862250869,568.6152938144415,574.5241441869972,48420600,574.6009155273438,576.9664123535156,581.5233215332031,-12.60430908203125,0.010234515589992086,41.98562720236859,1
2025-01-15,582.8024291992188,583.9428778193259,579.2826705140105,580.3936552944716,56900200,575.4169189453125,577.4147277832031,581.0610717773437,4.483154296875,0.011155939061668351,48.482861183376166,0
2025-01-16,581.6817016601562,584.34604932179,580.9836305712422,584.1690862304802,43319700,575.8396850585938,577.9613647460938,580.4163757324219,5.46636962890625,0.01109571421876833,41.597166870791945,1
2025-01-17,587.521728515625,589.2717368825727,585.5848557638515,586.9121689712896,58070600,579.2001586914063,579.23359375,580.1861694335937,12.7222900390625,0.011337742316960329,47.03370821734523,1
2025-01-21,592.8995971679688,592.9094384516549,588.5933154613438,590.5596519481012,42532900,583.459228515625,580.3249084472657,581.1072235107422,10.91314697265625,0.009141077823536422,56.42990696893901,1
2025-01-22,596.2325439453125,597.5893209036658,595.170705454465,595.7212772630847,48196000,588.2276000976562,581.4142578125,582.2037475585937,10.89349365234375,0.009171404130968619,65.40934459711335,1
2025-01-23,599.4868774414062,599.4868774414062,595.3280946897063,595.6033506126263,41152100,591.5644897460937,583.4907043457031,583.1180938720703,20.76446533203125,0.008904948960657784,69.63012388239667,0
2025-01-24,597.73681640625,600.4995770008244,596.5865262707722,599.54587252364,34604700,594.7755126953125,585.3075988769531,583.7709167480468,18.1689453125,0.008896026556188827,69.2397797341492,0
2025-01-27,589.2816162109375,589.5962372876534,584.6312490621345,584.7983708814467,70361100,595.127490234375,587.1638244628906,583.6760467529297,18.562255859375,0.009193847121166608,55.991682507599634,1
2025-01-28,594.3449096679688,595.1805787054238,587.1972570477369,590.5105293609671,44433300,595.416552734375,589.437890625,583.8323669433594,22.74066162109375,0.009398361225100422,57.19454207153194,0
2025-01-29,591.6805419921875,593.9614997638901,589.1341095636221,593.5583671362218,37177400,594.50615234375,591.3668762207031,584.1666442871094,19.28985595703125,0.009124923218855262,61.049662221944644,1
2025-01-30,594.8561401367188,596.3898803192325,590.6088457833347,593.7943615542468,39281300,593.5800048828125,592.5722473144531,584.9934875488282,12.0537109375,0.008724213335576653,62.538355957299615,0
2025-01-31,591.6903076171875,599.6933113603776,590.9332488823969,597.2746959271392,66566900,592.370703125,593.5731079101563,585.767236328125,10.00860595703125,0.008783794025422285,68.96679260114688,0
2025-02-03,587.7084350585938,590.1859779526204,580.5509422345103,582.694241567132,65857200,592.0560668945312,593.5917785644531,586.4126861572265,0.18670654296875,0.008932279679364394,63.79248157088895,1
2025-02-04,591.6510009765625,592.1622076462813,587.2267439810199,587.7674745011321,33457800,591.51728515625,593.4669189453125,586.8959136962891,-1.24859619140625,0.008633561606868474,65.64952048823017,1
2025-02-05,594.0499877929688,594.1974870575806,588.5049635673978,590.5302880913656,30653100,591.9911743164063,593.2486633300781,587.3314605712891,-2.18255615234375,0.008590911843754996,60.50708606824703,1
2025-02-06,596.1146850585938,596.2425017541303,592.4867911796968,595.7902226770135,35771500,592.2428833007813,592.9114440917969,588.20107421875,-3.3721923828125,0.00812006361336465,63.24913323427439,0
2025-02-07,590.6580810546875,597.8941858585465,589.9501686239648,596.6750666805723,50788500,592.0364379882812,592.2035705566407,588.7555847167969,-7.0787353515625,0.008463271652269075,52.89950751368896,1
2025-02-10,594.6693115234375,595.3083949100401,592.5948408497425,593.8631663388722,26048700,593.42861328125,592.7423400878906,589.9530822753907,5.3876953125,0.007630534915089033,51.67848562910648,1
2025-02-11,595.12158203125,595.662312577201,592.2900526181724,592.4080280097315,30056700,594.1227294921875,592.8200073242188,591.1289489746093,0.77667236328125,0.007635490849393113,48.885402582642605,0
2025-02-12,593.2044067382812,594.3743794070193,588.4360645213627,589.1144530437037,45076100,593.95361328125,592.9723937988281,592.1696350097657,1.52386474609375,0.00772538836982217,43.523193476126956,1
2025-02-13,599.4672241210938,599.6737110792319,593.047165943141,594.3055902381474,40921300,594.62412109375,593.4335021972656,593.0028747558594,4.611083984375,0.007031302353246579,51.63207480913746,0
2025-02-14,599.4376220703125,600.7058873577524,598.8182213465388,599.6735728207366,26910400,596.380029296875,594.2082336425781,593.8906707763672,7.747314453125,0.00699661543207942,61.388998401121405,1
2025-02-18,601.1975708007812,601.1975708007812,598.1399318067746,600.5978525430173,26749000,597.6856811523437,595.5571472167969,594.574462890625,13.4891357421875,0.006716454011268617,58.299501766732206,1
2025-02-19,602.6134033203125,602.9083418402669,599.3001305958442,599.81139736899,31011100,599.1840454101563,596.6533874511719,595.0601531982422,10.96240234375,0.0064583589929664495,63.654117639884504,0
2025-02-20,600.1063232421875,601.3844301402796,596.8028918726411,601.2467721645895,36554000,600.5644287109375,597.2590209960938,595.2538421630859,6.05633544921875,0.00644699988331564,56.66833596648583,0
2025-02-21,589.842041015625,600.0276510429451,589.3799206723878,599.8899930676969,76519800,598.6393920898438,596.6317565917968,594.7716003417969,-6.27264404296875,0.0074074095228049384,48.011118087646885,0
2025-02-24,587.157958984375,592.8800056614799,586.4500466079941,591.8869960824046,50737200,596.1834594726563,596.2817443847656,594.2426574707031,-3.5001220703125,0.007441056855710715,49.39062375425496,0
2025-02-25,584.2379760742188,587.8265647106925,579.6367551973434,587.0990297013516,58266500,592.7915405273437,595.2386108398438,593.9904754638671,-10.43133544921875,0.006837737077998312,41.60369988869917,1
2025-02-26,584.5327758789062,589.4879818072211,581.8978924126887,585.899394022331,43321600,589.1754150390625,594.1797302246093,593.499868774414,-10.58880615234375,0.006508715140832334,38.68087515788557,0
2025-02-27,575.2025146484375,587.9542367689231,574.8092833927938,586.8038868268065,74196700,584.1946533203125,592.379541015625,592.6759674072266,-18.00189208984375,0.007306682019814607,28.79346990514081,1
2025-02-28,584.1788940429688,584.70978328648,572.636508577737,575.7039886670112,88744100,583.0620239257812,590.8507080078125,592.1421051025391,-15.288330078125,0.008118298623261888,43.867396420784814,0
2025-03-03,573.9441528320312,587.2857532860544,570.1392964764723,586.1452445030724,74249200,580.4192626953125,588.3013610839844,591.2547973632812,-25.49346923828125,0.00889143112044397,32.45095678077611,0
2025-03-04,567.1505126953125,575.5369680083471,562.6181207422406,569.9525786591505,109648200,577.0017700195312,584.8966552734375,590.2269012451172,-34.04705810546875,0.00912040716807478,28.612324522102753,1
2025-03-05,573.2461547851562,575.0355284425119,563.4341535288585,566.9833769883293,71230500,574.7444458007812,581.9599304199219,589.3066589355469,-29.36724853515625,0.009358932310788808,35.65580530259163,0
2025-03-06,563.0703735351562,570.4047711019521,560.523941077153,565.7937090893346,80094900,572.318017578125,578.2563354492188,587.7576782226563,-37.03594970703125,0.009926185312119995,25.234191356640338,1
2025-03-07,566.2262573242188,567.6715458955733,556.1094773560538,561.2907933786839,81158800,568.727490234375,575.8947570800781,586.2632568359375,-23.61578369140625,0.010006179968692814,28.32392277901225,0
2025-03-10,551.1445922851562,559.953743284554,546.2385912694426,558.0366127932136,99326600,564.167578125,572.2934204101563,584.2875823974609,-36.01336669921875,0.01129644302252059,22.171161669428955,0
2025-03-11,546.5628051757812,554.5265029627828,542.7284855075093,549.984271043128,88102100,560.0500366210938,568.5259033203125,581.8822570800781,-37.6751708984375,0.011082480866812476,19.896347240024,1
2025-03-12,549.4633178710938,553.6319422779778,544.3705127696392,552.7077615834074,69588200,555.2934692382812,565.0189575195312,579.5993438720703,-35.0694580078125,0.01123409596303303,22.915120213666754,0
2025-03-13,542.138671875,549.6992388466521,540.4279685563406,549.0896792735167,74079400,551.10712890625,561.7125732421875,577.0460571289062,-33.0638427734375,0.011426641301922986,23.659043602989556,1
2025-03-14,553.3369750976562,554.3398260143258,542.2075022062043,546.7497351697265,62660300,548.5292724609375,558.6283813476563,574.7395446777343,-30.8419189453125,0.012312450267900007,32.92973479189065,1
2025-03-17,557.6038208007812,560.1207287765629,552.8845658393484,553.3171622105525,49008700,549.8211181640625,556.9943481445313,572.6478546142578,-16.34033203125,0.012560749890120284,36.737416815185654,0
2025-03-18,551.5770263671875,555.5096990502625,549.6499951496645,555.2933708486255,66041400,550.8239624023438,555.4369995117188,570.1668273925782,-15.573486328125,0.012564038657382188,34.4757611217651,1
2025-03-19,557.5841674804688,561.3398770802173,552.1767425607164,553.3565563629542,66556000,552.4481323242187,553.87080078125,567.9153656005859,-15.6619873046875,0.012938632376754921,41.43241210519536,0
2025-03-20,555.9718627929688,560.966374832501,553.1304918485869,553.848245552193,62958200,555.2147705078125,553.1609497070312,565.708642578125,-7.0985107421875,0.012939861722225306,35.225065315554374,1
2025-03-21,556.1552124023438,557.0526205906217,550.2878120115934,551.5204692681951,83763000,555.77841796875,552.1538452148437,564.024301147461,-10.071044921875,0.012573707333723153,39.585453495551945,1
2025-03-24,566.1151733398438,567.1703352751009,562.2890000340255,562.880651498493,58766800,557.4806884765625,553.6509033203125,562.9721618652344,14.9705810546875,0.013391188827773076,49.41552888382314,1
2025-03-25,567.4760131835938,568.4127846067184,565.73055113845,567.3181993393742,38355700,560.6604858398438,555.7422241210937,562.1340637207031,20.9132080078125,0.01339897877479297,46.5586655464681,0
2025-03-26,560.7013549804688,568.3339598573967,559.3207546377017,567.2097618801449,51848300,561.2839233398438,556.8660278320312,560.9424926757813,11.238037109375,0.013594848091970882,48.52736519248893,0
2025-03-27,559.2122802734375,562.9792883535321,557.101956447335,559.3108687859911,42164200,561.9320068359375,558.573388671875,560.1429809570312,17.0736083984375,0.013194862467385396,45.547692310076535,0
2025-03-28,547.95068359375,558.4135249923543,547.3689030262066,557.6838014665011,71662700,560.2911010742188,558.0347595214844,558.3315704345703,-5.38629150390625,0.013201557305827703,47.86924495803965,1
2025-03-31,551.6289672851562,552.93066066187,539.2826520783074,542.201606334121,95328200,557.3938598632812,557.4372741699219,557.2158111572265,-5.974853515625,0.012918709282180106,53.421033976236906,1
2025-04-01,553.1870727539062,555.1297722698289,545.998235889195,549.7159501655996,54609600,554.5360717773438,557.5982788085937,556.5176391601562,1.61004638671875,0.012739995467108977,52.560974790706105,1
2025-04-02,556.6878051757812,559.5475341360295,547.1125011420022,547.3491617248258,76014500,553.7333618164063,557.508642578125,555.6897216796875,-0.8963623046875,0.012559480132740858,60.56152563985549,0
2025-04-03,529.2537841796875,540.3673821784607,529.2537841796875,537.5470765410741,125986000,547.7416625976563,554.8368347167968,553.998892211914,-26.71807861328125,0.016178692804175502,35.852343092843824,0
2025-04-04,498.2696838378906,518.5740121118964,498.0527349403516,516.404523136506,217965100,537.8054626464843,549.0482818603516,550.6010635375976,-57.885528564453125,0.020239202373157412,23.471507666714786,0
2025-04-07,497.3822021484375,515.9114867336431,475.1154617622772,482.4029468413161,256611400,526.9561096191406,542.1749847412109,547.9129440307618,-68.73297119140625,0.019671753315473002,24.602124899029533,0
2025-04-08,489.5918273925781,517.6963871548359,482.3733781436919,514.6196789750944,165816600,514.237060546875,534.3865661621094,545.0643951416016,-77.88418579101562,0.01980645623331973,18.65986965836312,1
2025-04-09,541.0084228515625,541.0084228515625,486.2093956781114,486.593999250198,241867300,511.10118408203124,532.4172729492187,544.641650390625,-19.69293212890625,0.03163435537352684,45.27308631730271,0
2025-04-10,517.3019409179688,526.0981670837639,502.25365007002944,524.7866027854379,162331200,508.7108154296875,528.2262390136718,543.3998138427735,-41.91033935546875,0.03299984360896617,39.31441737512544,1
2025-04-11,526.531982421875,528.9874258955272,512.8544231608307,515.7536352571723,97866300,514.3632751464844,526.0843688964844,542.0595642089844,-21.418701171875,0.03290478539857692,39.06978821514887,1
2025-04-14,531.6401977539062,536.7286411738348,526.453165817952,536.5017912856171,68034000,521.2148742675781,524.0854919433593,540.7613830566406,-19.98876953125,0.032938624849939105,40.30519928918819,0
2025-04-15,530.151123046875,535.6931457102869,529.3622343758641,532.1825399641931,56892900,529.3267333984375,521.7818969726562,539.690087890625,-23.03594970703125,0.03287296006453859,41.491806187888585,0
2025-04-16,518.3668823242188,530.4272422697393,513.0713913810127,524.3033791384568,83484800,524.7984252929688,517.9498046875,537.7292236328125,-38.3209228515625,0.03305081291840348,39.24154803412296,1
2025-04-17,519.1065063476562,523.800475242003,516.6411916080497,520.3194821276195,79868100,525.1593383789062,516.9350769042969,535.8859558105469,-10.14727783203125,0.03306657825629342,41.95677881060886,0
2025-04-21,506.7503662109375,514.4618777265953,501.4055507612705,513.9293312369678,69368100,521.2030151367187,517.7831451416016,533.4157135009766,8.480682373046875,0.033380661117255725,38.0632640140262,1
2025-04-22,519.9348754882812,521.9564215250564,511.9867032226325,512.9235348557764,75948100,518.8619506835937,520.0384124755859,531.1066986083985,22.55267333984375,0.03370999095256486,41.670776718829934,1
2025-04-23,527.991455078125,537.8625838932508,526.4728430251603,532.9319549297188,90590700,518.4300170898438,523.8783752441407,529.132470703125,38.399627685546875,0.03396130196791942,42.97235043705981,1
2025-04-24,539.1051635742188,539.8348871004667,528.0211182344198,529.2734571828396,64150400,522.5776733398437,523.6880493164062,528.0526611328125,-1.90325927734375,0.034306907363080695,52.622179376207065,1
2025-04-25,543.0003662109375,543.4046513367819,536.1467793425768,539.0657336001437,61119600,527.3564453125,526.2578918457032,527.2420654296875,25.69842529296875,0.03435920323093129,63.912404724086876,1
2025-04-28,543.2073974609375,545.8699492792146,537.4583271221219,543.7399439376,47613800,534.6478515625,527.9254333496094,527.0049011230469,16.6754150390625,0.03406021442887613,64.3134118651855,1
2025-04-29,546.6292724609375,547.7435994540236,540.9393072120234,541.294298062473,47775100,539.9867309570312,529.4243408203125,526.754916381836,14.98907470703125,0.034056118611844134,68.3153600064912,1
2025-04-30,546.84619140625,548.7987614609631,534.0068741379372,539.9729233205555,93101500,543.7576782226563,531.09384765625,526.4378723144531,16.695068359375,0.03405016482757646,52.79293295629351,1
2025-05-01,550.7217407226562,556.2440822591161,550.1202183270924,552.5954041380958,63186100,546.0809936523438,534.3293334960938,526.1395690917968,32.3548583984375,0.034058052033933334,69.73329508366874,1
2025-05-02,558.896728515625,560.4942476694231,554.5774922291787,556.8948640346016,60717300,549.2602661132812,538.3083557128906,527.6217163085937,39.79022216796875,0.03213873190094257,69.35142946813713,0
2025-05-05,555.69189453125,558.7883447426168,553.9070088060607,554.7649336459477,38659200,551.7571655273438,543.2025085449219,530.4928268432617,48.9415283203125,0.028793695982587693,64.71586856423718,0
2025-05-06,551.047119140625,555.533979770925,549.2326812616892,550.1891944565425,48264700,552.6407348632813,546.3137329101562,533.1760726928711,31.11224365234375,0.028922691298296766,62.30972351662007,1
2025-05-07,553.3646240234375,555.9975635671368,548.325474465382,552.3784980322621,55588000,553.9444213867188,548.8510498046875,536.364712524414,25.3731689453125,0.02849491116208077,73.20520758718095,1
2025-05-08,557.2202758789062,562.3974366423718,553.9069074354913,557.3977713110521,65130800,555.2441284179688,550.6625610351563,537.1753051757812,18.1151123046875,0.016611879409466537,74.26847448774171,0
2025-05-09,556.5103149414062,559.6264462916283,554.9522191721212,558.6205786168767,37603400,554.766845703125,552.0135559082031,539.1357238769531,13.50994873046875,0.012767482098146475,87.20142514649824,1
2025-05-12,574.9015502929688,574.9114211824733,569.0340889310521,573.4026196086874,78993600,558.6087768554687,555.1829711914063,541.5542022705079,31.69415283203125,0.014040791583936937,88.12586046023299,1
2025-05-13,578.6981811523438,580.907093658496,574.7536773375426,575.3157161654024,67947200,564.1389892578125,558.3898620605469,543.9071014404296,32.06890869140625,0.013997379958808339,87.38007971139041,1
2025-05-14,579.4376831054688,580.8083522191259,577.4160770724685,579.6546018902411,66283500,569.3536010742188,561.6490112304688,546.3714294433594,32.59149169921875,0.013917309332072662,85.10126550003824,1
2025-05-15,582.2678833007812,582.770756919371,576.9822030720642,577.4358426248243,71268100,574.3631225585938,564.8036254882812,549.5664794921875,31.546142578125,0.012411000940593424,84.81986579912734,1
2025-05-16,585.9559936523438,586.2518193704545,581.1042713102905,583.0469103495059,76052100,580.2522583007812,567.5095520019531,552.9089538574219,27.05926513671875,0.01236629816703876,85.7025323359905,1
2025-05-19,586.596923828125,587.2773530559552,579.9405744991373,579.9405744991373,68168500,582.5913330078125,570.6000549316407,556.9012817382812,30.905029296875,0.010267783498135508,85.0060407779239,0
2025-05-20,584.624755859375,585.8081190582527,581.4198464644389,584.8614766498325,60614500,583.7766479492187,573.9578186035156,560.135775756836,33.57763671875,0.009538576246265137,82.10167747503289,0
2025-05-21,574.7733154296875,584.3584902721909,573.7477661832594,580.2759146876367,95197700,582.8437744140625,576.0986877441406,562.4748687744141,21.40869140625,0.010521716094643247,68.55317958863516,1
2025-05-22,575.0001220703125,578.4811148637216,573.3433777523152,574.5760350084579,70860400,581.3902221679688,577.8766723632813,564.2696166992188,17.77984619140625,0.009779299789175452,64.15813616040285,0
2025-05-23,571.0752563476562,573.7378078530255,567.61394540951,567.9886780015129,76029000,578.4140747070312,579.3331665039062,565.6733612060547,14.56494140625,0.009983035065597981,63.355981817623004,1
2025-05-27,582.9483032226562,583.1060568711622,570.4047514802384,577.9387671986972,72588500,577.6843505859375,580.137841796875,567.6604064941406,8.0467529296875,0.010760329218676088,74.60825496549367,0
2025-05-28,579.5757446289062,584.545857588394,578.8460211072919,583.3526236048898,68445500,576.6745483398438,580.2255981445312,569.307730102539,0.8775634765625,0.010938078786006522,69.89516013212696,1
2025-05-29,581.8635864257812,584.9699071457442,577.9388245287198,584.8318350718904,69973300,578.0926025390625,580.4681884765625,571.0585998535156,2.4259033203125,0.010922632028994602,69.16118218110097,0
2025-05-30,581.2127685546875,582.9286180198035,575.1480700909575,580.7591289651484,90601200,579.3351318359375,580.3626770019531,572.5831512451172,-1.05511474609375,0.010921641744005364,69.22484987302977,1
2025-06-02,584.4866333007812,584.5654800276525,576.9427470010985,579.6052986473595,61630500,582.0174072265625,580.2157409667968,573.862646484375,-1.4693603515625,0.010573648263511171,59.75505822895521,1
2025-06-03,587.8197631835938,588.7960181097066,583.6385391723649,584.121791379625,63606200,582.99169921875,580.3380249023437,575.4690399169922,1.22283935546875,0.010424858469384702,59.37175480226555,0
2025-06-04,587.6619873046875,589.6539808386906,587.2280895107962,588.6777258495218,57314200,584.6089477539062,580.641748046875,577.2997833251953,3.0372314453125,0.010118891496337207,58.552096278121,0
2025-06-05,584.8218994140625,590.6893600195378,582.8496477946317,589.3383724752952,92278700,585.2006103515625,581.6466064453125,578.8726470947265,10.048583984375,0.010275524326054419,52.655264270022826,1
2025-06-06,590.8274536132812,592.4940086999786,588.5790577947733,590.3540722792903,66588700,587.1235473632812,583.2293395996094,580.5530059814453,15.82733154296875,0.010371761030968705,54.83175370369473,1
2025-06-09,591.3599243164062,592.9081490758875,590.1864321834666,591.3993476813894,53016400,588.4982055664062,585.2578063964844,582.2954864501953,20.28466796875,0.010336112250695454,54.73436428827102,1
2025-06-10,594.7128295898438,595.0973729509094,590.7781968461302,591.8924637491524,66247000,589.8768188476563,586.4342590332031,583.2860504150391,11.7645263671875,0.007614733474843471,59.75953527315929,0
2025-06-11,593.0166625976562,596.6653405011278,590.9556931519085,595.8074157747775,73658200,590.94775390625,587.7783508300781,584.0019744873047,13.44091796875,0.007589238823804939,70.9559272029738,1
2025-06-12,595.3734741210938,595.3734741210938,591.2021810906274,591.6853731206485,64129000,593.0580688476563,589.1293395996094,584.7987640380859,13.5098876953125,0.0076136687502469345,72.31087387492163,0
2025-06-13,588.7172241210938,593.4999111629836,587.2182933354198,590.1964131264232,89506000,592.6360229492187,589.87978515625,585.1212310791016,7.50445556640625,0.008059379872761995,68.2292100251006,1
2025-06-16,594.3182983398438,596.0637602908375,591.892407169678,592.0699627819344,79984100,593.2276977539062,590.8629516601562,585.5393463134766,9.8316650390625,0.008208819990401378,63.498007390768784,0
2025-06-17,589.2398681640625,593.401290785268,588.480531921813,591.8826784891205,82209400,592.13310546875,591.0049621582032,585.6714935302734,1.42010498046875,0.008465918847994023,61.02626883881454,0
2025-06-18,589.1510009765625,592.8785252065284,588.1944276516227,590.1371267775953,76605000,591.3599731445313,591.1538635253906,585.8978057861328,1.489013671875,0.008423980768382813,58.753817977597286,0
2025-06-20,587.7674560546875,592.8906824249698,586.3629740326184,591.8225009850784,94051400,589.83876953125,591.4484191894531,586.5475128173828,2.945556640625,0.007423962125123305,57.73744336979953,1
2025-06-23,593.572998046875,593.9586781700418,585.403509483969,588.5189525073708,87426000,590.8099243164063,591.7229736328125,587.4761566162109,2.74554443359375,0.007672207483115524,60.121013522241334,1
2025-06-24,600.13037109375,601.1885919192599,596.7972471416377,597.7072083922786,67735300,591.9723388671875,592.6000183105468,588.9289123535157,8.77044677734375,0.007677757875296796,62.793470856204834,1
2025-06-25,600.4666137695312,601.9402753154866,598.9039119654944,601.2479344884113,62114800,594.2176879882812,593.1753967285156,589.8048278808594,5.7537841796875,0.006362957443133949,63.25768922087196,1
2025-06-26,605.1646728515625,605.5998534219981,601.7030284305531,602.3162291844003,78548400,597.4204223632812,594.3901977539062,591.0842742919922,12.14801025390625,0.006269782326440549,70.28221399483476,1
2025-06-27,608.1713256835938,609.6351477759472,604.1360808658505,606.1636033457827,86258400,601.5011962890625,595.6699829101562,592.3996612548829,12.7978515625,0.006289044538539006,68.3920767573837,1
2025-06-30,611.0790405273438,612.4340220516922,608.2998373553096,610.6142201701539,92502500,605.0024047851563,597.9061645507812,593.8929748535156,22.36181640625,0.006261907380861399,69.9079893718235,0
2025-07-01,610.8812866210938,612.0483479268365,608.7746241554748,609.6053849111585,70030100,607.152587890625,599.5624633789063,595.2127075195312,16.56298828125,0.006248060475732673,67.43399663566458,1
2025-07-02,613.6505737304688,613.6901136433279,609.8526292762224,610.4757300098587,66510400,609.7893798828125,602.0035339355469,596.504248046875,24.41070556640625,0.006219252087877487,71.74572503331979,1
2025-07-03,618.487060546875,619.4167617045248,615.6089168033244,615.6287169448548,51065800,612.453857421875,604.9371398925781,598.0455017089844,29.3360595703125,0.006317235474004239,73.14910696711141,0
2025-07-07,613.8780517578125,617.1913758193931,611.0988485499288,616.5286747873084,74814500,613.5952026367188,607.5481994628906,599.4983093261719,26.110595703125,0.006503369805860272,76.27705727045223,0
2025-07-08,613.5418090820312,615.2923708557059,612.7307881009865,614.5406899285775,59024600,614.0877563476563,609.5450805664062,600.6340270996094,19.96881103515625,0.006264045401592702,72.55687238412816,1
2025-07-09,617.2210083007812,617.8737488887257,614.1055045789822,615.945166968477,66113300,615.3557006835938,611.2541442871094,601.9270812988282,17.09063720703125,0.0063243316810829,83.94782714297774,1
2025-07-10,618.961669921875,620.0001509389845,616.1824670185033,617.3594282689005,57529000,616.417919921875,613.1036499023437,603.1395233154296,18.49505615234375,0.006273021703819281,84.77373697100872,0
2025-07-11,616.7858276367188,618.0122289852302,614.7187654701638,615.9154666088177,63670200,616.0776733398437,614.2657653808594,604.3279815673828,11.62115478515625,0.006301813979395125,83.23521064338752,1
2025-07-14,617.9627685546875,618.3089087938923,614.9857451789246,616.3308265898004,51898500,616.8946166992188,615.2449096679687,605.4574462890625,9.79144287109375,0.006284411541029823,81.2469308410981,0
2025-07-15,615.3220825195312,620.9793689858044,615.242942324076,620.6431287961128,74317300,617.2506713867188,615.6692138671875,606.7876892089844,4.2430419921875,0.005690542132827385,71.63397102154697,1
2025-07-16,617.3792114257812,617.8836320494379,611.276844692317,616.9044910111767,88987500,617.2823120117188,616.3190063476562,607.9407348632812,6.4979248046875,0.0054363010811522,72.95931725909354,1
2025-07-17,621.1574096679688,621.5135103761386,617.3397251475282,617.5573456006476,68885700,617.7214599609375,617.0696899414063,609.5366119384765,7.5068359375,0.004914561821608255,72.26668524879372,0
2025-07-18,620.7024536132812,622.5716954836944,619.5947323692288,622.4035753929759,65621600,618.50478515625,617.2912292480469,611.1141845703125,2.21539306640625,0.004933706308812811,68.78160608300462,1
2025-07-21,621.87939453125,624.6189973413707,621.4541141003111,621.87939453125,63375000,619.2881103515625,618.0913635253906,612.8197814941407,8.0013427734375,0.004798010673137739,67.07331898922263,1
2025-07-22,621.9683837890625,622.8288447335428,619.3276609031153,622.2057439990875,60046300,620.6173706054688,618.9340209960938,614.23955078125,8.42657470703125,0.0045324824980802975,67.58708293234554,1
2025-07-23,627.259765625,627.259765625,622.8288205336723,624.6288825447934,70511000,622.5934814453125,619.9378967285156,615.5960205078125,10.03875732421875,0.004305860391332973,69.98843578273615,1
2025-07-24,627.4674682617188,629.1785504969665,627.0421878119985,627.6454884244192,71307100,623.8554931640625,620.7884765625,616.9460632324219,8.50579833984375,0.00431081676145352,65.26559552786061,1
2025-07-25,630.1180419921875,630.5928227551882,627.8828598800927,628.1301201477661,56865400,625.7386108398438,622.1216979980469,618.1937316894531,13.33221435546875,0.004135693286645868,79.57517284307406,0
2025-07-28,629.9598999023438,631.0478210681617,628.5752180855901,630.4939604147171,54917100,627.3547119140625,623.3214111328125,619.2831604003907,11.99713134765625,0.0041051147565351305,80.09473900902191,0
2025-07-29,628.2982788085938,631.6708825055948,627.3883778702398,631.3543820995848,60556300,628.6206909179688,624.6190307617187,620.1441223144532,12.9761962890625,0.004153561097067493,71.92670880692802,0
2025-07-30,627.507080078125,630.6917636576716,624.6190364089183,628.9510415464463,80418900,628.6701538085938,625.6318176269531,620.9754119873047,10.12786865234375,0.004179170114746244,67.57569671102183,0
2025-07-31,625.1531372070312,632.8379457731452,623.8574957354674,632.4522656090571,103385200,628.2072875976562,626.0313903808594,621.5505401611329,3.9957275390625,0.004257079012067024,67.08422852414398,0
2025-08-01,614.9066162109375,619.476041722763,612.5032535330552,619.4364414435403,140103600,625.1650024414063,625.451806640625,621.3715179443359,-5.79583740234375,0.005462392081526055,45.4464600755892,1
2025-08-04,624.2530517578125,624.3024917393647,618.7243458354196,618.813325728958,73218000,624.0236328125,625.6891723632813,621.890267944336,2.3736572265625,0.006195353210721654,61.090587723460274,0
2025-08-05,621.088134765625,625.6773001361546,620.1683337507773,624.866279158634,68051400,622.5816040039062,625.6011474609375,622.2675842285156,-0.8802490234375,0.006330354775552944,54.48245949211529,1
2025-08-06,625.8455200195312,626.4982606508958,621.2464542892866,622.1563552914652,64357500,622.2492919921875,625.4597229003906,622.6988098144532,-1.41424560546875,0.006414913171871677,55.53486656078769,0
2025-08-07,625.3212890625,629.9994345491891,622.2156852544556,629.2675537310744,74205800,622.2829223632813,625.2451049804688,623.0167907714844,-2.14617919921875,0.006403827072814275,55.44417410422023,1
2025-08-08,630.197265625,630.6621463802445,626.794961476664,627.1114619051468,64051600,625.3410522460938,625.25302734375,623.6873626708984,0.0792236328125,0.006526094451805902,59.01783185594761,0
2025-08-11,628.9510498046875,631.947873553624,627.70484826023,630.4742118551501,58742300,626.2806518554687,625.1521423339843,624.2367767333984,-1.00885009765625,0.006558413666578318,57.384962572975596,1
2025-08-12,635.6468505859375,635.8050706066525,629.8114837326607,631.2950454377703,64730800,629.1923950195312,625.8869995117187,625.2530151367188,7.34857177734375,0.006783391386263661,58.614390459186744,1
2025-08-13,637.82275390625,639.10849531226,635.6369512596368,637.8424936799373,60092800,631.587841796875,626.9185668945313,626.2751922607422,10.315673828125,0.006784466496834612,60.22262364264531,1
2025-08-14,637.8821411132812,638.5447818220973,635.300758040457,635.7457782923831,59327500,634.1000122070312,628.1914672851562,627.1114288330078,12.72900390625,0.00670900708476863,58.077896611153236,0
2025-08-15,636.388671875,639.0096552004113,635.4787708739423,638.9107148606824,68592500,635.3382934570312,630.3396728515625,627.8957397460938,21.4820556640625,0.00674484889365697,56.507775670215196,0
2025-08-18,636.2501831054688,636.9425240091701,635.1424618060598,635.8150025688236,43804900,636.7981201171875,631.5393859863282,628.6142791748047,11.99713134765625,0.006751083516936748,58.305750350631136,0
2025-08-19,632.7984008789062,637.0512656505922,631.4829592777961,636.0721245937336,69750700,636.2284301757812,632.7104125976563,629.1557800292969,11.71026611328125,0.006908411815111009,55.235773791477385,0
2025-08-20,631.1170043945312,632.6500060324975,626.013578858981,632.3929060531275,88890300,634.8872802734375,633.2375610351562,629.3486419677735,5.271484375,0.0067083406271693236,55.98086358695121,0
2025-08-21,628.5850830078125,630.9785456585483,626.864161086776,629.3071240874224,54805800,633.0278686523437,633.5639404296875,629.4045227050781,3.2637939453125,0.006778158506936012,66.22851482165926,1
2025-08-22,638.2381591796875,639.4151205943501,630.2664897119097,630.7709103705197,84083200,633.3977661132812,634.3680297851563,629.8105285644531,8.0408935546875,0.007547218856972769,66.4724658519051,0
2025-08-25,635.42919921875,638.2183023325629,635.3105191174199,636.9820009718095,51274300,633.2335693359375,635.0158447265625,630.0839935302735,6.4781494140625,0.00763039351259307,67.03457315693927,1
2025-08-26,638.0897827148438,638.4359833484747,634.5391586749303,635.1622594491828,51581600,634.291845703125,635.2601379394531,630.5735687255859,2.44293212890625,0.007637177045172164,65.30640273212538,1
2025-08-27,639.5436401367188,640.2755208793137,637.3578376120881,637.5062179210042,48341100,635.9771728515625,635.4322265625,631.1753967285156,1.72088623046875,0.0076279067767233595,67.37534393664855,1
2025-08-28,641.80859375,642.362454403162,638.2678697444891,640.1470117905141,61519500,638.621875,635.8248718261718,632.008169555664,3.92645263671875,0.0075639733559060935,65.15214267736704,0
2025-08-29,637.98095703125,640.7404203673219,636.0919150690585,640.374419619015,74522200,638.5704345703125,635.9841003417969,633.1618865966797,1.59228515625,0.006571656967757915,61.03975763364475,0
2025-09-02,633.2533569335938,633.4709169972102,627.9619508913343,630.5136938017484,81983500,638.1352661132812,635.6844177246094,633.6119018554688,-2.996826171875,0.006083436125222908,46.92582308607696,1
2025-09-03,636.685302734375,637.1501834379544,633.4412793439511,635.6270215222661,70820900,637.8543701171875,636.0731079101563,634.3917602539062,3.88690185546875,0.006008473735965675,48.58473371486895,1
2025-09-04,642.0064697265625,642.0361699407296,636.4579626433318,637.3579636453977,65219200,638.3469360351562,637.1620544433594,635.1998077392578,10.88946533203125,0.00604949319467846,54.53753083866393,0
2025-09-05,640.1469116210938,645.062476969223,636.2797877246134,644.3404359625918,85178900,638.014599609375,638.3182373046875,635.9410888671875,11.56182861328125,0.006104918845705883,54.101724089693704,1
2025-09-08,641.7196655273438,642.7186068708459,640.1371632720919,641.5119451283233,63133100,638.7623413085937,638.6663879394531,636.5172088623046,3.48150634765625,0.0059145179913070445,55.788156021588996,1
2025-09-09,643.203125,643.7272854003053,640.1271612550325,641.8579832056892,66133900,640.752294921875,639.4437805175781,637.2298126220703,7.77392578125,0.005881485351050711,61.48960233147177,1
2025-09-10,645.0625610351562,647.3768835600082,643.4998590892842,646.4570825189741,78034500,642.4277465820312,640.1410583496094,637.7005981445312,6.9727783203125,0.005462308381188374,65.33931463036711,1
2025-09-11,650.423095703125,651.115436538164,646.4273914384058,647.0108918753651,69934400,644.1110717773438,641.22900390625,638.330615234375,10.87945556640625,0.005692648486751564,72.61341659187724,0
2025-09-12,650.2054443359375,651.8868261792371,649.7010841125947,650.393364548417,72780100,646.1227783203125,642.0686889648438,638.9467803955079,8.3968505859375,0.005697012853822449,65.40187268271225,1
2025-09-15,653.6671752929688,653.795755474802,652.1144337731963,652.4111340519337,63772400,648.5122802734375,643.6373107910156,639.8107055664062,15.68621826171875,0.005720135801918101,73.08436918180203,0
2025-09-16,652.7671508789062,654.5276730798186,651.9858301119879,654.2210123755038,61169000,650.4250854492187,645.5886901855469,640.6365539550782,19.5137939453125,0.005742747931274334,69.44418390284135,0
2025-09-17,651.9561767578125,654.4683196962441,647.1296508296768,652.7770978636573,101952200,651.80380859375,647.1157775878906,641.5944427490234,15.2708740234375,0.00555821960809352,66.72874471280952,1
2025-09-18,655.0023803710938,657.603563340362,653.0341982051615,654.6364399867887,90459200,652.7196655273438,648.4153686523438,642.7887115478516,12.99591064453125,0.005510641918681628,67.41493014435169,1
2025-09-19,658.2465209960938,659.0895125014193,654.9438659954435,656.8877828567474,97945600,654.327880859375,650.2253295898438,644.2717834472656,18.099609375,0.005369523976401028,77.16768917828686,1
2025-09-22,661.3607177734375,661.8069717744121,656.7290467709187,656.7588293222589,69452200,655.8665893554687,652.1894348144531,645.4279113769531,19.64105224609375,0.004460642228435517,89.38394883715361,0
2025-09-23,657.7606201171875,661.8566899635472,656.540685502851,661.2417286303936,81708900,656.865283203125,653.6451843261718,646.544482421875,14.5574951171875,0.004542136093611313,79.3921668102377,0
2025-09-24,655.6678466796875,659.1490153831234,654.2496039734066,659.0498612769777,68082200,657.6076171875,654.705712890625,647.4233856201172,10.60528564453125,0.004631038614693147,70.93791627377905,0
2025-09-25,652.6429443359375,653.9917550046746,649.0328388399253,652.5338627083877,89622100,657.1357299804688,654.9276977539063,648.0783508300781,2.2198486328125,0.0048127232295322045,68.49133936780727,1
2025-09-26,656.3820190429688,656.9274877414105,652.4743904900326,654.0910020825955,69179200,656.7628295898437,655.5453552246094,648.8070220947266,6.17657470703125,0.004897041316115978,70.3897536878915,1
2025-09-29,658.2266845703125,659.8135740530697,656.4216318338509,658.9010899003678,73499000,656.1360229492187,656.0013061523438,649.8193084716797,4.55950927734375,0.0046123938587905415,70.6842597074325,1
2025-09-30,660.7061157226562,661.1722852976668,656.173659297658,657.4828203674869,86288000,656.7251220703125,656.7952026367187,651.1919464111328,7.93896484375,0.004117158278408673,71.17633839310206,1
2025-10-01,662.95751953125,663.8699431635192,657.611793334362,657.7208749627936,72545400,658.183056640625,657.8953369140625,652.5055572509766,11.0013427734375,0.004056745335766334,68.52709905345472,1
2025-10-02,663.7210693359375,665.0600128657511,661.3011766397112,664.9410037342527,56896000,660.398681640625,658.7672058105469,653.5912872314453,8.71868896484375,0.0037755888719548302,69.6601381465632,0
2025-10-03,663.7112426757812,667.1527012490268,662.6698219114437,664.4848020775174,70494400,661.8645263671875,659.3136779785157,654.7695037841797,5.4647216796875,0.0036448184489261317,66.24135929919031,1
2025-10-06,666.0914916992188,666.9841207809839,663.9591941673339,666.1014192164715,54623300,663.4374877929688,659.7867553710937,655.9880950927734,4.73077392578125,0.003663978506853232,70.56130925694997,0
2025-10-07,663.6219482421875,667.4601442579947,662.1838505424819,667.0138297258598,72020100,664.020654296875,660.3728881835938,657.0090362548829,5.861328125,0.0038675079489605985,67.1252956777292,1
2025-10-08,667.5791625976562,667.6783772359653,663.919480237528,664.7426772273783,60702200,664.9449829101562,661.5640197753906,658.1348663330078,11.91131591796875,0.003982007640711836,67.98169524893274,0
2025-10-09,665.6452026367188,668.4023890582872,663.7112737749407,667.9957845708525,66501900,665.3298095703125,662.8642456054688,658.8959716796875,13.00225830078125,0.0037904310627578457,60.99002719854941,0
2025-10-10,647.6542358398438,668.4122493878771,647.4757221413303,666.6071968358344,159422600,662.118408203125,661.9914672851562,658.7684112548828,-8.727783203125,0.00736241607423508,35.88056953803941,1
2025-10-13,657.5919189453125,659.664772492732,654.3488290056752,655.2216030747315,79560500,660.4184936523437,661.9279907226562,658.9646484375,-0.634765625,0.008063534071807038,49.846286632053356,0
2025-10-14,656.78857421875,660.3590300864076,647.8030207789583,651.7701536094826,88779600,659.0518188476562,661.5362365722656,659.1657196044922,-3.91754150390625,0.00806187857528219,51.04573153368643,1
2025-10-15,659.7044677734375,664.7228887516702,653.5157497881946,661.3409343998026,81702600,657.4768798828125,661.2109313964844,659.5531341552735,-3.2530517578125,0.008103255212572399,56.60241689911934,0
2025-10-16,655.211669921875,663.215367636124,651.7106461582608,661.3408828539109,110563300,655.3901733398437,660.3599914550781,659.5635986328125,-8.5093994140625,0.00820731965894633,48.92094994670872,1
2025-10-17,658.9308471679688,660.2895852935891,652.7322022395391,654.0810128478913,96500900,657.6454956054688,659.8819519042969,659.5978149414062,-4.7803955078125,0.008231631277431777,50.627539503386004,1
2025-10-20,665.7840576171875,666.6866142382812,661.7872027532737,661.8367798071084,60493400,659.2839233398438,659.8512084960937,659.8189819335937,-0.30743408203125,0.00849352254557472,54.19811582575172,0
2025-10-21,665.7740478515625,667.4600912091562,664.4748144266518,665.9228395283285,56249000,661.0810180664063,660.0664184570312,660.2196533203125,2.152099609375,0.008384069861955968,52.41814283109158,0
2025-10-22,662.3128051757812,666.4783066993808,657.8497808005621,666.4783066993808,80564000,661.602685546875,659.5397827148438,660.5519012451172,-5.266357421875,0.008444370436805057,48.844456063488046,1
2025-10-23,666.2402954101562,667.1825015615415,662.3128121266341,662.6301900162397,65604500,663.8084106445312,659.5992919921875,661.2317687988282,0.5950927734375,0.008434916048642051,51.94984132481544,1
2025-10-24,671.6851806640625,672.8951271271609,670.0983517375236,670.9016937183009,74356500,666.35927734375,662.0023864746094,661.9969268798828,24.03094482421875,0.008523250090262892,54.11800758295372,1
2025-10-27,679.6094970703125,679.9070199177999,676.5151383891614,677.1201116013259,63339800,669.124365234375,664.2041442871093,663.0660675048828,22.017578125,0.008844171732888597,60.89482834635189,1
2025-10-28,681.41455078125,683.2493254549719,679.2028936555786,681.4046232640447,61738100,672.2524658203125,666.6667419433594,664.1014892578125,24.6259765625,0.008833575175278427,59.713129751497384,1
2025-10-29,681.7418212890625,684.0328379014793,677.2589421639235,683.0608492697363,85657100,676.1382690429688,668.8704772949219,665.0407043457031,22.037353515625,0.00882597645783353,61.56144650145325,0
2025-10-30,674.2439575195312,680.303738053287,674.2439575195312,678.2805222142791,76335800,677.7390014648438,670.7737060546875,665.5668487548828,19.03228759765625,0.00925426309363497,72.48783328136969,1
2025-10-31,676.4556274414062,679.4508319897004,673.6587916341136,679.4111219213156,87164100,678.6930908203125,672.5261840820312,666.204067993164,17.5247802734375,0.009267793963981023,68.3519725239685,1
2025-11-03,677.7251586914062,680.1649066224819,674.3530715971103,680.0359699637585,57315000,678.3162231445312,673.7202941894532,666.7857513427734,11.94110107421875,0.0092504800634362,70.18551668214306,0
2025-11-04,669.6917114257812,674.3729598389511,669.0371611161902,670.5545580097922,78427000,675.9716552734375,674.112060546875,667.0892395019531,3.91766357421875,0.009635670585508025,58.76412787203798,1
2025-11-05,672.012451171875,675.2654684624238,668.6304366940664,669.4337786331213,74402400,674.02578125,675.0820251464844,667.310903930664,9.69964599609375,0.009577144138540697,65.32752745172283,0
2025-11-06,664.8021850585938,671.8140994484131,663.2252231578799,670.9115428502156,85035300,672.1374267578125,674.9382141113281,667.2687530517578,-1.4381103515625,0.009873525381600703,55.035712116992514,1
2025-11-07,665.4567260742188,665.5658682287408,655.7769731606511,662.4218719882706,100592400,669.937646484375,674.3153686523438,668.1588775634766,-6.22845458984375,0.007554754996749151,49.6858521589683,1
2025-11-10,675.8407592773438,676.57466917413,669.4834554774103,671.6752576501947,75842900,669.5607666015625,673.9384948730469,669.0713195800781,-3.76873779296875,0.007580247397685255,58.05693338947796,1
2025-11-11,677.3878784179688,677.9532020666294,673.1529450781785,674.3629519753922,58953400,671.1,673.5358276367188,670.101284790039,-4.02667236328125,0.007557032868579269,62.44675897462774,1
2025-11-12,677.7647705078125,679.3318048264125,675.3547447293747,679.1631581075335,62312500,672.2504638671875,673.1381225585938,671.0042999267578,-3.97705078125,0.007529323624900252,60.107835758174666,0
2025-11-13,666.5179443359375,675.2654792192372,665.010475070097,674.9084518036677,103457800,672.5936157226563,672.3655212402343,671.569613647461,-7.72601318359375,0.008361208909300893,45.886585195205,0
2025-11-14,666.408935546875,670.1082678298286,657.8201189320223,659.9127671356764,96846700,672.7840576171875,671.3608520507812,671.9435180664062,-10.04669189453125,0.008286868656049183,37.99823756473177,0
2025-11-17,660.2003173828125,668.1742931923078,656.7290761218832,664.1972328051172,90456100,669.6559692382813,669.6083679199219,671.6643310546875,-17.52484130859375,0.008231856654188905,32.1422479433277,0
2025-11-18,654.6563110351562,659.6548768721069,650.4709542015795,656.6596720569411,114467500,665.1096557617187,668.1048278808594,671.1084442138672,-15.035400390625,0.008423000568920503,29.04070769710337,1
2025-11-19,657.1853637695312,661.8566848395906,653.3372397764296,655.3505889035424,94703000,660.9937744140625,666.622119140625,670.8520721435547,-14.82708740234375,0.008418102705646725,35.70007654241145,0
2025-11-20,647.1683349609375,670.0090710879778,646.5335791707308,667.3808213360044,165293500,657.1238525390625,664.8587341308594,669.8984741210937,-17.63385009765625,0.008903432874577651,28.2899850604324,1
2025-11-21,653.6149291992188,659.0895314498267,645.5020891320908,649.667590792559,123956200,654.5650512695313,663.6745544433594,668.9949615478515,-11.841796875,0.009013098795148274,33.40160008067633,1
2025-11-24,663.235107421875,664.5541959227929,656.1538219404428,657.2447591605586,80437900,655.1720092773437,662.4139892578125,668.1762420654297,-12.60565185546875,0.009257251847865204,45.650062462117695,1
2025-11-25,669.4734497070312,670.6536740212097,659.020017057554,663.135941149376,81077100,658.1354370117188,661.6225463867188,667.5791870117188,-7.9144287109375,0.00952359557555641,48.37519519608663,1
2025-11-26,674.09521484375,676.0986363282427,671.1595147067713,672.0620713400136,71879600,661.5174072265625,661.2555908203125,667.1968566894532,-3.6695556640625,0.009677541373970438,56.150739307093005,1
2025-11-28,677.7747192382812,678.0523870500939,674.9084513312986,675.2654787466182,49212000,667.6386840820312,662.3812683105468,667.3733947753906,11.25677490234375,0.009436290565296615,57.83896823830824,0
2025-12-01,674.6803588867188,677.3779800628074,673.1629015749381,673.2323336611282,61201200,671.8517700195313,663.2084106445312,667.2846313476563,8.27142333984375,0.009469054691962514,49.18601863268941,1
2025-12-02,675.9300537109375,678.2012155152329,673.7481184984898,676.316803165018,62953800,674.3907592773437,664.7813842773437,667.1948760986328,15.729736328125,0.009468789017702053,48.973100698472095,1
2025-12-03,678.2706298828125,679.2822075879724,674.105128319461,674.9779023816353,57238500,676.1501953125,667.1428161621094,667.6238220214843,23.61431884765625,0.009078638321632226,50.34673762069716,1
2025-12-04,678.7664794921875,679.7384076011712,675.7415530139849,679.6689755171525,61970300,677.0844482421875,669.300927734375,667.9615234375,21.58111572265625,0.009054976858042331,59.84694738742841,1
2025-12-05,680.0557861328125,682.7336127271673,678.9549213715281,679.8375623637357,79241000,677.5406616210937,672.5896728515625,668.7242034912109,32.887451171875,0.008659514551493653,60.766766762910585,0
2025-12-08,678.0127563476562,680.9980334759979,675.9696853695019,680.9484564225444,55231500,678.2071411132813,675.0294555664062,669.3520050048828,24.3978271484375,0.00870981105698293,65.04192931547234,0
2025-12-09,677.427490234375,679.7582167824522,676.9812362772177,677.5366323782647,58310100,678.5066284179687,676.4486938476563,669.4313415527344,14.1923828125,0.008003386147336785,70.9870494272879,1
2025-12-10,681.92041015625,683.3088703732143,675.711837383319,676.9515664343469,85671300,679.2365844726562,677.6933898925781,669.6579681396485,12.44696044921875,0.008122581927017368,72.00062539562245,1
2025-12-11,683.5072021484375,683.5865617528303,676.5647198382891,679.51034738166,86173700,680.1847290039062,678.6345886230469,669.9450897216797,9.4119873046875,0.008134418635701022,88.02395209580838,0
2025-12-12,676.1580810546875,683.2195721462687,673.5893360954813,682.5153843270051,113160300,679.4051879882812,678.4729248046875,670.4270965576172,-1.61663818359375,0.0075757529286232285,73.1512392767553,0
2025-12-15,675.1365356445312,680.1252340287925,673.6687159286942,680.1053789946951,90811000,678.8299438476563,678.5185424804688,670.8634765625,0.4561767578125,0.007590237925614748,64.84410089478885,0
2025-12-16,673.2918701171875,675.4837328267965,669.4338188610296,673.6488975485244,122030600,678.0028198242187,678.2547241210938,671.5180541992188,-2.63818359375,0.007269952668299648,55.34876722119912,0
2025-12-17,665.8832397460938,674.8489377460819,665.6848710067972,674.3034691132465,110625200,674.7953857421875,677.0159851074219,672.0794006347656,-12.38739013671875,0.007468054546851794,39.329904183657774,1
2025-12-18,670.9114990234375,675.1464323222394,669.3544527925658,672.0322187932205,108650100,672.2762451171875,676.2304870605469,672.7657073974609,-7.85498046875,0.00759020409898163,41.384361950733634,1
2025-12-19,676.9923095703125,677.4896664833268,672.8940327515619,673.0134542661981,103599500,672.4430908203125,675.9241394042969,674.2569061279297,-3.0634765625,0.006740655840122293,52.69983820500211,1
2025-12-22,681.2098999023438,681.7370666700199,676.9923229108747,680.3245900087294,69556700,673.657763671875,676.2438537597657,675.6366546630859,3.1971435546875,0.006566151313884573,55.7659928732448,1
2025-12-23,684.3233032226562,684.562024812114,680.2548972126992,680.3046207584179,64840000,675.8640502929687,676.9334350585938,676.691064453125,6.89581298828125,0.005896935483668281,56.500256294958135,1
2025-12-24,686.7305297851562,687.1781631452748,684.164151137988,684.313382495532,39445600,680.0335083007812,677.4144470214844,677.5539184570313,4.81011962890625,0.005626591203690385,58.21568575598564,0
2025-12-26,686.660888671875,688.0037280321676,685.6264081645946,686.989161229118,41613300,683.1833862304687,677.7298156738282,678.1822021484375,3.1536865234375,0.005474629529241098,56.9896890170334,0
2025-12-29,684.2138671875,685.5567672531378,682.4433081832867,683.9055083361335,62559500,684.6276977539062,678.5353942871094,678.5041595458985,8.0557861328125,0.0054542263402079716,56.50654182863803,0
2025-12-30,683.3783569335938,684.9201512250444,682.9506372729019,683.8160334465714,47160700,685.0613891601563,679.3595764160157,678.9390594482422,8.2418212890625,0.00534126846636496,56.21135383419656,0
2025-12-31,678.3152465820312,683.726492314561,678.1063955310838,683.5076844111845,74144800,683.8597778320312,679.8619140625,679.0583190917969,5.02337646484375,0.005625811282838002,46.28129143388144,1
2026-01-02,679.55859375,683.2390468658663,676.2263268834449,682.0852055985325,89377200,682.425390625,681.2294494628907,679.1227172851562,13.67535400390625,0.005587603491844862,45.89796591254946,1
2026-01-05,684.0845336914062,685.7855161168121,682.7516512212146,682.910778712987,71927200,681.9101196289063,682.5467529296875,679.3886199951172,13.17303466796875,0.005776399378029693,58.747549861579806,1
2026-01-06,688.1529541015625,688.6602678554459,684.1442890432024,684.2934596862484,69273800,682.6979370117188,683.6628173828125,679.7934783935547,11.16064453125,0.005901040874823659,63.45962321310233,0
2026-01-07,685.9347534179688,690.2916046822218,685.6761181181482,688.5309418430683,75588300,683.2092163085938,684.135302734375,680.1895782470704,4.724853515625,0.005908303212256821,62.97315070552204,0
2026-01-08,685.8651123046875,686.9692300361542,683.8557710289468,685.1787573638412,64019200,684.719189453125,684.2894836425781,680.611459350586,1.54180908203125,0.00590084165163291,74.13962185685655,1
2026-01-09,690.4010009765625,691.6344363504869,685.5368360184962,686.9791831428475,80125500,686.8876708984375,684.6565307617187,681.0354888916015,3.67047119140625,0.00589982990022662,73.82827191374793,1
2026-01-12,691.4852294921875,692.410366767912,686.979207477028,687.0289310253164,63976000,688.3678100585937,685.13896484375,681.4343902587891,4.8243408203125,0.005890827808952127,70.18559196969593,0
2026-01-13,690.1026000976562,692.4103433578374,687.6953490317495,691.813478661017,78309700,688.7577392578125,685.7278381347656,682.1316162109375,5.88873291015625,0.00529869313497491,63.447622774697074,0
2026-01-14,686.7106323242188,688.0634285762314,682.4134612479594,687.3472637531122,94676700,688.9129150390625,686.0610656738281,682.7103210449219,3.332275390625,0.005437624679868861,53.57997979087955,1
2026-01-15,688.5806884765625,691.7737417111902,687.5959315038539,690.8983886882239,77862000,689.4560302734375,687.0876098632813,683.4747619628906,10.26544189453125,0.0053842817793001135,52.819882155289335,0
2026-01-16,688.0037231445312,690.5800586110835,686.4519720383781,689.9931507530615,79289200,688.9765747070312,687.9321228027344,684.5807861328125,8.44512939453125,0.004600667365607251,52.01548555420585,0
2026-01-20,673.9981689453125,681.1501633341576,672.9934983300664,677.8874730475171,111623300,685.4791625976562,686.923486328125,684.7351196289062,-10.08636474609375,0.006539072032801606,38.61670842548838,1
2026-01-21,681.77685546875,685.0991655259935,674.5452667925615,676.0572511802958,127844500,683.814013671875,686.2858764648438,684.9743469238281,-6.3760986328125,0.006735351645610817,48.45458582617433,1
2026-01-22,685.3379516601562,687.476610793547,683.2888434897402,686.2033478813381,77112200,683.5394775390625,686.2261962890625,685.1807495117188,-0.5968017578125,0.006692915002238642,56.979068859013836,1
2026-01-23,685.5865478515625,687.3074439470811,683.5274830754288,684.5123006998919,63059600,682.9406494140625,686.19833984375,685.2439117431641,-0.278564453125,0.006618106783379667,56.11132837638486,1
2026-01-26,689.0680541992188,690.4606777697717,686.272910918868,686.8399050563427,60473800,683.153515625,686.0650451660156,685.3607879638672,-1.33294677734375,0.0066693567454508456,55.16176262340184,1
2026-01-27,691.8134765625,692.8480177488461,689.9036431059924,690.5104039402848,55506100,686.7165771484375,686.0978698730469,685.6184173583985,0.3282470703125,0.006722285837082111,53.89828349167226,0
2026-01-28,691.7438354492188,694.1510864943795,690.271678492269,693.3652237572153,61172200,688.7099731445312,686.2619934082031,685.9949157714843,1.6412353515625,0.006659245564520157,56.48307844050821,0
2026-01-29,690.3711547851562,693.375209936545,681.2098793986574,692.7087686795362,97486200,689.7166137695312,686.6280456542969,686.3445556640625,3.6605224609375,0.0066722162217089445,54.88672633617649,0
2026-01-30,688.3120727539062,690.5402826440542,683.487735152998,688.1330315570439,101835100,690.26171875,686.6011840820313,686.8443969726562,-0.26861572265625,0.006465205871756784,47.60598374657073,1
2026-02-02,691.7339477539062,693.2459322689688,685.7756213682558,685.9348095869553,79286500,690.7948974609375,686.9742065429688,687.4531646728516,3.730224609375,0.00653058694595874,50.27054732221224,0
2026-02-03,685.885009765625,693.2757257351432,680.4140840721383,692.529690413304,107904600,689.6092041015625,688.162890625,687.5431884765625,11.8868408203125,0.006702343152667143,45.81854313131522,0
2026-02-04,682.5626831054688,687.7948875474046,678.1561081391175,686.7006659106327,105204600,687.7729736328125,688.2414733886719,687.2636749267579,0.78582763671875,0.006645446029671572,45.88190096686857,0
2026-02-05,674.0379638671875,680.0758839506523,672.2176206040476,677.3404209861714,113610800,684.5063354492188,687.111474609375,686.6688354492187,-11.29998779296875,0.00715692711505822,37.24704764025314,1
2026-02-06,686.96923828125,688.6503070282812,677.2508650473027,677.8576866055596,89127600,684.2377685546875,687.2497436523438,686.7240417480468,1.3826904296875,0.008446249054051556,49.25438662092715,1
2026-02-09,690.2816772460938,692.1915108078678,684.7013472083629,685.7755944360715,73885200,683.947314453125,687.3711059570312,686.7180755615234,1.213623046875,0.008382957883017286,63.8752424887012,0
2026-02-10,688.4613037109375,692.8579216647231,688.0037135108784,691.276360737094,65185700,684.4625732421875,687.035888671875,686.5668792724609,-3.3521728515625,0.008394914721268043,56.339578866449635,0
2026-02-11,688.3021850585938,693.4547952732178,685.5368515439336,692.7087599208829,76353900,685.6104736328125,686.6917236328125,686.4768585205078,-3.441650390625,0.008384110072146024,53.00522507939102,0
2026-02-12,677.668701171875,691.6742279947084,676.7734344520502,690.5701102294341,118829000,686.33662109375,685.4214782714844,686.0247619628906,-12.70245361328125,0.009010186734962298,43.368957606637686,1
2026-02-13,678.1461181640625,682.6522007204912,673.9384983110481,678.0864377658819,96267500,684.5719970703125,684.4048828125,685.5030334472656,-10.16595458984375,0.008981981134222739,40.3684578229469,1
2026-02-17,679.2402954101562,681.31927396984,672.2077222570326,676.5446598627462,81354700,682.363720703125,683.155517578125,685.0648620605468,-12.49365234375,0.008997069816609825,38.57970792738433,1
2026-02-18,682.662109375,685.507036973797,679.2204384959671,680.4041503420104,73570300,681.2038818359375,682.8332275390625,685.4980590820312,-3.222900390625,0.0077707956142053555,42.22451221283813,0
2026-02-19,680.8616333007812,682.5526587813481,677.9471293624403,680.225062656192,58649400,679.715771484375,682.6631225585937,685.4522979736328,-1.7010498046875,0.00736262056366554,41.91745432285776,1
2026-02-20,685.7855834960938,686.4122580979458,678.126274472082,678.7131823752115,100034000,681.3391479492187,683.8378845214844,685.4746795654297,11.74761962890625,0.007451381713640274,47.952349104839094,0
2026-02-23,678.7827758789062,686.3525334522094,676.7734345413753,684.1940214696967,90558100,681.4664794921875,683.01923828125,685.1344909667969,-8.18646240234375,0.007795870222015116,40.0792752829056,1
2026-02-24,683.7164916992188,684.7112054782021,676.4053697086953,678.295350173768,73798700,682.36171875,682.3627197265625,684.8669128417969,-6.565185546875,0.007892692171951722,48.315271664755706,1
2026-02-25,689.4859008789062,690.0130676270821,686.4519751919497,686.53156929616,56369500,683.7264770507812,682.4651794433594,684.7505340576172,1.02459716796875,0.00808228932136273,55.18164774845231,0
2026-02-26,685.6561889648438,689.6350440416309,680.7323436648176,689.615191050754,71671000,684.6853881835938,682.2005798339844,684.4461517333984,-2.64599609375,0.0081724811378581,59.3529170716176,0
2026-02-27,682.3637084960938,683.2291046432514,678.0367277603054,679.4790749097389,83308900,684.0010131835937,682.6700805664062,684.0457794189454,4.69500732421875,0.008225160586786847,45.61138827788124,1
2026-03-02,682.751708984375,684.9798583327654,674.4359156260907,675.1123137702438,87477200,684.7947998046875,683.1306396484375,683.7677612304688,4.6055908203125,0.00820822082563841,42.40117667783148,0
2026-03-03,676.7337036132812,679.0016196644848,666.1200629162043,671.4915420947397,105003100,683.3982421875,682.87998046875,683.0177490234375,-2.506591796875,0.008313908798921792,39.089501914142396,1
2026-03-04,681.5082397460938,683.4579005621853,676.0273572426378,678.026741603972,79182200,681.8027099609375,682.7645935058594,682.7989105224609,-1.15386962890625,0.008311444779094863,44.179277743497494,0
2026-03-05,677.70849609375,681.9062201445739,672.0386149612469,678.474445192334,106606500,680.2131713867187,682.4492797851562,682.556201171875,-3.15313720703125,0.008334134878153305,50.03861616714404,0
2026-03-06,668.82568359375,672.5359467168151,666.2195382406165,669.8502072585248,100687000,677.50556640625,680.7532897949219,682.2955871582031,-16.95989990234375,0.008382606209223773,42.224111943946546,1
2026-03-09,674.6845703125,676.3258117079225,658.888509802078,662.8673651303956,102667700,675.892138671875,680.3434692382813,681.6813537597657,-4.09820556640625,0.007366156284319924,46.47914828983429,0
2026-03-10,673.6002807617188,679.7476047325034,671.1930903760745,674.1374043547928,81505300,675.2654541015625,679.3318481445312,680.8472839355469,-10.1162109375,0.007243684292346981,42.73412503046432,0
2026-03-11,672.7548217773438,676.4849986405864,669.7806371390539,673.9982140650914,68441700,673.5147705078125,677.658740234375,680.0619598388672,-16.7310791015625,0.007235814672420392,43.39877142061946,0
2026-03-12,662.5390625,668.0995392824933,662.3500644519811,667.6120785283837,108882200,670.4808837890625,675.3470275878906,678.7738037109375,-23.11712646484375,0.00788198196281822,32.572677331590924,0
2026-03-13,658.7890014648438,668.7859240392634,657.863924887251,665.7321452917186,97200200,668.4735473632812,672.9895568847656,677.8298187255859,-23.57470703125,0.0072753850487811,34.24269419922882,1
2026-03-16,665.493408203125,668.5173163233716,663.5934708305671,664.8468199428278,82023100,666.6353149414062,671.2637268066406,677.1971832275391,-17.25830078125,0.007713785832587739,36.028148950965836,1
2026-03-17,667.2440185546875,670.8747480492216,666.1598145596139,668.8355969918504,87128000,665.3640625,670.3147583007812,676.5973693847657,-9.48968505859375,0.0077346421849232945,31.826972466998797,0
2026-03-18,657.9335327148438,666.1796881508768,657.6948111200146,664.8268919718373,82062600,662.3998046875,667.9572875976562,675.3609405517578,-23.57470703125,0.008127978642521901,29.210773957078473,0
2026-03-19,656.3121948242188,659.4753776238247,651.7066647804095,653.4971375917409,111272500,661.1544311523437,665.8176574707031,674.1334686279297,-21.39630126953125,0.008127144967910997,29.961728849461792,0
2026-03-20,646.9034423828125,655.0025723674255,643.063298812559,654.8230422006715,163617500,658.7773193359375,663.6254333496094,672.1893615722656,-21.9222412109375,0.008294390874128456,25.786426434745906,1
2026-03-23,653.6959228515625,660.9173090129275,652.2596206790361,656.3790129905765,134802700,656.417822265625,661.5265686035157,670.9350189208984,-20.9886474609375,0.008617687334681335,34.600336021450545,0
2026-03-24,651.5015869140625,655.3417305137531,648.2100787416998,649.6463809650626,96457500,653.2693359375,659.31669921875,669.3242736816406,-22.09869384765625,0.008349579455570898,29.225357766747834,1
2026-03-25,655.1322021484375,659.1917509309695,652.5588148295345,656.9774239230809,90653800,652.7090698242188,657.5544372558594,667.6065887451172,-17.62261962890625,0.008177020716896901,34.332961730562005,0
2026-03-26,643.432373046875,653.1672421520028,643.1630473705688,650.3844333840033,96494400,650.13310546875,655.6437683105469,665.4953979492187,-19.106689453125,0.008852295920084899,33.0411225589544,0
2026-03-27,632.4606323242188,641.0085567819559,631.4831091918358,640.8489947137006,103649400,647.2445434570312,653.0109313964844,663.000244140625,-26.328369140625,0.009381627385794115,23.603493603073886,0
2026-03-30,630.3460693359375,638.7245091624994,627.6630399662237,638.4651675144013,99275900,642.5745727539063,649.4961975097656,660.3799621582032,-35.1473388671875,0.00932751586823805,23.303309412141417,1
2026-03-31,648.6688842773438,649.865752001465,636.3405988140365,637.2981538716512,152534100,642.0080322265625,647.6386840820312,658.9767211914062,-18.57513427734375,0.01180395564879191,37.772120394837955,1
2026-04-01,653.5562744140625,656.8278752918841,651.3220400966815,652.219751792706,97841500,641.6928466796875,647.2009582519531,657.5791229248047,-4.37725830078125,0.0118238802136477,45.17880869330496,1
2026-04-02,654.144775390625,656.5086804928782,643.4522901873171,644.7589215344626,68358700,643.8353271484375,646.9842163085938,656.4009368896484,-2.16741943359375,0.011810214103016314,47.41981316017023,1
2026-04-06,657.23681640625,658.0247645183308,653.8356054757206,654.1746977251443,39105800,648.7905639648437,648.0175537109375,655.8214935302734,10.3333740234375,0.011574667630270642,45.22107762092501,1
2026-04-07,657.5260009765625,657.9150134208243,649.386996170508,654.9626585699763,69980400,654.2265502929688,648.4005615234375,654.9635650634766,3.830078125,0.011360136063945479,44.278408159862465,1
2026-04-08,674.27294921875,675.3402070755335,669.734652974974,674.6519776493207,93606100,659.34736328125,650.6776977539063,654.9971984863281,22.7713623046875,0.012830599117840017,58.8454536142767,1
2026-04-09,678.162841796875,679.4096297331154,672.0386657215836,673.1059235004034,57134400,664.2686767578125,652.98076171875,655.2675994873047,23.0306396484375,0.012886766113263257,61.545417546276674,0
2026-04-10,677.7140502929688,680.2774536083281,676.7066358948267,679.5692561407437,42253500,668.9825317382813,656.4089294433594,656.0263488769531,34.28167724609375,0.012355913268979214,67.98232833643131,1
2026-04-13,684.3369750976562,684.536473353906,674.8414790590384,675.669302461078,54185800,674.4025634765625,661.5965637207031,657.3037475585937,51.8763427734375,0.012386459271934614,67.9188335445184,1
2026-04-14,692.675537109375,692.7952238870419,685.8929616905456,685.9229138241225,63480500,681.432470703125,667.8295104980468,658.6628540039062,62.3294677734375,0.01246431866678631,72.46412235296626,1
2026-04-15,698.1414184570312,698.480571570673,692.4161778504387,693.4734516118131,58240400,686.2061645507813,672.7767639160156,660.2077239990234,49.4725341796875,0.012531930677277215,73.00473177366099,1
2026-04-16,699.8569946289062,700.9741726960574,696.7350934539525,699.2585607342904,49972400,690.5449951171875,677.4068359375,662.3038970947266,46.30072021484375,0.011931816080299758,83.78929793512913,1
2026-04-17,708.3152465820312,710.5594650064761,703.9464965121796,704.3255249385737,70661900,696.665234375,682.8238830566406,664.9040496826171,54.17047119140625,0.012014084550126813,96.83463496327248,0
2026-04-20,706.8988037109375,708.0857482546458,704.3254772575062,706.9587079747221,43546800,701.1776000976563,687.7900817871093,667.9038177490235,49.6619873046875,0.011326195866155112,97.67668166889673,0
2026-04-21,702.2708129882812,709.4523240430285,700.8345107773317,708.4548936431559,58941400,703.0966552734375,692.2645629882812,670.3325622558593,44.74481201171875,0.01149152117225324,90.24871125516049,1
2026-04-22,709.3825073242188,709.6218808832724,706.4001392457644,707.3278031045794,42518500,705.344873046875,695.7755187988281,673.2266082763672,35.10955810546875,0.011454111183916545,90.56391234199643,0
2026-04-23,706.6295776367188,710.5295037064266,700.4754491270062,707.6768673789517,56174000,706.6993896484375,698.6221923828125,675.8014770507813,28.46673583984375,0.011594191632618003,86.97304729858138,1
2026-04-24,712.10546875,712.6340752101273,707.1881441382454,708.9236633096505,45182000,707.4574340820312,702.0613342285156,679.2351318359375,34.39141845703125,0.0104252081458292,87.39635557670644,1
2026-04-27,713.332275390625,713.7911152864904,710.4696550399041,711.3374146094498,33135900,708.7441284179688,704.9608642578125,683.2787139892578,28.99530029296875,0.009080897450863375,87.55540914871175,0
2026-04-28,709.8612060546875,711.0481506026886,707.4274735730012,709.9908768700561,43117400,710.26220703125,706.6794311523438,687.2544708251953,17.1856689453125,0.00916994345194211,79.15984860911627,0
2026-04-29,709.7515258789062,710.3699278433978,706.5497524472755,709.1729992133655,41859200,710.3360107421875,707.8404418945313,690.3086029052735,11.610107421875,0.007471200657275297,77.59198857826479,1
2026-04-30,716.8132934570312,717.9403946619685,708.6244289610544,712.7936806635566,67240900,712.37275390625,709.5360717773438,693.4714538574219,16.956298828125,0.0075414034371195805,80.61542255459717,1
2026-05-01,718.7982177734375,723.0073446973263,718.6186267345964,719.3966516418469,43049800,713.7113037109375,710.5843688964844,696.7041259765625,10.48297119140625,0.007503898214851349,79.09719352022584,0
2026-05-04,716.1649780273438,720.2644021704073,713.152718877996,718.2196821209096,51950600,714.2778442382812,711.510986328125,699.6505340576172,9.26617431640625,0.0077362103700318475,71.94776576488206,1
2026-05-05,721.9102172851562,723.1769124909786,719.6360467603954,719.9153564929043,36933200,716.687646484375,713.4749267578125,702.8697448730469,19.639404296875,0.007721279667302619,72.09345073299143,1
2026-05-06,731.9443359375,732.7023927493656,725.9497697512824,726.288861980811,53288900,721.1262084960938,715.7311096191406,705.7533142089844,22.56182861328125,0.006405303179948062,75.83103956226888,0
2026-05-07,729.7001342773438,734.238430329629,727.8748196364371,733.161188473549,51724600,723.7035766601563,718.0381652832032,708.3301788330078,23.070556640625,0.00658845853232334,69.12917667613016,1
2026-05-08,735.724609375,736.1834492768152,732.6824588199246,733.0415191543954,47227100,727.0888549804688,720.4000793457031,711.2307067871094,23.619140625,0.0065802355340757075,73.82139376857413,1
2026-05-11,737.4002685546875,738.8864300819614,734.5576163199453,734.5576163199453,44024000,731.3359130859375,722.8068786621094,713.8838714599609,24.0679931640625,0.006454529294233203,80.51991299432511,0
2026-05-12,736.2831420898438,736.9414802248905,729.9494836014034,734.9964788307154,54185300,734.210498046875,725.449072265625,716.0642517089843,26.42193603515625,0.006236733276325045,76.0881815340613,1
2026-05-13,740.4025268554688,741.9983910774667,733.5800764180441,736.5723674930287,44200200,735.9021362304687,728.5141723632812,718.1773071289062,30.6510009765625,0.006164139697445115,81.90727713066543,1
2026-05-14,746.2474975585938,747.6040491923611,741.649357949993,741.7391534739264,45307600,739.2116088867188,731.4575927734375,720.4968322753906,29.4342041015625,0.006259908000318341,82.03257870667827,0
2026-05-15,737.2706298828125,741.5496453663399,736.0637780312098,739.8838927249178,60410800,739.5208129882812,733.304833984375,721.9446014404297,18.472412109375,0.006766884134468601,69.60786862429059,0
2026-05-18,736.751953125,739.5147938000424,731.5054597381557,737.9289136337939,47843900,739.3911499023437,735.3635314941406,723.4372589111329,20.58697509765625,0.006732406813278536,73.14563037429919,0
2026-05-19,731.8446044921875,735.7545755811656,729.650306265128,732.8919551385734,54255900,738.5034423828125,736.3569702148437,724.9159484863281,9.93438720703125,0.0067401423942519915,67.56541664685153,1
2026-05-20,739.3452758789062,739.9636778498481,732.0042028263388,733.8195334397973,45768000,738.2919921875,737.0970642089844,726.4140869140625,7.40093994140625,0.006747871086028495,67.7902130792985,1
2026-05-21,740.8114624023438,742.9559620700644,735.1361419849363,736.7419902854853,43332200,737.20478515625,738.2081970214844,728.1231811523437,11.111328125,0.006600468965440429,67.52418981020341,1
2026-05-22,743.7239990234375,747.015507083493,742.566945697205,744.3224328967863,41762000,738.495458984375,739.0081359863282,729.7041076660156,7.9993896484375,0.006491485144768837,71.841915588342,1
2026-05-26,748.6613159179688,750.1973368284331,746.4469887578754,748.0827892360243,41123600,740.8773315429687,740.1342407226563,731.4705596923828,11.26104736328125,0.0065653288146937895,71.47663437829532,0
2026-05-27,748.5316162109375,749.4492351039673,746.2973210478585,748.9505199197505,42106300,744.2147338867187,741.3590881347657,733.4040802001953,12.24847412109375,0.006371459791654621,65.83507552609561,1
2026-05-28,752.6609497070312,753.2095851254732,747.3047533704411,748.3221518516883,41562600,746.8778686523438,742.5849304199219,735.5495513916015,12.2584228515625,0.006365098484089743,71.15804274465691,1
2026-05-29,754.5361328125,756.1320579864754,752.7507543048832,753.9576670103595,55075700,749.622802734375,743.4137939453125,737.435693359375,8.28863525390625,0.006148755102119701,68.76986862651,1
2026-06-01,756.5908203125,758.3264003155792,752.7507376917755,753.4189990020213,43634900,752.1961669921875,745.3458129882813,739.3253234863281,19.3201904296875,0.0061486914857036955,69.00431320023016,1
2026-06-02,757.6182250976562,758.4461093852723,754.805464031348,755.0847737682097,31581900,753.987548828125,747.4324401855469,741.3979858398437,20.86627197265625,0.005980411610852533,71.16564417177915,0
2026-06-03,752.3018798828125,756.8501599793441,751.6336185743088,756.2018667594974,51402500,754.7416015625,749.4781677246094,742.9175689697265,20.457275390625,0.006233913185296998,61.53100007215784,1
2026-06-04,755.1445922851562,756.3614281257201,749.5389775481502,750.1673635570705,49923000,755.238330078125,751.0580993652344,744.0775817871094,15.79931640625,0.0056030381129245545,59.15433695897912,0
2026-06-05,735.65478515625,750.8855669656407,733.6400171295905,750.3768677170906,93989400,751.462060546875,750.542431640625,744.3753143310547,-5.15667724609375,0.008268682146931505,48.63314002957382,1
2026-06-08,737.3204345703125,743.4247643242134,736.2931129658897,741.4498108327123,49319100,747.6079833984375,749.9020751953125,744.4551055908203,-6.403564453125,0.008076876426700807,50.47173060404208,0
2026-06-09,735.1560668945312,744.9807928982774,720.7332622187009,741.7191759970133,87683500,743.1155517578125,748.5515502929687,744.3428955078125,-13.5052490234375,0.008088358285495085,52.878936616168325,0
2026-06-10,723.56591796875,736.4826536495077,723.4661992814284,731.5054857614351,60341300,737.368359375,746.05498046875,743.7070343017579,-24.9656982421875,0.00881286067702024,37.192366416751796,1
2026-06-11,735.8642578125,738.0984921563339,722.5485255148498,726.8873842592473,86330500,733.5122924804688,744.3753112792969,743.4801208496094,-16.79669189453125,0.009585522328253996,46.58500393090041,1
2026-06-12,739.843994140625,742.5270843334097,733.1412911200548,738.8066884479139,57079500,734.3501342773437,742.9060974121094,743.159945678711,-14.692138671875,0.00948980755311133,47.360567197791795,1
2026-06-15,752.890380859375,754.7356026867302,749.8282623277308,749.9179969688896,60176400,737.4641235351562,742.5360534667968,743.9409332275391,-3.700439453125,0.00988441923163148,52.59102756348651,0
2026-06-16,748.4019775390625,753.4988323298886,747.9531216783239,752.6111046530555,67093100,740.1133056640625,741.6144287109375,744.5234344482421,-9.21624755859375,0.010003987330826818,49.924601067228586,0
2026-06-17,739.0560302734375,750.217278570044,737.3204502885575,749.3594421826946,85945200,743.211328125,740.28984375,744.8840057373047,-13.245849609375,0.010313763671082202,42.53994539407233,1
2026-06-18,746.739990234375,748.22998046875,743.8599853515625,747.760009765625,80875700,745.386474609375,739.4493835449218,745.2537414550782,-8.40460205078125,0.01032114586907451,45.98111692554753,0
2026-06-22,744.3900146484375,750.1799926757812,743.1300048828125,747.7000122070312,46628100,746.2956787109375,740.3229064941406,745.4326690673828,8.7352294921875,0.010347331578032793,43.72961870430481,0
2026-06-23,733.5800170898438,739.6300048828125,732.2999877929688,733.8099975585938,66846800,742.4336059570312,739.9488647460937,744.9254699707031,-3.74041748046875,0.01081777331965398,38.774722618716446,0
2026-06-24,733.239990234375,739.9500122070312,730.8400268554688,735.1699829101562,57439500,739.4012084960938,739.7572570800781,744.1544036865234,-1.91607666015625,0.0106823114326326,40.66467312157596,1
2026-06-25,734.2999877929688,739.3699951171875,729.5999755859375,738.9099731445312,53934400,738.45,740.8306640625,743.442822265625,10.73406982421875,0.010694918021373269,39.610191271925444,0
2026-06-26,728.989990234375,736.530029296875,716.5800170898438,728.9500122070312,71034000,734.9,740.1432373046875,742.2592742919921,-6.874267578125,0.010671926402026148,46.13109958744389,1
2026-06-29,741.0,741.5599975585938,732.0900268554688,736.530029296875,58035200,734.2219970703125,740.258837890625,741.5824676513672,1.156005859375,0.011384379199809384,51.906959265735594,1
2026-06-30,746.77001953125,748.02001953125,740.8900146484375,741.2899780273438,55626000,736.8599975585937,739.6468017578125,741.0914276123046,-6.120361328125,0.011523322208717325,55.80216361062814,0
2026-07-01,745.760009765625,749.4400024414062,742.3800048828125,745.0,47100900,739.3640014648438,739.3826049804687,740.4985168457031,-2.6419677734375,0.011515144857226971,62.39854502207426,0
2026-07-02,744.780029296875,751.3099975585938,740.030029296875,747.4000244140625,57447800,741.460009765625,739.9550048828125,740.1224243164063,5.7239990234375,0.011421369370196093,55.70175507075085,1
2026-07-06,751.280029296875,752.4099731445312,747.4099731445312,748.739990234375,50673300,745.918017578125,740.4090087890625,739.9291961669921,4.5400390625,0.011570214605700655,57.085109955183,0
2026-07-07,747.7100219726562,750.9600219726562,745.2100219726562,750.219970703125,43721500,747.2600219726562,740.7410095214843,740.5319580078125,3.32000732421875,0.009962909492881028,46.36355456917494,0
2026-07-08,745.4000244140625,746.1500244140625,739.510009765625,743.1599731445312,43767400,746.9860229492188,741.9230102539062,740.9359375,11.82000732421875,0.009995067629772897,47.826244526276525,1
2026-07-09,751.7100219726562,751.969970703125,745.5900268554688,747.3499755859375,41441700,748.176025390625,743.7700134277344,741.7636352539063,18.47003173828125,0.010107742541418184,59.58432764131501,1
2026-07-10,754.9500122070312,755.4199829101562,748.0999755859375,752.0499877929688,42191300,750.2100219726562,745.8350158691406,743.3328399658203,20.6500244140625,0.009302973147082165,56.667225106392685,0
2026-07-13,749.1699829101562,753.9099731445312,748.0,752.469970703125,44013600,749.7880126953125,747.8530151367188,743.9981262207032,20.17999267578125,0.008857068936028207,53.67689521024713,1
2026-07-14,751.8300170898438,753.3400268554688,748.6599731445312,750.9099731445312,35143100,750.61201171875,748.9360168457031,744.5974273681641,10.83001708984375,0.00881732633233927,66.0509838614091,1
2026-07-15,754.8099975585938,755.5800170898438,750.2000122070312,754.239990234375,43844800,752.4940063476563,749.7400146484375,744.693408203125,8.03997802734375,0.007932461851327071,68.1290878591545,0
2026-07-16,750.719970703125,754.5700073242188,747.8800048828125,752.760009765625,46409800,752.29599609375,750.2360107421875,744.8093078613281,4.9599609375,0.007911320377168301,63.131767234941115,0
2026-07-17,743.2899780273438,747.2899780273438,740.7999877929688,742.0800170898438,62651000,749.9639892578125,750.0870056152344,745.0210052490235,-1.49005126953125,0.007711600299186591,61.061239982890534,0
2026-07-20,742.0900268554688,748.72998046875,741.510009765625,747.0599975585938,50422300,748.547998046875,749.1680053710937,744.7885070800781,-9.19000244140625,0.007343963901194652,51.01247121438719,1
2026-07-21,748.280029296875,749.0399780273438,744.1799926757812,746.2899780273438,34324300,747.8380004882813,749.2250061035156,744.9830078125,0.57000732421875,0.007554727429258048,51.39171406970046,0
2026-07-22,747.4099731445312,750.02001953125,746.3699951171875,746.6199951171875,32836200,746.3579956054688,749.4260009765625,745.6745056152344,2.00994873046875,0.006720972217312937,51.52463681800801,0
2026-07-23,738.1799926757812,742.5599975585938,735.2100219726562,739.3699951171875,55437300,743.85,748.072998046875,745.9215057373046,-13.530029296875,0.007349194829637877,44.708120821331356,1
2026-07-24,738.9299926757812,743.719970703125,737.2899780273438,738.510009765625,44782000,742.9780029296875,746.47099609375,746.1530059814453,-16.02001953125,0.007346486284564974,39.09200980270599,1
2026-07-27,739.0900268554688,745.530029296875,735.8699951171875,744.9099731445312,41461200,742.3780029296875,745.4630004882813,746.6580078125,-10.0799560546875,0.007128015324387998,41.89851198329566,1
2026-07-28,740.8599853515625,742.7899780273438,735.97998046875,739.1900024414062,47322200,740.893994140625,744.3659973144531,746.6510070800781,-10.97003173828125,0.006112213574176402,45.68929347158379,0
2026-07-29,729.4600219726562,742.6799926757812,729.0999755859375,739.969970703125,70697200,737.30400390625,741.8309997558594,745.7855072021484,-25.3499755859375,0.006725822539286058,30.735930735930737,1
2026-07-30,741.6900024414062,742.4500122070312,734.5900268554688,736.0499877929688,66811300,738.006005859375,740.9280029296875,745.5820068359375,-9.02996826171875,0.007827188521966814,40.06591871001255,1
2026-07-31,747.030029296875,748.9000244140625,737.6799926757812,744.6799926757812,62445900,739.6260131835937,741.3020080566406,745.6945068359375,3.74005126953125,0.00799566293374485,48.38615836554634,0
