Date,Close,High,Low,Open,Volume
2015-01-02,169.6878204345703,170.88554919758974,168.6553043312476,170.47254275626065,121465900
2015-01-05,166.6233367919922,168.8122661140158,166.3177160273211,168.6470660413276,169632600
2015-01-06,165.05393981933594,167.44937271154942,164.26096171619886,166.928980437492,209151400
2015-01-07,167.1106719970703,167.44934031956146,165.9294795701786,166.3755210016873,125346700
2015-01-08,170.0760955810547,170.29086705779733,168.4984201081495,168.5149312956221,147217800
2015-01-09,168.713134765625,170.5055812455194,168.10188068241575,170.48905745841736,158567300
2015-01-12,167.3915252685547,169.00226066188512,166.7885393225758,168.8453161791333,144396100
2015-01-13,166.9207305908203,169.729170120032,165.6238839596993,168.60579178755538,214553300
2015-01-14,165.91297912597656,166.11122679229365,164.0214148168744,164.91349780540452,192991100
2015-01-15,164.3931121826172,166.86288300701946,164.27747086579527,166.54900663505038,176613900
2015-01-16,166.54905700683594,166.70600154226656,164.00493466334035,164.18665858815876,211879600
2015-01-20,166.9041748046875,167.44934637710867,165.34301083199583,167.18501618298058,130991100
2015-01-21,167.7467498779297,168.22583901130292,165.9790822636024,166.44164760507718,122942700
2015-01-22,170.24122619628906,170.37337865214468,167.127154720781,168.49833885740782,174356000
2015-01-23,169.30792236328125,170.2413212891238,169.17575722964745,169.98524661622298,117516800
2015-01-26,169.704345703125,169.795207625169,168.3827326417059,169.09310423115286,92009700
2015-01-27,167.4658966064453,168.60578608771726,166.63988352531177,167.6558760859974,134044600
2015-01-28,165.31825256347656,168.74620170511815,165.12827308965936,168.64708417164115,168514300
2015-01-29,166.8463592529297,167.1024212491774,164.11224581839372,165.51647790768044,173585400
2015-01-30,164.748291015625,166.99504739330268,164.48397340858196,165.67343415017112,197729700
2015-02-02,166.78854370117188,166.87940563546837,163.4349329327051,165.24390342208943,163107000
2015-02-03,169.2004852294922,169.20875342530874,167.30892116918625,167.68062446617702,124212900
2015-02-04,168.5562286376953,169.64657196321926,168.101918918727,168.4405873095906,134306700
2015-02-05,170.25779724121094,170.40648613676643,169.14268724235677,169.2170253881554,97953200
2015-02-06,169.78695678710938,171.18292062670562,169.26656461865574,170.62122529181084,125672000
2015-02-09,169.0270538330078,169.8613224730138,168.62230290257145,169.14269515542406,87219000
2015-02-10,170.82774353027344,171.08380553916865,169.0683318377307,170.05955750358785,96164200
2015-02-11,170.9268798828125,171.35641021173268,170.01827306097127,170.66256225237188,91087800
2015-02-12,172.57061767578125,172.62844463006107,170.95989500311532,171.71982537678446,97545900
2015-02-13,173.28094482421875,173.33050357005138,172.43840833320314,172.6944828599278,93670400
2015-02-17,173.5535888671875,173.72705713986363,172.7193202893553,172.9671141018099,76968200
2015-02-18,173.57012939453125,173.64446754543653,172.91757201491595,173.18190224563585,80652900
2015-02-19,173.44618225097656,173.80962993740306,172.83494078194687,172.97536146007414,91462500
2015-02-20,174.48699951171875,174.56133766054108,172.4136987099765,173.03320849141335,140896400
2015-02-23,174.46221923828125,174.46221923828125,173.85922064591023,174.2391921889939,74411100
2015-02-24,174.9578094482422,175.1560571033271,174.090493287688,174.38785846833633,72472300
2015-02-25,174.80911254882812,175.31298091762983,174.47044423780673,174.83389192729734,73061700
2015-02-26,174.6026153564453,174.87520113297848,173.99961684898244,174.7182566612815,72697900
2015-02-27,174.00794982910156,174.76788048723196,173.95839105200025,174.5035502040762,108076000
2015-03-02,175.10646057128906,175.16427491407825,174.05742077083383,174.10697952292608,87491400
2015-03-03,174.3878631591797,175.15606181483415,173.52881517195365,174.67697275512717,110325800
2015-03-04,173.6527099609375,173.86748140808916,172.68627626062957,173.7931306588669,114497200
2015-03-05,173.84271240234375,174.12355381496485,173.3388439366605,173.9748649116038,76873000
2015-03-06,171.39772033691406,173.4131943420877,171.067320134475,172.98366399574914,188128000
2015-03-09,172.1080780029297,172.46325756122909,171.4390094552801,171.5959539499552,89818900
2015-03-10,169.31617736816406,170.82778299344065,169.2748741885522,170.74518923817772,157121300
2015-03-11,168.9196319580078,169.7456448282181,168.8370256294043,169.57217657973325,110145700
2015-03-12,171.0673065185547,171.13337647061587,169.497874171987,169.5474329380123,93993500
2015-03-13,170.01820373535156,171.75282292645545,168.98568781066325,170.79465772734986,162410900
2015-03-16,172.28977966308594,172.380641590183,170.0430234693745,170.74513950639326,136099200
2015-03-17,171.77767944335938,172.1576383881858,170.96817757941653,171.55465239072544,94510400
2015-03-18,173.84271240234375,174.51178095757123,170.67081270488325,171.30684628378546,228808500
2015-03-19,173.04977416992188,173.85100802284418,172.66154693793015,173.42974580692123,117917300
2015-03-20,174.5771942138672,175.0833117613719,173.81387167111257,173.99640669875154,177715100
2015-03-23,174.23699951171875,175.15796701554652,174.23699951171875,174.5854719915161,71784500
2015-03-24,173.2580108642578,174.56892610753695,173.1916333255744,174.11260110194763,77805300
2015-03-25,170.71914672851562,173.69778073363207,170.67767183742748,173.46546563855657,159521700
2015-03-26,170.3125762939453,171.2252389858429,169.3584133966899,170.05537123840853,153067200
2015-03-27,170.7025146484375,170.8767445914697,170.00555689564965,170.1963970468826,118939000
2015-03-30,172.78501892089844,173.08371141679822,171.7147115290507,171.73129641311075,96180400
2015-03-31,171.27499389648438,172.66060427186957,171.21692146997367,171.963646532205,126768700
2015-04-01,170.6693115234375,171.26669662045506,169.6819663586385,171.24180662976426,137303600
2015-04-02,171.2832794189453,171.73131187302016,170.4203842819018,170.6029193047295,86900900
2015-04-06,172.4365692138672,172.95097921240085,170.26275905467685,170.3955014457633,114368200
2015-04-07,171.9803009033203,173.20825397190754,171.947118457239,172.46152866295316,81236300
2015-04-08,172.56103515625,173.0007752267654,171.81431007882907,172.2042701655457,89351900
2015-04-09,173.3243408203125,173.55665582878575,171.90556078000932,172.3950807864195,85548900
2015-04-10,174.27020263671875,174.31169017357283,173.37413767380824,173.57325759435778,72722900
2015-04-13,173.48196411132812,174.75970915796125,173.4321841386416,174.1291290766868,74436600
2015-04-14,173.8139190673828,173.99645414479616,172.66063616566487,173.28291138587718,75099900
2015-04-15,174.59375,175.0998674631492,174.19549757890078,174.27847263589555,99529300
2015-04-16,174.54400634765625,175.05012391611444,174.06277876943213,174.26191135152382,68934900
2015-04-17,172.53611755371094,173.59813257219798,171.75619750508687,173.35752513560135,191113200
2015-04-20,174.11251831054688,174.44439318593473,173.3740859516262,173.45704834036567,92189500
2015-04-21,173.90512084960938,174.95053826659614,173.6064283504393,174.7928932447818,72559800
2015-04-22,174.75978088378906,174.94231596536792,173.32439022771675,174.24535808105674,78264600
2015-04-23,175.1995086669922,175.84667385227195,174.2453457787927,174.3615033079398,102585900
2015-04-24,175.6060028076172,175.87151288886338,175.15797037078605,175.61430791029204,61327400
2015-04-27,174.87591552734375,176.2946957863419,174.685075365081,176.17024581984043,79358100
2015-04-28,175.43179321289062,175.4815731938354,173.68112547509182,174.85100566816996,86863500
2015-04-29,174.7099609375,175.30733337852325,173.90515080555448,174.5440107847622,125684900
2015-04-30,172.95925903320312,174.52739144939122,172.2623014458399,174.1374314558223,161304900
2015-05-01,174.83445739746094,174.875944946681,173.63968687716945,173.73924686711956,103399700
2015-05-04,175.3322296142578,175.9130171469318,175.14969458110048,175.25754698417074,70927200
2015-05-05,173.3243408203125,175.44838364955402,173.1832933266122,175.09160603354397,113326200
2015-05-06,172.6107940673828,174.1789266667018,171.54877900859634,173.8719416972736,135060200
2015-05-07,173.29945373535156,173.722608883763,172.17936621005825,172.5112411819484,88244900
2015-05-08,175.5811309814453,175.78026356297747,174.884185936411,174.96716101043745,155877300
2015-05-11,174.7431640625,175.80517933263093,174.66849408105816,175.53968184520852,75708100
2015-05-12,174.22039794921875,174.7597105314007,173.09200547199407,173.91341300842794,119727600
2015-05-13,174.2535858154297,175.24922321636743,174.02127084388474,174.6269482582543,94667900
2015-05-14,176.07070922851562,176.16197676947698,174.99209628812372,175.2658989110078,95934000
2015-05-15,176.26153564453125,176.40258317781456,175.78030794615304,176.26153564453125,76510100
2015-05-18,176.80909729003906,177.05799719315343,176.02917716636372,176.09555469393385,74549700
2015-05-19,176.75096130371094,177.19900632072304,176.46886638794197,176.92520384593013,72114600
2015-05-20,176.62655639648438,177.3732814015002,176.31126631603755,176.85056630185804,76857500
2015-05-21,177.14102172851562,177.34844681250686,176.31961383823028,176.48556403360118,64764600
2015-05-22,176.7178497314453,177.1741747121736,176.65147219637822,176.7593246131695,57433500
2015-05-26,174.81781005859375,176.65145286603982,174.4029600049852,176.228297708819,124308600
2015-05-27,176.47718811035156,176.70950309837983,174.8675680788576,175.27412563801573,93214000
2015-05-28,176.278076171875,176.38592856818985,175.58942361904656,176.17021111534228,74974600
2015-05-29,175.18295288085938,176.2532608931474,174.9174553196087,176.2117859987381,124919600
2015-06-01,175.53965759277344,176.17851755936138,174.75143236349666,175.84664258087983,93338800
2015-06-02,175.3654327392578,176.0540854164766,174.46106257022674,175.0833377129909,91531000
2015-06-03,175.83006286621094,176.45233800913786,175.34054279222792,175.89644040068288,87820900
2015-06-04,174.34490966796875,175.78028749043622,174.02961953601317,175.12482989319332,151882800
2015-06-05,174.04620361328125,174.71825870761285,173.39073340655372,174.19554356303513,121704700
2015-06-08,172.975830078125,174.0876375560612,172.90116012623682,173.9382849920692,89063300
2015-06-09,172.9509735107422,173.49028614130725,172.32040602815917,172.9509735107422,105034700
2015-06-10,175.02523803710938,175.40690566336218,173.65623790120128,173.714310326372,134551300
2015-06-11,175.58941650390625,175.971071417342,175.23263891764168,175.46495390674622,73876400
2015-06-12,174.24534606933594,175.46500645752488,173.9715434658424,174.7680612814801,135382400
2015-06-15,173.49859619140625,173.78069119959363,172.40338593342784,173.1086361141157,124384200
2015-06-16,174.4444580078125,174.5274330875997,173.17501778043052,173.3492477236761,85308200
2015-06-17,174.7266082763672,175.33229869786726,173.70608030540652,174.7266082763672,126708600
2015-06-18,176.54360961914062,177.00823971096892,174.75975923225266,175.32394929798113,165867900
2015-06-19,175.75987243652344,176.37684161534378,175.38469380583308,176.3018084335659,130478700
2015-06-22,176.6603546142578,177.24396738249402,176.45192057404458,176.67703289958004,70696000
2015-06-23,176.78533935546875,177.11884131971792,176.39349522039953,176.86871802698082,68476800
2015-06-24,175.5013885498047,176.89372583021105,175.47637749317096,176.51854725890612,92307300
2015-06-25,174.96780395507812,176.12669626422877,174.8927707826826,176.00164097690288,97107400
2015-06-26,174.93453979492188,175.5681747423012,174.38427083646332,175.32638411427922,104174800
2015-06-29,171.26602172851562,174.9427999864751,171.19098855307968,173.45875114834269,202621300
2015-06-30,171.6245574951172,172.8501504100554,171.14932187749557,172.80011556467298,182925100
2015-07-01,173.00021362304688,173.44209266901464,172.21649977644702,173.19196933387408,135979900
2015-07-02,172.84182739257812,173.64221963939704,172.4249593461065,173.47547496516904,104373700
2015-07-06,172.3498992919922,173.1252676311306,171.35775146051736,171.55785267148914,117975400
2015-07-07,173.43380737304688,173.55886271395502,170.17389578745733,172.55004903915005,173820200
2015-07-08,170.52401733398438,172.3832449894244,170.29057227957043,172.0997778121791,164020100
2015-07-09,170.83245849609375,172.87512136158918,170.72408149408113,172.6166525800549,144113100
2015-07-10,172.98355102539062,173.40041904782046,170.87419984963972,172.82513914137888,129456900
2015-07-13,174.892822265625,175.00119930594377,174.20081978785296,174.24250913650008,106069400
2015-07-14,175.65145874023438,175.959949648478,174.79271185218707,174.85107946681126,81709600
2015-07-15,175.59315490722656,176.15175654972325,175.11791923897846,175.693199165046,97914100
2015-07-16,177.00213623046875,177.00213623046875,176.4018453575481,176.6436231738465,106683300
2015-07-17,177.15219116210938,177.2105587785068,176.5852568863609,176.9937793139445,89030000
2015-07-20,177.24391174316406,177.73581287041966,176.92710075231818,177.37731254025718,70446800
2015-07-21,176.5436553955078,177.36905888370055,176.24350982905645,177.1105899533571,77965000
2015-07-22,176.22669982910156,176.56020172134595,175.82651028020473,175.85985410853095,88667900
2015-07-23,175.234619140625,176.4602120277821,174.87611878188716,176.36016778288803,90509100
2015-07-24,173.41709899902344,175.39304937337204,173.08360966659248,175.33469446500777,117755000
2015-07-27,172.4082489013672,173.04189635575844,171.96636987227896,172.53331692506055,132361100
2015-07-28,174.52593994140625,174.6676735197943,172.41658910232414,173.24197951304296,123544800
2015-07-29,175.7265167236328,175.95161625375798,174.5092567292299,174.65099030361242,105791300
2015-07-30,175.76824951171875,175.93499418622278,174.60101134658413,175.21798063623257,91304400
2015-07-31,175.5013885498047,176.29343502740363,175.21792142675645,176.2684239707699,103266900
2015-08-03,174.90940856933594,175.5263775730522,173.95895037116605,175.46802268883158,113965700
2015-08-04,174.567626953125,175.29297311573126,174.08405860412074,174.83441582600307,81820800
2015-08-05,175.1428985595703,176.17672288604265,174.8594186980476,175.45970953616686,85786800
2015-08-06,173.70889282226562,175.43471964877418,173.12526747125386,175.32632990270608,116030800
2015-08-07,173.37535095214844,173.70050739381094,172.4749147932834,173.5504410615659,117858000
2015-08-10,175.55979919433594,175.64316516294912,174.4842726082692,174.4842726082692,80270700
2015-08-11,173.97567749023438,174.64266878819345,173.21697472978343,174.22580081719414,126081400
2015-08-12,174.18408203125,174.36750492522754,171.2159846149572,172.67502226681563,172123700
2015-08-13,173.9673614501953,174.7093860011013,173.4254254026694,174.0257163564138,89383300
2015-08-14,174.60101318359375,174.67604637963953,173.63387625077044,173.77560986168024,72786500
2015-08-17,175.57650756835938,175.57650756835938,173.5505346596282,174.0090921251245,79072600
2015-08-18,175.06787109375,175.6514837139726,174.83442604566096,175.30131614183904,71692700
2015-08-19,173.68386840820312,175.09287138975742,172.87514356925766,174.32583589007928,172946000
2015-08-20,170.05711364746094,173.65884614356457,169.998746027617,172.17479724965054,194327900
2015-08-21,164.93797302246094,170.0320998308811,164.67951693145798,168.1895379121759,346588500
2015-08-24,157.99298095703125,164.64619105211446,152.07344993271698,156.31717608187415,507244300
2015-08-25,156.1337432861328,162.9536976161637,155.84193059927358,162.93701933416563,369833100
2015-08-26,162.12828063964844,162.40340227776665,157.05081959287378,160.14398522546526,339257000
2015-08-27,166.13858032226562,166.26363563658603,162.75361411543824,164.26267427664732,274143900
2015-08-28,166.14688110351562,166.61377114946035,165.01299982544998,165.49656815069264,160414400
2015-08-31,164.80462646484375,166.0218868652278,164.25435754185625,165.17147241350207,163298800
2015-09-01,159.8855438232422,162.386751628339,159.0184513266002,161.0110797024553,256000400
2015-09-02,162.9203338623047,162.96202320130396,160.42745896303018,162.26167538279665,160269300
2015-09-03,163.03709411621094,165.12143433062988,162.5451928788408,163.6290396128962,152087800
2015-09-04,160.5692901611328,161.62813895083258,159.75223205155262,160.78606976700664,207081000
2015-09-08,164.60443115234375,164.7545101918619,162.7201930729955,163.36217311632888,116025700
2015-09-09,162.40342712402344,166.3053181540487,162.03659397647715,166.18026284486265,149347700
2015-09-10,163.2871551513672,164.42936908185118,161.9531728346661,162.21162888709986,158611100
2015-09-11,164.0292510986328,164.0959515157723,162.1866886503402,162.895369450869,119691200
2015-09-14,163.4205780029297,164.25431394794666,162.93700962820373,164.2042918267338,79452000
2015-09-15,165.4632568359375,165.90513591068714,163.3789167770044,163.92084010360617,113806200
2015-09-16,166.8972930908203,167.0890615612163,165.42158929428368,165.76342416223778,99581600
2015-09-17,166.5220947265625,169.1567036506817,166.14691605513212,166.7638853009481,276046600
2015-09-18,163.80087280273438,166.50783687324343,163.39022645170527,164.01877931187536,223657500
2015-09-21,164.6473388671875,165.66977312973452,163.5997507243054,164.63057387627785,105726200
2015-09-22,162.51028442382812,162.9712258434925,161.37888391991953,162.48514332711403,153890900
2015-09-23,162.25048828125,163.14721725645575,161.6722174676966,162.67789972312073,92790600
2015-09-24,161.66378784179688,162.12472915587193,159.70270601966715,161.03523499204192,159378800
2015-09-25,161.62191772460938,163.42376437043987,160.75031715338602,163.12205844777677,155054800
2015-09-28,157.5656280517578,160.8341106320066,157.2555460629324,160.72515737628274,178515900
2015-09-29,157.6577911376953,159.01547380900044,156.6604853688763,157.78350936374622,159045600
2015-09-30,160.59947204589844,160.7670836071366,158.7640953986758,159.54349491300738,163452000
2015-10-01,161.01846313476562,161.32016897733686,159.082522639908,160.97655705897594,131079000
2015-10-02,163.42373657226562,163.44887766254922,158.495878269638,159.04063173097632,211003300
2015-10-05,166.33187866210938,166.55816131242932,164.53840802862976,164.64736130247695,126320800
2015-10-06,165.761962890625,166.75926885770076,165.09989280505525,166.19776314261216,110274500
2015-10-07,167.11959838867188,167.47158637337225,165.50211609094887,166.69217435958467,124307300
2015-10-08,168.62815856933594,168.9130994493407,166.43240532450972,166.7341111939089,153055200
2015-10-09,168.7287139892578,169.20640746419622,168.10016119364352,168.7706200665533,107069200
2015-10-12,168.8878936767578,169.08902232070022,168.37667039351234,168.80408154982507,56395600
2015-10-13,167.82362365722656,169.42434143886834,167.65601210879015,168.15884675409936,88038700
2015-10-14,167.01907348632812,168.34322648356653,166.72575646799194,167.7649557607535,99106200
2015-10-15,169.58358764648438,169.5919637486582,167.3124107390394,167.68116384176335,134142200
2015-10-16,170.35455322265625,170.37130542131746,169.22315320406815,169.98580024510346,114580100
2015-10-19,170.4384002685547,170.4384002685547,169.39920099152403,169.7092829967101,76523900
2015-10-20,170.220458984375,170.83224672217682,169.7511416628866,170.00256531023766,78448500
2015-10-21,169.16452026367188,170.79036614497844,168.9968959484565,170.6395196068124,102038000
2015-10-22,172.0223388671875,172.2318564832243,169.16452830328043,170.1115392319672,174911700
2015-10-23,173.9080352783203,174.27678840890798,172.89397695714746,173.69014151385633,144442300
2015-10-26,173.48057556152344,173.7906575223188,173.1118225335832,173.7319992431136,69033000
2015-10-27,173.1453094482422,173.48053241502902,172.4664618404037,172.8100736935189,77905800
2015-10-28,175.11480712890625,175.1399482178146,172.81850242234762,173.4805724101665,135906700
2015-10-29,175.01425170898438,175.3830047490535,174.49465212776337,174.61198147797265,90525500
2015-10-30,174.26002502441406,175.52551989679264,174.10080234195664,175.20704895599116,131076900
2015-11-02,176.32162475585938,176.514377360471,174.46110751012557,174.58682573847673,86270800
2015-11-03,176.83277893066406,177.385908227703,175.74328531805423,175.9695678101036,95246100
2015-11-04,176.29649353027344,177.25189329467037,175.76012897461092,177.12618784722594,96224500
2015-11-05,176.12049865722656,176.8160986601643,175.23214603282946,176.3551573584658,78408700
2015-11-06,176.0283203125,176.26299181489833,174.70418019003608,175.77690939553904,110471500
2015-11-09,174.38568115234375,175.56736342301136,173.43865755824206,175.41650410925396,131008700
2015-11-10,174.78799438476562,174.82152436849697,173.6398418068349,173.90801773697598,75874600
2015-11-11,174.1007537841797,175.1064357313411,174.03370661597697,175.05615355217398,67846000
2015-11-12,171.67034912109375,173.53086655626646,171.65359691929245,173.06154914702296,121315200
2015-11-13,169.7427978515625,171.5278921550629,169.65899847215078,171.2597162378276,153577100
2015-11-16,172.32398986816406,172.38266092018162,169.4410263435248,169.55836844755993,117645200
2015-11-17,172.1983184814453,173.51408230141928,171.70386003645876,172.63411865075938,121123700
2015-11-18,174.93040466308594,175.07287507507408,172.63410029724014,172.67599358057856,121342500
2015-11-19,174.7795867919922,175.19862199754098,174.48625703293217,174.81310398174264,88220500
2015-11-20,175.41653442382812,176.0953694832022,175.03940525616932,175.53386378238736,94011500
2015-11-23,175.21539306640625,175.97802744813458,174.75445176671988,175.4751928567913,64931200
2015-11-24,175.45004272460938,175.85231293454058,173.82418410838238,174.2096893297508,98874400
2015-11-25,175.4249267578125,175.77691484040187,175.16511415567015,175.5757733126617,51980100
2015-11-27,175.62600708007812,175.8271485523665,175.03936043749243,175.51705385076303,37317800
2015-11-30,174.8969268798828,175.90260887737918,174.78797362760773,175.78527952413694,112822700
2015-12-01,176.56466674804688,176.6820088811428,175.2489028622171,175.52546763035855,97858400
2015-12-02,174.76283264160156,176.8328677084274,174.51140894509157,176.51439684031868,108441300
2015-12-03,172.3156280517578,175.28239116925317,171.59488711086138,175.0142153336303,166224200
2015-12-04,175.6763153076172,175.9696450663858,172.31565756611263,172.31565756611263,192913900
2015-12-07,174.6120147705078,175.7685435036695,173.64822590694013,175.3495082033207,102027100
2015-12-08,173.4386749267578,174.56168624677528,172.45813404692703,173.05316968576795,103372400
2015-12-09,172.08937072753906,174.88852275963552,171.1172060065192,172.801735673859,162401500
2015-12-10,172.53355407714844,173.8409418923696,171.92176624832106,172.15642494397923,116128900
2015-12-11,169.18968200683594,171.0837167933455,168.8795872161852,170.42164670400737,211173300
2015-12-14,170.0445098876953,170.1702281432619,167.57220431685354,169.3489225829156,182385200
2015-12-15,171.8295440673828,172.73466148106343,170.0193092400215,171.55297934754117,154069600
2015-12-16,174.34378051757812,174.64548636656923,171.63681676475792,172.95258061456695,197017000
2015-12-17,171.68707275390625,174.7208829813868,171.67030776820306,174.65383582651123,173092500
2015-12-18,168.62847900390625,171.08176821443183,168.4682959121305,170.9468886997138,251393500
2015-12-21,170.01954650878906,170.1965943918638,168.6875130023776,169.80035600673932,99094300
2015-12-22,171.5623779296875,171.85745350417912,169.918416684498,170.9047934316117,111026200
2015-12-23,173.6868438720703,173.7289993524299,172.47283807637507,172.56557498754754,110987200
2015-12-24,173.40020751953125,173.94820307781427,173.18101701464653,173.43393705200427,48539600
2015-12-28,173.00396728515625,173.0461099010935,171.93327984099471,172.70889178931722,65899900
2015-12-29,174.85031127929688,175.1791035487547,174.0662731229169,174.0999897995572,92640700
2015-12-30,173.6109619140625,174.69008820124438,173.46764356955748,174.60577723904296,63317700
2015-12-31,171.87425231933594,173.57723329901134,171.87425231933594,172.9365137681449,114877900
2016-01-04,169.47154235839844,169.47996830831684,167.42290449220576,169.02472259585497,222353500
2016-01-05,169.7581787109375,170.21342442255937,168.65377466351708,169.7918953745946,110845800
2016-01-06,167.61683654785156,168.66222047693086,166.58830452056264,167.2121593520333,152112600
2016-01-07,163.595458984375,166.45342598970592,163.20764652208442,164.6745725350337,213436100
2016-01-08,161.7997283935547,165.1129538128163,161.51309169258369,164.55653231278043,209817200
2016-01-11,161.95994567871094,163.0559241440481,160.0293476512874,162.7186930740713,187941300
2016-01-12,163.2666778564453,164.01699924906333,161.14216728137274,163.40157027544498,172330500
2016-01-13,159.1946563720703,164.27829548813105,158.8152828146417,163.93263859321036,221168900
2016-01-14,161.80816650390625,162.92943553919108,158.208316977203,159.8016965822818,240795600
2016-01-15,158.33474731445312,159.13564997514615,156.40414983282272,157.45797250848364,324846400
2016-01-19,158.5454864501953,160.27375793421498,156.97739804546177,160.14730437901238,195244400
2016-01-20,156.5137176513672,158.07338014777642,152.61036773180177,155.99102579083947,286547800
2016-01-21,157.39047241210938,159.2283323543087,155.6622012430965,156.98580824517373,195772900
2016-01-22,160.6194610595703,160.82178680616093,159.2368460469932,159.99559332480396,168319600
2016-01-25,158.19146728515625,160.30753909929825,157.99756746780884,160.11363928195084,130371700
2016-01-26,160.34963989257812,160.62785059511515,158.51177950278483,158.84899758001723,141036800
2016-01-27,158.60455322265625,161.49623685514294,157.70247471737795,159.82698511645978,185681700
2016-01-28,159.4307098388672,160.34964003457762,157.78674919882445,160.147314333677,143798800
2016-01-29,163.3172149658203,163.452107348204,160.07987497288508,160.1979025914594,210529300
2016-02-01,163.2582244873047,164.0422753468065,161.73229111753486,162.31400336657373,136061600
2016-02-02,160.3159637451172,161.84189715589827,159.7932588700517,161.83347120425384,182564900
2016-02-03,161.27703857421875,161.6817029141604,157.7361966556225,161.369775492127,205054900
2016-02-04,161.5299530029297,162.49946476772794,160.14733809741855,160.77963173464707,139531800
2016-02-05,158.45277404785156,161.58895134209288,157.8204804460133,161.01567798450176,180788300
2016-02-08,156.3198699951172,156.91000823816955,154.1110613436716,156.6149455486678,191526700
2016-02-09,156.32826232910156,157.60128833397698,154.4482463076533,154.58313869535667,184513100
2016-02-10,156.19337463378906,158.7815562592034,156.0669082029163,157.15446033381306,148214100
2016-02-11,154.16160583496094,155.20700251784558,152.66938938485407,153.72321201774534,219058900
2016-02-12,157.33998107910156,157.3568329836755,155.08901686974585,155.93207520421836,127632400
2016-02-16,159.99560546875,160.02089618899345,158.18303524304264,159.14412120444007,120250700
2016-02-17,162.6090545654297,162.98000219707777,161.0325271309253,161.15899356755773,136009500
2016-02-18,161.94300842285156,162.9378235539374,161.6310810787867,162.8788033190904,102343000
2016-02-19,161.86715698242188,162.01890126735088,160.56041434022336,161.1674172080311,114793000
2016-02-22,164.21083068847656,164.35414899997147,163.37619866548928,163.44364484690635,103640300
2016-02-23,162.1370086669922,163.82312558142905,162.01896813349248,163.55334070037458,111455300
2016-02-24,162.87884521484375,163.1570559705891,159.60778807514922,160.7121922829566,150812200
2016-02-25,164.8516082763672,164.86004709204892,162.56692757101848,163.32567486757412,110728300
2016-02-26,164.47218322753906,165.81264236909203,164.31200014822562,165.71991833795718,129833700
2016-02-29,163.18234252929688,165.43330637127323,162.98844274594833,164.48908530726592,125918100
2016-03-01,167.01824951171875,167.1025604717824,163.93265361565753,164.40476411830258,141799700
2016-03-02,167.7686309814453,167.81921243002574,166.2932786989452,166.70638196910355,102415000
2016-03-03,168.4261474609375,168.44301222499766,167.0182419669896,167.59151530457737,95172200
2016-03-04,168.9741668701172,169.7497918171889,167.79389040987522,168.6200839320446,129293600
2016-03-07,169.1090545654297,169.51373179540596,167.9793595758545,168.05523173245695,100219000
2016-03-08,167.2627410888672,168.54419314985492,167.102570837285,168.0383659502354,123974900
2016-03-09,168.08892822265625,168.43457226724504,167.288012735809,168.07206345871057,94801200
2016-03-10,168.22378540039062,169.51367595798664,166.40278992152216,168.57788107599362,156838700
2016-03-11,170.93844604492188,170.9806015203438,168.2069461885924,169.6738589665338,137964500
2016-03-14,170.7192840576172,171.17452982159008,170.10385517875008,170.43264735941028,73612000
2016-03-15,170.4410858154297,170.74458730169502,169.4968646866255,169.75821068734467,93169100
2016-03-16,171.427490234375,171.83216752439728,169.9184213738237,169.96057686620728,129303200
2016-03-17,172.51495361328125,173.02078066833934,170.9468653009185,171.34310356927125,134278500
2016-03-18,173.19288635253906,173.53184366636853,172.7013891962115,173.01492535802336,138372400
2016-03-21,173.4386444091797,173.66744772876373,172.70140507211255,172.9302083916966,72926700
2016-03-22,173.345458984375,173.91321974650177,172.5065348857441,172.66753124752051,97471900
2016-03-23,172.20140075683594,173.1504914593035,172.03190919106012,172.96406108126294,81052500
2016-03-24,172.1251983642578,172.15910186414206,170.95578622618342,171.17610725384458,84360900
2016-03-28,172.22691345214844,172.75230138022638,171.77778901097253,172.54044974078877,62408200
2016-03-29,173.81997680664062,173.930143763803,171.515030627081,171.82009741350487,92922900
2016-03-30,174.58265686035156,175.3029444872904,174.21826541228114,174.8199295998602,86365300
2016-03-31,174.15892028808594,174.91311126480826,173.99791104636003,174.48940817832624,94584100
2016-04-01,175.3452911376953,175.53172153802493,172.85391481546566,173.16746390532504,114423500
2016-04-04,174.7775421142578,175.4724214579797,174.47247534171535,175.26903929948693,63497000
2016-04-05,173.0319061279297,174.78603056334993,172.7776816347166,173.43865755883377,99662200
2016-04-06,174.92164611816406,174.98097077905592,172.85397221365315,173.03193326593183,91839800
2016-04-07,172.82850646972656,174.1928310839261,172.0997365590909,173.83692200157756,113859000
2016-04-08,173.29458618164062,174.4385898444838,172.76071608159464,174.0064043614394,95040600
2016-04-11,172.8878631591797,174.62504892364467,172.79464793483095,173.9301694457003,83757500
2016-04-12,174.4978790283203,174.77752461935836,172.61663627434967,173.05729110844524,115350600
2016-04-13,176.2605438232422,176.3452896414696,175.27754922554817,175.41313736255353,96336400
2016-04-14,176.2689666748047,176.76894618165218,175.9215399447898,176.31982191054655,65212900
2016-04-15,176.07412719726562,176.40461522567665,175.752108579184,176.2690270780215,75761600
2016-04-18,177.311279296875,177.3451698557611,175.41308473943926,176.07406054605502,82531000
2016-04-19,177.87057495117188,178.12479942403957,177.0570721544678,177.73499977198375,88316100
2016-04-20,178.04006958007812,178.7349360253094,177.4384054150759,177.91295087628632,81100300
2016-04-21,177.08253479003906,178.16721405999155,176.8113585073525,178.05704707885053,85695000
2016-04-22,177.08253479003906,177.35369814232877,176.18428598183434,176.7266256168106,99251700
2016-04-25,176.7774200439453,176.81979294293484,175.87068914106388,176.4808226814119,66166500
2016-04-26,177.04013061523438,177.54857959028388,176.56558513473195,177.14181523808645,75864200
2016-04-27,177.40452575683594,177.79432543947834,176.30289490822972,176.65880402601422,77329400
2016-04-28,175.79441833496094,177.7519246407792,175.37919756123753,176.65030689544608,97216200
2016-04-29,174.84535217285156,175.5232798328265,173.74372134169164,175.1758401291601,142424100
2016-05-02,176.23509216308594,176.41304024801133,174.91314038206343,175.34531294727643,62188000
2016-05-03,174.70130920410156,175.24364879119557,173.9555874229489,175.00637602999169,106422100
2016-05-04,173.72677612304688,174.43860730448847,173.22680946555437,173.70983730544705,92243800
2016-05-05,173.69288635253906,174.54876213947264,173.26918316349162,174.1928530123202,67619200
2016-05-06,174.3284454345703,174.37081834059887,172.76922076372438,172.9217477089527,89315000
2016-05-09,174.47247314453125,174.9046456791933,174.02334886427658,174.20130986701582,74374900
2016-05-10,176.64181518554688,176.65876692961356,175.1080120725116,175.1758061183862,77472200
2016-05-11,174.9894256591797,176.71812906590588,174.9894256591797,176.1842718141911,81727000
2016-05-12,175.04019165039062,175.82828600083425,174.03177638184815,175.65879444649184,89586300
2016-05-13,173.51492309570312,175.29448163900955,173.1929174688306,174.74367267247877,96474600
2016-05-16,175.2267303466797,175.70127595928142,173.62513243894978,173.68445710572408,77486800
2016-05-17,173.59124755859375,175.24368784609737,173.06584667278338,174.95557270476823,114924900
2016-05-18,173.64207458496094,174.81996914050632,172.55739526461974,173.24379248276094,120062100
2016-05-19,173.04039001464844,173.32850509687862,171.8370744385142,172.92175363194215,115430500
2016-05-20,174.13356018066406,174.650478644596,173.5996899668205,173.65053228615866,104990400
2016-05-23,173.896240234375,174.43009737301395,173.70980982710643,174.15045176211112,58682600
2016-05-24,176.1503448486328,176.4638939748023,174.68433555844706,174.70975671321835,93537800
2016-05-25,177.3451385498047,177.7603721726173,176.1502929063076,176.82822033789114,76621400
2016-05-26,177.3960723876953,177.7096215832107,177.0825361225769,177.48081820927175,55280700
2016-05-27,178.15869140625,178.167160813654,177.50618498513825,177.55702729034823,64211200
2016-05-31,177.8197784423828,178.5400791459648,177.26048704410013,178.4299121622553,109879400
2016-06-01,178.18409729003906,178.3620453430254,177.01467264884693,177.20957244558164,69936200
2016-06-02,178.72647094726562,178.74340976386634,177.3113039374439,177.7858494101513,63044700
2016-06-03,178.19261169433594,178.54005141175855,176.98929619217486,178.1671905374899,101757100
2016-06-06,179.09934997558594,179.45525911623767,178.3875187638868,178.54852805069498,64887000
2016-06-07,179.3789520263672,179.9382432647417,179.22642510520694,179.25184625873365,60974800
2016-06-08,179.96368408203125,180.0908027939479,179.38745396527267,179.51455974679448,66170900
2016-06-09,179.71795654296875,179.836592925502,178.96376534035116,179.2349286731146,73786900
2016-06-10,178.01463317871094,178.68407841192564,177.47228077761466,178.3451210916334,113829200
2016-06-13,176.64181518554688,178.2688334953607,176.55708232599773,177.4129579106792,117751200
2016-06-14,176.29444885253906,176.88764376799406,175.3453576764471,176.26055828070614,125059300
2016-06-15,176.04869079589844,177.41301570387913,175.86226034161066,176.29443297815249,109124500
2016-06-16,176.57403564453125,176.74352723833687,174.21824731103703,176.0486479088348,149533100
2016-06-17,175.91647338867188,176.49570015111058,175.2605735566787,176.47014679380524,117055700
2016-06-20,177.0493621826172,178.54854859459653,176.96417567156655,177.87562194878873,82789600
2016-06-21,177.55194091796875,177.96080760410712,176.98974110100497,177.4326875929435,72461700
2016-06-22,177.26234436035156,178.4548777236498,177.1175246684293,177.73083125459377,95560500
2016-06-23,179.57077026367188,179.62187698505792,178.2589834234159,178.71895691353055,102731400
2016-06-24,173.12257385253906,179.60487486156836,172.67962721000032,173.45478058503264,333444400
2016-06-27,170.02194213867188,171.72556876131333,169.2127090948055,171.71704230971076,230775800
2016-06-28,173.08840942382812,173.11396277555616,171.3166367174161,171.62328993578808,159382400
2016-06-29,176.03570556640625,176.26568575451566,174.3831860051859,174.48539942212344,137328600
2016-06-30,178.4377899169922,178.48889661917968,175.95049742866334,176.50418369684365,165021900
2016-07-01,178.8126678466797,179.29820772484638,178.27602124399883,178.4378678700544,106055300
2016-07-05,177.5263671875,178.0970803915935,176.930100630808,177.9863405319092,109803700
2016-07-06,178.59112548828125,178.71037879424458,176.37640638023626,177.03230606185224,96021500
2016-07-07,178.4804229736328,179.43444962093204,177.7137962745728,178.77003634904318,85593800
2016-07-08,181.1380920410156,181.3851251753232,179.54520533809736,179.77519856716046,133971000
2016-07-11,181.7769012451172,182.347627431479,181.39358796882487,181.5980277817441,73633900
2016-07-12,183.0972595214844,183.39539936460767,181.8024997136228,182.7394995083198,101275600
2016-07-13,183.0716552734375,183.5231151405761,182.5861286039793,183.51460168940503,87324100
2016-07-14,184.0938415527344,184.5623413535461,183.7020148085183,184.3323481790319,91230900
2016-07-15,183.84686279296875,184.8519962300285,183.4039162455943,184.6560828138903,107155400
2016-07-18,184.3409423828125,184.50278900963733,183.7105957829792,183.96614240440573,58725900
2016-07-19,184.1535186767578,184.18758548966144,183.6765053102707,183.9235254473303,54345700
2016-07-20,184.92015075683597,185.15865744693104,184.15352396690736,184.15352396690736,58159500
2016-07-21,184.2216033935547,185.03082315388576,183.77865698882087,184.8093564503364,67777300
2016-07-22,185.04791259765625,185.09901931234043,184.07684602574125,184.3409060500352,62787500
2016-07-25,184.5453948974609,184.89464156196595,183.96616793962687,184.84353483011503,55873100
2016-07-26,184.6305389404297,184.9882989786597,183.78723906611887,184.4431389683606,70080500
2016-07-27,184.43460083007807,185.0734607409088,183.6679611384984,185.0053141240369,84083900
2016-07-28,184.6475830078125,184.9371964265773,183.77872975387783,184.23870324264317,65035700
2016-07-29,184.94564819335935,185.3034081203237,184.10236157895636,184.383461449636,79519400
2016-08-01,184.79234313964844,185.39712318535925,184.34088321900117,185.00529642288348,73311400
2016-08-02,183.60833740234372,184.69865725581784,182.77356410776096,184.5453241214279,92295500
2016-08-03,184.14501953125,184.2046527097233,183.2506258352812,183.54875273472368,53993600
2016-08-04,184.3409423828125,184.6561091839086,182.5010223057108,184.2557558431233,46585500
2016-08-05,185.8486175537109,185.8912108177801,184.3409173872479,184.3409173872479,71892200
2016-08-08,185.7378692626953,186.1382225030644,185.4738092525876,186.03599608154948,39906500
2016-08-09,185.8486175537109,186.34267082210715,185.5249373415915,185.80603728728104,51251700
2016-08-10,185.388671875,186.0360453938832,185.0394252539951,185.9593853056552,57941100
2016-08-11,186.2489471435547,186.49598024514216,185.65268051536748,185.91674052230485,72504300
2016-08-12,186.087158203125,186.30011154982935,185.68680487150948,185.9423384894421,61313500
2016-08-15,186.6237945556641,186.97304116885292,186.44492102046848,186.45343447531175,49813500
2016-08-16,185.66123962402344,186.27453326544065,185.66123962402344,186.2063996367809,53213600
2016-08-17,186.01043701171875,186.14673023779343,184.86049703551163,185.69527029935372,75134300
2016-08-18,186.4278717041016,186.46193851939623,185.87419822149027,185.98492511942837,52989300
2016-08-19,186.1552734375,186.3341599500134,185.47383319350868,185.95936001723447,75443000
2016-08-22,186.14675903320312,186.37675226307763,185.5504923239354,185.91676580332864,61368800
2016-08-23,186.52154541015625,187.0581919083206,186.4619122447431,186.76005207653185,53399200
2016-08-24,185.56753540039065,186.47045543237448,185.15014219795063,186.3767554480569,71728900
2016-08-25,185.43975830078125,185.8571515092892,185.03089154401505,185.1842117036874,69224800
2016-08-26,185.0904235839844,186.6492427865942,184.20454386654453,185.627069882584,122506300
2016-08-29,186.001953125,186.26601316896983,185.1842066362049,185.21828644695944,70502200
2016-08-30,185.69528198242188,186.1978486628494,185.14160858841032,185.9167487404989,58114500
2016-08-31,185.16714477539065,185.4823114783603,184.3919916975407,185.3630581585093,85269500
2016-09-01,185.1757049560547,185.46531837768464,184.01723827189448,185.158665049594,97844200
2016-09-02,186.01043701171875,186.43634359497412,185.43972374987305,186.02747691438745,79293900
2016-09-06,186.57264709472656,186.64930716450087,185.57602719474625,186.29154717458263,56702100
2016-09-07,186.55563354492188,186.73452006397048,185.95085335663944,186.4108268379016,76554900
2016-09-08,186.12973022460935,186.49601672347936,185.8230768990411,186.22343021291192,74102900
2016-09-09,181.67474365234372,184.86904359887217,181.64919029258272,184.81793687935007,221589100
2016-09-12,184.28121948242188,184.6815726282827,180.84841416610124,180.91656076514508,168110900
2016-09-13,181.63214111328125,183.2676210426844,181.0103210614444,183.00356100687588,182828800
2016-09-14,181.56396484375,182.8842778048366,181.0102915040864,181.6832181629531,134185500
2016-09-15,183.37835693359372,183.76167029972945,181.2232704331191,181.40215693605649,134427900
2016-09-16,182.66946411132807,182.94342749776692,181.9845817718176,182.7636373925048,155236400
2016-09-19,182.7036895751953,183.96218093967576,182.37836136679343,183.32009404201395,80250500
2016-09-20,182.71224975585935,183.7139037690368,182.6780108684676,183.5598091808364,69665300
2016-09-21,184.7669982910156,184.94677537147535,182.72943762383147,183.4143331732737,110284400
2016-09-22,185.9312896728516,186.23093553533752,185.52892712117185,185.77719504411823,76678700
2016-09-23,184.9125061035156,185.67444884801776,184.81833281764256,185.5374671479672,73630900
2016-09-26,183.414306640625,184.2618531667787,183.21739054421252,184.08207611232544,89827300
2016-09-27,184.5529327392578,184.6470929586741,182.8834960854672,183.25163275907568,78494800
2016-09-28,185.46896362304688,185.6230712908956,183.81666606772143,184.77551177596035,87411000
2016-09-29,183.7909698486328,185.6658659097893,183.24305615132027,185.2634903595277,128070600
2016-09-30,185.17791748046875,185.87992589879707,184.37316624574723,184.62143417016583,117202900
2016-10-03,184.73272705078125,184.95531252922103,184.09919644758304,184.7669790094918,83512100
2016-10-04,183.7909698486328,185.06658734449323,183.2002608035293,184.844001895467,119948100
2016-10-05,184.60433959960935,185.0323976977853,184.3475021280445,184.41599299134825,72816000
2016-10-06,184.73272705078125,184.95531252922103,183.8423720737274,184.38171632211893,62927400
2016-10-07,184.0991973876953,185.1779120165763,183.37150655256383,185.0066914120333,89788300
2016-10-10,185.05804443359372,185.52034134257795,184.9125062758896,185.05804443359372,51855000
2016-10-11,182.7208251953125,184.6984640590552,181.9931344588337,184.62997321386428,130367400
2016-10-12,182.96055603027344,183.48278731258372,182.3612643798928,182.85781322727743,73866100
2016-10-13,182.36126708984372,182.8578159446073,180.8202687182321,181.63357631731463,101357000
2016-10-14,182.4553985595703,183.7995066613196,182.37835127130575,183.3371968051509,93346200
2016-10-17,181.8219146728516,182.68658710349447,181.6421245705274,182.4297496987284,58275700
2016-10-18,182.96055603027344,183.4742177920796,182.5838629003062,183.4142964650176,76869700
2016-10-19,183.44854736328125,183.7567496658532,182.8663947158089,183.22596189159376,66519200
2016-10-20,183.1060943603516,183.6625645353384,182.44688138226903,183.09752483983908,73639800
2016-10-21,183.1917266845703,183.27734352328335,182.14726395608955,183.1061229091528,89089100
2016-10-24,183.97080993652344,184.33894669592,183.61979915887235,184.06498324117868,60146600
2016-10-25,183.3543243408203,184.0477760676888,183.1916602442382,183.79093870799545,66542300
2016-10-26,182.9862365722656,183.56838917561572,182.2927716465668,182.53249614221528,75705500
2016-10-27,182.49826049804688,183.73962618296824,182.42121318718085,183.70538728812596,77220200
2016-10-28,181.9588623046875,183.1488628482753,181.24829762421203,182.47253705494776,140623200
2016-10-31,181.9674530029297,182.51536670410897,181.8047888776386,182.2927681902188,61272500
2016-11-01,180.64903259277344,182.34415167961677,179.44191895997065,182.29277374641168,122781800
2016-11-02,179.56185913085938,180.7261779618789,179.12523140466482,180.3409151297544,103330800
2016-11-03,178.7399444580078,179.98987989469111,178.4659940588493,179.77585083838414,88939300
2016-11-04,178.5430145263672,179.69020696041335,178.39747635756683,178.85121684361937,109122100
2016-11-07,182.48110961914065,182.51536157260367,178.54298408491587,178.54298408491587,109794900
2016-11-08,183.3029937744141,183.86803345879056,181.8219167804816,182.08731064527544,106772100
2016-11-09,185.2464141845703,185.8628188492065,181.78769767041217,181.8133801094974,258429000
2016-11-10,185.70870971679688,186.8987106173026,184.2533149055971,186.03403802709047,172113300
2016-11-11,185.28060913085935,185.5203205476552,184.3388894401023,184.9895328480777,100552700
2016-11-14,185.4261474609375,186.00831309038577,184.68133077679929,185.80284056294064,94580000
2016-11-15,186.8730010986328,186.8730010986328,185.6059530650747,185.81141254639604,91652600
2016-11-16,186.52197265625,186.75312761404004,186.13672310212812,186.25657880926144,65617700
2016-11-17,187.48081970214844,187.54074102033763,186.56476944779976,186.6760686915259,69797200
2016-11-18,187.06138610839844,187.72059922746448,186.88159596199995,187.54937860341124,86265800
2016-11-21,188.4739532470703,188.49963568487823,187.4894249623122,187.6349631309889,72402600
2016-11-22,188.8420867919922,189.0218638536309,188.114382897526,188.78215239591617,67429000
2016-11-23,188.9448699951172,188.99623488440253,188.13156210040316,188.3284651970964,56620200
2016-11-25,189.64682006835935,189.68105896052663,189.2101925476429,189.28725291578277,37872300
2016-11-28,188.75650024414065,189.6126164628537,188.65377047815005,189.33866606577988,76572500
2016-11-29,189.1245880126953,189.5783284459944,188.49105747219588,188.79070329643196,69886700
2016-11-30,188.6708068847656,189.90361574453772,188.6108725075284,189.740951650083,113291800
2016-12-01,187.97738647460935,188.97047105412133,187.6178062778789,188.97047105412133,79040500
2016-12-02,188.07159423828125,188.55958672629785,187.7120270139356,188.06303777935497,74840300
2016-12-05,189.2016143798828,189.5440555154346,188.70506558902835,188.90196858880603,67837800
2016-12-06,189.80093383789065,189.83518579680896,188.91057885543557,189.390001773934,59877400
2016-12-07,192.28363037109372,192.34355168931395,189.5269362139672,189.64679191369916,110738100
2016-12-08,192.7545166015625,193.2253830250353,191.99257386659517,192.2579808058571,99714400
2016-12-09,193.9188232421875,193.9359492192725,192.9428515610317,192.9771035152016,88005800
2016-12-12,193.69630432128903,194.30415261529737,193.27680265002715,193.82471653529916,102016100
2016-12-13,194.989013671875,195.48556261678567,194.33837008714517,194.3554960682237,110477500
2016-12-14,193.3795166015625,195.3913816792487,192.94288901254768,194.68937324201596,142501800
2016-12-15,194.17567443847656,195.0317904674374,193.3880492594279,193.6192042449696,124972600
2016-12-16,193.7959442138672,194.69156029974823,193.47731839077315,194.6312726357613,156420200
2016-12-19,194.2178955078125,194.639869685016,193.830375174617,193.97677116092237,90341100
2016-12-20,194.9670562744141,195.11346536640212,194.51926153049288,194.75176579127523,89838800
2016-12-21,194.42453002929688,195.01011382656955,194.42453002929688,194.83788407091805,67909000
2016-12-22,194.0887756347656,194.39879460795373,193.69263517002176,194.2782324039525,56219100
2016-12-23,194.37290954589844,194.38151643666708,193.94232848222345,194.13177206117248,36697800
2016-12-27,194.85516357421875,195.2512908050914,194.62264611418124,194.63987303648184,42672500
2016-12-28,193.2447662353516,195.1307133002148,193.1328240999208,195.1134995195581,64095000
2016-12-29,193.20167541503903,193.6666970542433,192.76247444104257,193.3136175254231,48696100
2016-12-30,192.4955596923828,193.6150730302637,191.80662739674145,193.5289515656996,108998300
2017-01-03,193.9681854248047,194.47626798685823,192.79700426633804,193.7959424665624,91366500
2017-01-04,195.12213134765625,195.26852734369183,194.2868029688766,194.29540986030497,78744400
2017-01-05,194.9670562744141,195.12207225522397,194.17478887329776,194.8551141585779,78379000
2017-01-06,195.6646270751953,196.12964878124785,194.53649379847863,195.07903007244784,71559900
2017-01-09,195.01876831054688,195.5440776992804,194.9843144691566,195.4062886143,46939700
2017-01-10,195.01876831054688,195.8713103507457,194.63123486650332,195.0359820909516,63771900
2017-01-11,195.5698699951172,195.5698699951172,194.26950713462463,194.93260546757773,74650000
2017-01-12,195.0790100097656,195.2684666846739,193.72699261914352,195.0531762032134,72113200
2017-01-13,195.52687072753903,195.8282695988576,195.21685182484828,195.25129252946203,62717900
2017-01-17,194.83792114257807,195.2943359950259,194.4504008335571,194.88958876507556,61240800
2017-01-18,195.2685089111328,195.3115696447944,194.53651585975967,195.08765908587077,54793300
2017-01-19,194.54510498046875,195.4837683798126,194.114523992848,195.3459793101046,66608800
2017-01-20,195.25991821289065,195.75077382452264,194.5968196523288,195.2254643669878,129168600
2017-01-23,194.7518310546875,195.3202012743101,193.9940172354833,195.2599267517825,75061600
2017-01-24,196.00051879882807,196.41387296884557,194.85517151455983,194.9671136633464,95555300
2017-01-25,197.6969757080078,197.6969757080078,196.7841329083282,196.9477557982735,84437700
2017-01-26,197.4903564453125,197.8176023318445,197.21477819553937,197.5506309747665,59970700
2017-01-27,197.1802673339844,197.71418357760163,196.99941752937465,197.56778761210305,59711100
2017-01-30,195.9574737548828,196.51722396452,194.97574930978664,196.49139014809327,79737300
2017-01-31,195.94021606445312,196.00050372017813,194.898217258071,195.46657427051076,75880800
2017-02-01,196.0177154541016,196.8530437527953,195.43213152610116,195.94021401779992,79117700
2017-02-02,196.14691162109372,196.4310967147256,195.32881018564632,196.0177294111019,69657600
2017-02-03,197.49891662597656,197.67976645215276,196.74110289892536,197.051121786448,80563200
2017-02-06,197.1458282470703,197.4903009625108,196.80997556219745,197.09416062482688,57790100
2017-02-07,197.1544189453125,197.77445660056665,196.96496226507992,197.53333230577763,57931200
2017-02-08,197.41282653808597,197.5419956113668,196.611938862868,197.154475251232,51566200
2017-02-09,198.58399963378903,198.88539850604155,197.41281856891615,197.41281856891615,65955200
2017-02-10,199.3676300048828,199.59154055725963,198.60119627316436,198.92844207107467,66015900
2017-02-13,200.4527130126953,200.7110642801832,199.83267522684105,199.85850903956063,55182100
2017-02-14,201.2535552978516,201.2621753275736,199.92737160929252,200.27183115065384,71109000
2017-02-15,202.3041839599609,202.49364065914128,200.98660709584573,201.03827471556943,86785800
2017-02-16,202.13194274902344,202.51085612595435,201.38273602482136,202.33000632685943,84722400
2017-02-17,202.4505615234375,202.4505615234375,201.45161049863185,201.4688374170702,77204100
2017-02-21,203.65618896484372,203.828418722286,202.8122408148868,202.82086084394624,88946100
2017-02-22,203.47540283203125,203.6993002727197,203.08788247148524,203.2515053913428,62115200
2017-02-23,203.61317443847656,204.00930165644277,202.8553475654405,203.9920878749946,74615900
2017-02-24,203.87152099609372,203.9145685890113,202.7261738222612,202.76923455546964,82381600
2017-02-27,204.19015502929688,204.36238482880697,203.535676535042,203.7854077732879,56515400
2017-02-28,203.63900756835935,204.0523617066793,203.2514872424162,203.81123736430175,96961900
2017-03-01,206.4894561767578,206.9544910893418,205.27521440981133,205.29244133183445,149158200
2017-03-02,205.18911743164065,206.3086308998303,205.1374498030044,206.30001086819613,70246000
2017-03-03,205.3182830810547,205.4819059958703,204.72407908105768,205.102992538464,81974300
2017-03-06,204.7068634033203,205.05992990327823,204.1040393774143,204.5260135674901,55391500
2017-03-07,204.09542846679688,204.7585269980592,203.88874482138883,204.40544736476315,65103700
2017-03-08,203.71653747558597,204.6465942720029,203.57874836345903,204.38824297183825,78168800
2017-03-09,203.974853515625,204.30209931528373,203.01035617805067,203.83706442731705,90683900
2017-03-10,204.68960571289065,204.9737907605969,203.7423222205364,204.9307300308917,81991700
2017-03-13,204.7929229736328,204.83598369955777,204.3020674908966,204.6293000992912,57256800
2017-03-14,204.00929260253903,204.3020976979482,203.3978748809851,204.25041693502385,59880800
2017-03-15,205.7746734619141,206.19664760561835,204.34514127577168,204.57765871334672,96081800
2017-03-16,205.36990356445312,205.98994123600284,205.04267095023275,205.9124398121313,78344000
2017-03-17,205.0092010498047,205.8222169148429,205.0092010498047,205.63193604441045,89002100
2017-03-20,204.78440856933597,205.2947014651116,204.3952023470911,205.00928004947667,52537000
2017-03-21,202.1550750732422,205.5109245264884,202.02534406755785,205.38983785536396,131809300
2017-03-22,202.6307678222656,202.9161892187049,201.566934033688,202.18966922638143,97569200
2017-03-23,202.41452026367188,203.54754820347628,202.04261597089257,202.63074737271717,100410300
2017-03-24,202.26754760742188,203.28813353106028,201.4891350621878,202.71730382336963,112504900
2017-03-27,202.0599365234375,202.3194117347293,200.3214750434601,200.5982389240359,87454500
2017-03-28,203.53028869628903,203.95408544436285,201.6447811726046,201.7572235086033,93483900
2017-03-29,203.72055053710935,203.95407953685887,203.01997673531775,203.2448614008013,61950400
2017-03-30,204.3692321777344,204.56817064319617,203.48703497312647,203.66001404084625,56737900
2017-03-31,203.89349365234372,204.55946356162173,203.84158806688956,204.0318689545272,73733100
2017-04-03,203.5389404296875,204.14437380427063,202.3107718134024,203.9454485235057,85546500
2017-04-04,203.6686248779297,203.7551209962921,202.8729107393236,203.2534725441906,56466200
2017-04-05,203.06317138671875,205.3205825972771,202.8555886418277,204.3432319865801,108800600
2017-04-06,203.634033203125,204.15297031801487,202.7604672839268,203.20157900865607,69135800
2017-04-07,203.42648315429688,204.1184126162161,202.94213649019045,203.38323508840375,74412300
2017-04-10,203.54757690429688,204.343291194087,203.0199821559357,203.56487877074764,67615300
2017-04-11,203.30538940429688,203.4091742008586,201.8177457321159,203.16700087724368,88045300
2017-04-12,202.41452026367188,203.21889197199712,202.1896488213487,203.0286110602408,81864400
2017-04-13,201.0998992919922,202.81242786863328,201.0998992919922,202.07725025970024,92880400
2017-04-17,202.88162231445312,202.88162231445312,201.41992462795403,201.6188499162328,68405400
2017-04-18,202.276123046875,202.8123752285135,201.59285121855888,202.14639206600955,83225800
2017-04-19,201.9042053222656,203.21021216665903,201.67932070713752,202.83830791464555,68699900
2017-04-20,203.54757690429688,203.9886887153188,202.1983216651981,202.51833360852208,92572200
2017-04-21,202.89886474609372,203.52159986940245,202.5010142602025,203.4697074753693,110389800
2017-04-24,205.1303558349609,205.33793863462017,202.87294402881207,205.13900016923373,119209900
2017-04-25,206.32394409179688,206.6699022442996,205.68390699246356,205.770403129318,76698300
2017-04-26,206.19418334960935,207.17153418835883,206.1509484821072,206.28932381353596,84702500
2017-04-27,206.3671722412109,206.66988229606815,205.83091999989716,206.51420510170556,57410300
2017-04-28,205.9173889160156,206.6525531213352,205.78764474040307,206.6266069257036,63532800
2017-05-01,206.43634033203125,206.86015021914145,206.02118797570128,206.43634033203125,66882500
2017-05-02,206.5142059326172,206.69582932677105,206.1076978824263,206.57474266484968,57375700
2017-05-03,206.26336669921875,206.6093380031241,205.58873915342295,206.51419754423213,73137700
2017-05-04,206.50552368164065,206.64391219225823,205.6579171496534,206.56607360408137,61462700
2017-05-05,207.31858825683597,207.33589012408044,206.43637779177607,206.87748962303496,62001300
2017-05-08,207.2839508056641,207.5088222391165,206.86014093756972,207.3617893944605,48385700
2017-05-09,207.09368896484372,207.7423703261031,206.7477176536985,207.5434450706046,51363200
2017-05-10,207.4655303955078,207.4655303955078,206.84279542164995,207.05037814542,54293800
2017-05-11,207.0417938232422,207.206128544176,205.9606582354735,207.0158476249322,62358300
2017-05-12,206.69586181640625,207.0850680625128,206.42774225125416,206.79100229411748,53912700
2017-05-15,207.8375701904297,207.9586568845751,207.10239249189397,207.1196943617604,61918900
2017-05-16,207.6472320556641,208.1575248978483,207.258025874294,208.13157869892072,51241800
2017-05-17,203.96275329589844,207.64725919723645,203.9022033588488,207.64725919723645,172174100
2017-05-18,204.78440856933597,205.63201528405148,203.6254210398754,203.88489625385785,107047700
2017-05-19,206.1163482666016,206.78233152544615,205.2168492084189,205.26874160827177,115011400
2017-05-22,207.1628875732422,207.32722229980183,206.55745426285637,206.6266353290807,61010600
2017-05-23,207.6212921142578,207.78562684405628,207.15423412457204,207.5347959835881,48341700
2017-05-24,208.1056671142578,208.20945192723076,207.51752238000836,207.85484941708717,46927700
2017-05-25,209.10031127929688,209.3770883831444,208.40839491459548,208.6159645450224,64071700
2017-05-26,209.05702209472656,209.22134361030675,208.83213745690745,208.90997604809624,46629900
2017-05-30,208.8754425048828,209.1262602107397,208.5813767263033,208.73705395115405,35201900
2017-05-31,208.82354736328125,209.2041092823247,208.13161780115303,209.169505545616,91796000
2017-06-01,210.484130859375,210.5014327244796,208.9964871993291,209.28190858500196,68962000
2017-06-02,211.1847076416016,211.3403980348541,210.24196054050776,210.5360262642048,88666100
2017-06-05,211.0290985107422,211.2972181216186,210.83015998867327,211.01179663980997,44698800
2017-06-06,210.35438537597656,211.0203553658864,210.27653358709625,210.466814497772,50375400
2017-06-07,210.7435760498047,210.96844747433232,210.02570052088976,210.69168365933325,54144300
2017-06-08,210.84739685058597,211.32309917359729,210.3198021282382,210.83875251651543,65950700
2017-06-09,210.52740478515625,211.91125062202613,209.2646324265229,211.11553629639795,132256400
2017-06-12,210.484130859375,210.53602325723256,209.6365242336369,210.2852056017689,86108100
2017-06-13,211.5134429931641,211.5653354079299,210.67448042788837,211.0204386579676,60067000
2017-06-14,211.24522399902344,211.7901072951697,210.42355049360853,211.78146296259584,78602300
2017-06-15,210.83871459960935,210.95980124210385,209.61919064469484,209.89595445720173,66464900
2017-06-16,210.88482666015625,211.04996279608503,210.00701378083883,210.99781733459517,84553100
2017-06-19,212.6404571533203,212.7012891020136,211.61488115848744,211.7104855879904,65123800
2017-06-20,211.20639038085935,212.2927983226885,211.18901740229745,212.2841118334075,56906400
2017-06-21,211.1542053222656,211.71044555369372,210.68488301460977,211.59746816696568,55977600
2017-06-22,211.05862426757807,211.65832352725792,210.8848016626108,211.1629284400103,44148100
2017-06-23,211.31069946289065,211.64095846683276,210.7370728734632,211.11949059974816,66986800
2017-06-26,211.4496917724609,212.39704933958973,211.2411099874004,211.97985924584384,56700500
2017-06-27,209.74627685546875,211.52798863761825,209.72889061406468,211.23247558101465,82247700
2017-06-28,211.62353515625,211.82343046133272,210.5284276983776,210.76309547675208,70042600
2017-06-29,209.763671875,211.8234972967315,208.5555866522816,211.7713518321536,106949700
2017-06-30,210.15472412109372,210.9456321696716,209.96351529040868,210.57190099630944,86820700
2017-07-03,210.51109313964844,211.52796934909023,210.51109313964844,211.0934061863297,39153800
2017-07-05,210.9978179931641,211.20639983977455,210.06784638763787,210.8761408287025,54427600
2017-07-06,209.0683135986328,210.35461668308216,208.88579125834767,210.23293954349657,65400800
2017-07-07,210.42416381835935,210.5719136942868,209.07701543431983,209.64195547243423,57972300
2017-07-10,210.65013122558597,211.0238624203301,210.119963666866,210.4241631681272,36663300
2017-07-11,210.49368286132807,210.80656883325656,209.32905690096655,210.65011921638543,50354600
2017-07-12,212.0755157470703,212.24065187535007,211.4584434656008,211.4584434656008,59610400
2017-07-13,212.431884765625,212.54487544761287,211.85825812727933,212.08423949125515,39471600
2017-07-14,213.4226531982422,213.77899816590127,212.3362453176828,212.4318497416446,60262700
2017-07-17,213.3965759277344,213.7268481601751,213.22275332290783,213.34443047246788,33531900
2017-07-18,213.50955200195312,213.5616974536571,212.6491122633961,212.98807096128576,42742500
2017-07-19,214.66546630859372,214.67415279558813,213.81371315790403,213.82241290671064,51034300
2017-07-20,214.7611389160156,215.0392524680929,214.2135850397977,214.9175753024685,47135200
2017-07-21,214.5699462890625,214.5960190221116,213.9615471530706,214.1875285219193,82340800
2017-07-24,214.5177459716797,214.6567960917812,214.04841037316837,214.4916599834833,46622300
2017-07-25,215.0392608642578,215.3695331531979,214.81329276550863,215.26522896300705,54915600
2017-07-26,215.0478973388672,215.36078331303543,214.78717007857185,215.32602409893403,47575400
2017-07-27,214.8480224609375,215.54332616544716,213.52694674855076,215.5085669480385,70766600
2017-07-28,214.5959625244141,214.72632615533809,213.91804511998137,214.36998121506053,50088400
2017-07-31,214.47430419921875,215.09137645548512,214.26570910962465,214.9957720304814,65838700
2017-08-01,214.95233154296875,215.10876791760103,214.43085043723025,215.074008699399,55050400
2017-08-02,215.05661010742188,215.19567349587365,214.12663861669216,215.08268283502977,47211200
2017-08-03,214.63943481445312,214.9696937872359,214.36130803546263,214.9436210594324,40856000
2017-08-04,215.0305328369141,215.3607918002414,214.64811515765828,215.126137256728,60191800
2017-08-07,215.43035888671875,215.43035888671875,214.99579568195315,215.10009986913207,31995000
2017-08-08,214.90017700195312,216.33424343971365,214.52645903629823,215.1174585899336,61719400
2017-08-09,214.89146423339844,214.9436096862463,213.85720187920185,214.2135468227478,62632600
2017-08-10,211.85824584960935,214.18751149071596,211.80610038765755,214.05713457402004,120479500
2017-08-11,212.17111206054688,212.76212485168887,211.84953956734344,212.0842073860186,74869900
2017-08-14,214.27438354492188,214.49166511117895,213.41395703010485,213.44871624550768,73291900
2017-08-15,214.24832153320312,214.6741981986198,213.9441352823184,214.65681195914163,55242700
2017-08-16,214.6220245361328,215.16957828230625,214.1961479266853,214.76977439774197,56715500
2017-08-17,211.27593994140625,214.32658218751973,211.27593994140625,214.01369614334956,128490400
2017-08-18,210.94566345214844,212.23196674420893,210.5024005235471,211.11078631966924,136748000
2017-08-21,211.1107635498047,211.37150408053876,210.18080534642425,210.88479549613612,65469700
2017-08-22,213.31832885742188,213.47476520203688,211.67568092989995,211.69306716657255,63140100
2017-08-23,212.5535430908203,212.97941978670568,212.205897847276,212.35364773887312,50203800
2017-08-24,212.0581512451172,213.0924005023404,211.8495561386653,212.9359641188636,50741700
2017-08-25,212.5535430908203,213.46612843239413,212.4057931992232,212.8490428740146,64445900
2017-08-28,212.5622100830078,213.10975059411496,212.14501994087084,213.08367786795816,40565600
2017-08-29,212.80560302734372,213.0663303362766,211.1368686792757,211.24985935435748,51135700
2017-08-30,213.8137664794922,214.0832067852587,212.6056813953853,212.7882037622832,62030800
2017-08-31,215.10006713867188,215.34342143536557,213.84852317749608,214.430836191857,103803900
2017-09-01,215.40426635742188,215.8301430332035,215.25651647279932,215.4737980552117,62007000
2017-09-05,213.8572540283203,215.1261844915753,212.8925231299425,214.90020312504348,91398800
2017-09-06,214.58729553222656,214.91756779673688,214.00498245551665,214.5351500718967,57916900
2017-09-07,214.5612335205078,214.90889204310076,214.1527430450965,214.89150580151696,58034700
2017-09-08,214.3091735839844,214.7698094812517,214.0658192707796,214.2744011039177,63832800
2017-09-11,216.5949859619141,216.67320415146065,215.56072347185696,215.57809645054567,71364800
2017-09-12,217.3250274658203,217.3597866815819,216.7774736694203,216.9599960221585,56896000
2017-09-13,217.4292755126953,217.4640479834166,216.92518078173123,217.0381714188577,59228000
2017-09-14,217.3598480224609,217.55975667040315,216.93398451558025,217.10780716707143,95446300
2017-09-15,217.6524200439453,217.739756008967,217.110891746866,217.21570023594435,95432400
2017-09-18,218.1152801513672,218.4646505676897,217.7309646968362,218.01920128773443,46235200
2017-09-19,218.3336639404297,218.4210132179044,218.0104956035048,218.3598660581464,47108100
2017-09-20,218.4123077392578,218.525859153917,217.41658711242655,218.4210506650813,59574100
2017-09-21,217.8270721435547,218.3423982399205,217.6523869124714,218.25506228819327,48211400
2017-09-22,217.87075805664065,218.03671369942697,217.5039150540953,217.53011717373212,51214000
2017-09-25,217.4253387451172,217.9668804234547,216.6829229945747,217.6174965458769,57064400
2017-09-26,217.55636596679688,218.09789432564105,217.3205335118415,217.85333227147703,54082000
2017-09-27,218.40353393554688,218.78784942033212,217.3728684692929,218.25505083053952,81001400
2017-09-28,218.66558837890625,218.7441947367933,218.03671086055107,218.12404681566025,44778800
2017-09-29,219.43423461914065,219.5128543148782,218.47345902225527,218.65687388117044,85578000
2017-10-02,220.38629150390625,220.38629150390625,219.48663643311735,219.6613350193713,59023000
2017-10-03,220.85787963867188,220.88408175356255,220.30760857071283,220.38622824301208,66810200
2017-10-04,221.1199493408203,221.3645113371784,220.5958803042649,220.70943170529875,55953600
2017-10-05,222.4300994873047,222.44755868087944,221.1548719920263,221.4518382143416,63522800
2017-10-06,222.1768493652344,222.46508606184125,221.72267032297376,221.98469156749644,80646000
2017-10-09,221.8099670410156,222.46504669165515,221.5479325152339,222.4039128546295,35803100
2017-10-10,222.39517211914065,222.77075805290576,221.8361713448633,222.37771292417835,43057400
2017-10-11,222.74459838867188,222.74459838867188,222.13319325771235,222.2991356072617,47674300
2017-10-12,222.41262817382807,222.7794711553205,222.17679578300127,222.43010069512647,47065100
2017-10-13,222.68341064453125,222.96291769784077,222.4126465164064,222.84936629148,54800400
2017-10-16,222.9803924560547,223.1725502367093,222.56988810025345,222.91052901548105,38221700
2017-10-17,223.1376190185547,223.1812936647346,222.70962881020068,222.92798871346952,31561000
2017-10-18,223.35597229003903,223.55685966334508,223.1638145146575,223.51318501846197,40888300
2017-10-19,223.41714477539065,223.45208982839375,222.15940274756383,222.5786500901728,61903800
2017-10-20,224.57005310058597,224.59628187884428,223.3996605089635,224.21196630472969,89176400
2017-10-23,223.6965789794922,224.91941561151043,223.617972622621,224.89321349255337,63915300
2017-10-24,224.08969116210935,224.32551028927892,223.73157768030504,224.1246362141857,66935900
2017-10-25,222.9803924560547,223.87130459112328,221.85366122188063,223.7577531768372,103715300
2017-10-26,223.2686004638672,223.86253292591013,223.14631946711543,223.59178214127675,69798000
2017-10-27,225.09405517578125,225.25129452218823,223.27731299353624,224.0109988741691,85562500
2017-10-30,224.255615234375,224.99804421858872,223.95864897174167,224.0110532148381,54285700
2017-10-31,224.60499572753903,224.85830068394264,224.3080294517007,224.6311978502524,60304800
2017-11-01,224.9019470214844,225.72298235215797,224.5351173279343,225.3823547795757,54202700
2017-11-02,224.98931884765625,225.1290723919045,223.76650865456276,224.8321061061006,56449500
2017-11-03,225.74044799804688,225.7841093106653,224.7359712552437,225.1464888838371,59589700
2017-11-06,226.08985900878903,226.220869625396,225.53958776377712,225.60945120754656,49652600
2017-11-07,225.93264770507807,226.52658027431363,225.4260377772938,226.1946689399576,57502200
2017-11-08,226.31690979003903,226.41300200160703,225.47841528260687,225.75792233683757,50469600
2017-11-09,225.4959259033203,225.68808369230456,223.91497561583995,225.11161032535176,95085500
2017-11-10,225.426025390625,225.600723974454,224.7971478062067,225.1115999260466,59984700
2017-11-13,225.6356506347656,225.86275347101252,224.7098067481224,224.7447517972209,50228600
2017-11-14,225.1116180419922,225.2164265386195,224.05473683871836,224.8321109474769,61315200
2017-11-15,223.9848480224609,224.6661298286348,223.27736409509808,224.14206074959475,80811500
2017-11-16,225.88897705078125,226.2558334630069,224.8845266997023,224.92818802377596,67777000
2017-11-17,225.22512817382807,225.86274869389405,225.1465218064658,225.5395802985394,75756800
2017-11-20,225.6094207763672,225.80157853989255,225.22510524931647,225.4696939076753,48075500
2017-11-21,227.0855712890625,227.26901281156455,225.57453771922823,226.37808728873543,69176800
2017-11-22,226.8846435546875,227.22527108469816,226.718687924212,227.0942604962325,45033400
2017-11-24,227.40870666503903,227.5135418006373,227.2340347495609,227.37378827509912,27856500
2017-11-27,227.2952423095703,227.74942139680508,227.09434156536653,227.4524550718516,52274900
2017-11-28,229.60110473632807,229.62730686283643,227.66206740891383,227.75815964295504,98971700
2017-11-29,229.4613037109375,230.2648798497445,229.01586765243732,229.73206784726955,77512100
2017-11-30,231.4703063964844,232.3786646613204,230.29990017984363,230.37850656880428,127894400
2017-12-01,230.9898376464844,231.73226666483723,227.75812700080465,231.25188552927716,164390900
2017-12-04,230.7103576660156,233.0336836352884,230.65792676514644,232.60570674441112,94040600
2017-12-05,229.8805694580078,231.59250360309943,229.74955884962907,229.8805694580078,77994500
2017-12-06,229.9242248535156,230.3522283702102,229.46130294566015,229.97662909551732,75898600
2017-12-07,230.64923095703125,230.96365645856784,229.6622398184337,230.64923095703125,77218600
2017-12-08,231.9069366455078,231.91565291517543,230.61423655354508,231.60122748092607,76563900
2017-12-11,232.6057586669922,232.6669058522704,231.88081533743213,232.6057586669922,83077500
2017-12-12,233.01622009277344,233.48788494970145,232.6406474545075,233.39179273103937,85195800
2017-12-13,232.9900360107422,233.6975200232834,232.90268671117556,233.26080018071409,102905400
2017-12-14,232.0380401611328,233.40060423236065,231.98563590110632,233.28705278388009,100666700
2017-12-15,233.97021484375,234.43550291442347,232.9869666031952,233.03963870240307,144610300
2017-12-18,235.453857421875,235.80501365448453,235.26071747521428,235.3660616658468,83653600
2017-12-19,234.54965209960935,235.74358882543072,234.47940476779212,235.69970433667527,82382900
2017-12-20,234.4267425537109,235.5680072245659,234.1282583596644,235.51533511923463,76751500
2017-12-21,234.90960693359372,235.6207340227915,234.66379481577025,235.05007482828023,67032300
2017-12-22,234.84820556640625,234.96233742065027,234.312669971457,234.9272137443794,78720900
2017-12-26,234.56723022460935,234.7867062791785,234.30386967573068,234.44431077412565,45244400
2017-12-27,234.681396484375,235.0413404816488,234.4092482801095,234.73406860187708,57751000
2017-12-28,235.1641540527344,235.20806533022463,234.795449354247,235.1817292803327,45116100
2017-12-29,234.2774810791016,235.76114118823557,234.08436789215665,235.7435927507426,96007400
2018-01-02,235.95428466796875,235.9894083349834,234.7515602899202,235.13784025255728,86655700
2018-01-03,237.4467620849609,237.59601759479307,236.12111810246336,236.12111810246336,90070400
2018-01-04,238.4475250244141,238.9303883650172,237.50818797814625,238.08760791196545,80636400
2018-01-05,240.03656005859372,240.15945270574505,238.7460399102112,239.2376640818324,83524000
2018-01-08,240.4754943847656,240.6335106872347,239.65026241653013,239.9399589710568,57319200
2018-01-09,241.0198516845703,241.6431562298976,240.61599642060025,240.89693222383696,57254000
2018-01-10,240.6509704589844,240.914357657564,239.5975020391544,240.26469066759788,69574300
2018-01-11,242.40684509277344,242.40684509277344,241.0373170136112,241.20412091479795,62361500
2018-01-12,243.98716735839844,244.15394452208943,242.37179991942867,242.67031094880144,90816100
2018-01-16,243.1530303955078,245.89208612074796,242.4594788524184,245.24244584505612,106555100
2018-01-17,245.47071838378903,245.8569982773587,243.1530658138744,244.08364188706403,113258800
2018-01-18,245.0581970214844,245.77805812089665,244.56654600971189,245.35668124153543,100728000
2018-01-19,246.173095703125,246.173095703125,245.0581671238248,245.63756026225917,140920100
2018-01-22,248.17477416992188,248.17477416992188,245.9097660228466,245.96246493019797,91322400
2018-01-23,248.7014923095703,248.99118891195357,247.89380864434813,248.21862891691765,97084700
2018-01-24,248.6048583984375,249.93928967925865,247.42847020558543,249.3422945734416,134816100
2018-01-25,248.71029663085935,249.56186493911383,247.9201880583021,249.4653083186026,84587300
2018-01-26,251.5897521972656,251.6336634783929,249.28964767784197,249.54424737555524,107743100
2018-01-29,249.9217071533203,251.45803917092164,249.7636908614709,251.01908716589267,90118300
2018-01-30,247.3582305908203,249.97436726883348,246.88415494649124,248.09566670894165,131796400
2018-01-31,247.48126220703125,248.7103230941745,246.4102176929097,248.2099379129391,108364800
2018-02-01,247.2002410888672,248.49954888800508,246.41013270475324,246.7525281863909,90102500
2018-02-02,241.8187561035156,246.01513768914108,241.78363242902748,245.8834306076889,173174800
2018-02-05,231.70523071289065,242.16985973581023,231.1609344386689,240.0628951810938,294681800
2018-02-06,236.2703857421875,236.77079761721305,227.11385043179703,228.20244317759625,355026800
2018-02-07,234.98858642578125,239.1059317295895,234.9095514855724,235.7172349914964,167376100
2018-02-08,226.1744537353516,235.42757111233564,226.1393300672192,235.2871032313149,246449500
2018-02-09,229.57192993164065,231.4242947855056,222.039510890829,228.95738632420708,283565300
2018-02-12,232.9430694580078,234.409181085586,229.71238881690363,231.61742570067415,143736000
2018-02-13,233.52252197265625,234.0668183011388,231.16095748307055,231.74037748189377,81223600
2018-02-14,236.67416381835935,237.0341077154266,232.03004361372035,232.0388312280291,120735700
2018-02-15,239.6941375732422,239.70292518687265,235.9542578113466,238.41240518393013,111200300
2018-02-16,239.7643585205078,241.70454573082915,239.0269223449148,239.0708336216377,160420100
2018-02-20,238.26321411132807,240.2560739557444,237.47310562466865,238.81629808944345,86369700
2018-02-21,237.0780029296875,241.17782706280644,236.98144633395103,238.70213095136867,98883700
2018-02-22,237.3852996826172,239.7117405460548,236.71811068253444,237.9998433634548,110511300
2018-02-23,241.1690368652344,241.1690368652344,238.1314960667972,238.6055718002206,92766400
2018-02-26,243.96961975097656,244.06620316353616,241.65196613924496,242.24014706555096,86491400
2018-02-27,240.9232177734375,244.8650254340457,240.8617580559553,244.15389845883672,99099200
2018-02-28,238.482666015625,242.46835850910344,238.1666333695874,242.0206188023741,121907800
2018-03-01,235.01492309570312,239.81705928396283,233.5224755055692,238.27193959455408,176855100
2018-03-02,236.22650146484372,236.7883731343521,232.48664698180255,233.346976137403,139083200
2018-03-05,238.95669555664065,239.5712390826377,234.93588017192567,235.04125115839997,97307400
2018-03-06,239.5624847412109,240.0102244235225,238.0700369945111,239.93118947481383,79213200
2018-03-07,239.4746551513672,239.82581139761655,237.2096745902801,237.4028145444429,87063500
2018-03-08,240.633544921875,240.75643757744385,239.15867230598985,240.1506815402928,66901200
2018-03-09,244.82107543945312,244.82107543945312,241.72207550192215,242.0381348622031,113625300
2018-03-12,244.513916015625,245.73421595248823,244.1276359486694,245.1109113500661,71924800
2018-03-13,242.93362426757807,246.1730925484852,242.327868293652,245.67268078019717,91968900
2018-03-14,241.6869659423828,244.07486594797848,241.1339089147542,243.8905136054356,105895100
2018-03-15,241.423583984375,242.83699647068977,240.9231723076105,242.19614373976532,83433000
2018-03-16,241.68540954589844,242.73430164877237,241.63252649019117,241.9498248244349,100343700
2018-03-19,238.41537475585935,241.8617314494688,236.76712305431,240.93625086908648,109208400
2018-03-20,238.82083129882807,239.4554549648832,238.14212048028443,238.81200848856804,59757300
2018-03-21,238.3625030517578,240.8657336626059,238.1509707716006,238.7767716996089,78709600
2018-03-22,232.40403747558597,236.9874056171408,232.13077251194272,236.14124989695927,148785900
2018-03-23,227.45050048828125,233.17093659771976,227.2565869439136,232.84481538646813,183534800
2018-03-26,233.67327880859372,233.95533970718196,228.6492001841799,231.0466640245638,141956100
2018-03-27,229.69810485839844,235.13645231917573,228.1467967301256,234.6076217289093,129941400
2018-03-28,229.0194549560547,231.4962710730317,227.9176794355628,229.830373574616,146452300
2018-03-29,231.94573974609372,233.8055505117985,229.0282407907725,230.1564576656507,111601600
2018-04-02,226.93927001953125,231.9281118003099,224.47129066036044,231.41687299833717,186286300
2018-04-03,229.84793090820312,230.323905337594,226.38395605270185,228.1732379441203,119956900
2018-04-04,232.30712890625,233.012254376982,226.17245123468197,226.30465889809264,123715300
2018-04-05,234.14051818847656,235.02193855166377,232.97703685335392,234.0611666848327,82652600
2018-04-06,228.9224548339844,233.67329571244264,227.40641101791255,232.1837203251605,179521200
2018-04-09,230.05072021484372,233.4353712614112,229.1164167597462,230.3768414531003,105442900
2018-04-10,233.7085418701172,234.49301869650768,231.79587525314687,232.93288785263687,103529000
2018-04-11,232.4833984375,234.1404727021837,232.1572772702864,232.22777905016653,91140200
2018-04-12,234.39599609375,235.339121876834,233.62916505661127,233.80545980255653,68890500
2018-04-13,233.7085418701172,235.81514889026525,232.70373691024145,235.7005599696637,85079200
2018-04-16,235.63009643554688,236.39695475492135,234.51952505696408,235.33923954798863,63405300
2018-04-17,238.15090942382807,238.7502686624216,236.88166227221376,237.3928741171769,64682000
2018-04-18,238.32717895507807,239.12924752533576,237.86882331629653,238.5915942091405,57303900
2018-04-19,237.00509643554688,237.87769384781996,235.97382294019735,237.67495751316204,77655900
2018-04-20,234.99539184570312,237.1548817757553,234.1139717760991,236.9345267583543,99953100
2018-04-23,234.96017456054688,236.12365560791923,233.88484090745573,235.56835661263665,65558000
2018-04-24,231.7958831787109,236.20298397525707,230.2974581483618,235.98262893542972,112885500
2018-04-25,232.36883544921875,232.8095455943946,229.91848811799363,231.73421176421303,103840900
2018-04-26,234.7310943603516,235.55963179340137,232.95063460997827,233.3913448659061,67731900
2018-04-27,234.95135498046875,235.6388616272177,234.01705176562555,235.33918200158956,57053600
2018-04-30,233.14453125,236.12373666730835,233.07400255083985,235.56843748139596,82182300
2018-05-01,233.55874633789065,233.6645124635416,231.02904763828548,232.5803558779965,74203400
2018-05-02,231.98980712890625,234.17571200711808,231.60198008945383,233.36482048739748,86368900
2018-05-03,231.47854614257807,232.1307884196233,228.33186987842024,231.16124781281792,136311500
2018-05-04,234.4753570556641,235.15406772398305,230.1828456237386,230.5089667454372,91222100
2018-05-07,235.2686920166016,236.23823271919028,234.55471690649136,235.2422504865093,55304900
2018-05-08,235.2686920166016,235.63005062825889,233.70856104472983,234.8984836965004,67499200
2018-05-09,237.5427703857422,237.86889159229477,235.4185442390363,235.93857898716237,59666100
2018-05-10,239.7639312744141,240.09007936810892,238.17738555381092,238.2831516820096,72063900
2018-05-11,240.49549865722656,240.7599139485853,239.37607782658708,239.8873165882925,59871500
2018-05-14,240.61009216308597,241.57963284906248,240.06358905252705,240.9273905187562,54790600
2018-05-15,238.9530487060547,239.40255476785492,238.0099225293542,239.38493604542785,87036100
2018-05-16,239.9578399658203,240.4161957105122,238.9618307807,238.98829921102725,53942600
2018-05-17,239.75509643554688,240.8304300623248,238.97944242294545,239.69339057117915,56536400
2018-05-18,239.1557464599609,239.7727513992917,238.80318373697688,239.4113658661193,64368000
2018-05-21,240.9537811279297,241.49146131537844,240.2486558873583,240.6364828393137,58025900
2018-05-22,240.28392028808597,241.7294621619401,239.95779915524992,241.4738428015524,52966400
2018-05-23,240.94497680664065,240.97144523152645,238.85601554990004,239.01469160518607,64694200
2018-05-24,240.4514617919922,240.82167017612028,238.67100236063115,240.5484320183078,76043800
2018-05-25,239.8784942626953,240.50429505271225,239.37607830929167,239.8784942626953,56374800
2018-05-29,237.1196746826172,239.01474980878663,236.0091034180093,238.2567143785564,115908600
2018-05-30,240.28392028808597,240.7246303376064,238.3536350180888,238.4241367905371,69678400
2018-05-31,238.81201171875,240.1782023869531,238.21265238681653,239.87852272098635,93519900
2018-06-01,241.15652465820312,241.45620423939144,240.03710400918308,240.1076326746418,71258400
2018-06-04,242.3024444580078,242.55806388655805,241.73834943158175,241.97632323820957,45385200
2018-06-05,242.47869873046875,242.85770295501916,241.6677803232636,242.43461158185,51135000
2018-06-06,244.5059509277344,244.6117170448222,242.4698724773669,243.0868773587912,62732200
2018-06-07,244.4794464111328,245.28154179081008,243.57158494161715,244.9906850437545,72969400
2018-06-08,245.2022705078125,245.2551535642236,243.8536987717136,244.02117074995132,72139700
2018-06-11,245.52835083007807,246.24229887172424,245.3079958320687,245.42258473484216,58892500
2018-06-12,245.8456878662109,246.2070464094195,245.2022415574353,245.9426311585828,72329000
2018-06-13,245.0613555908203,246.3394261538475,244.8586191797933,246.08380666147795,79070600
2018-06-14,245.6782073974609,246.20703788081565,245.0876441593097,245.92500392262772,77097600
2018-06-15,245.36480712890625,245.7012550888403,243.78883538468264,244.89555787415404,120041600
2018-06-18,244.86016845703125,244.98413436209893,243.43472266632747,243.91280739262805,52917600
2018-06-19,243.92161560058597,244.14296007935235,242.17742002712305,242.59354872798747,97531500
2018-06-20,244.3378448486328,245.00187855818777,244.00139677932216,244.60344752461447,53785500
2018-06-21,242.8061065673828,244.34668299377168,242.31029694175825,244.32895813740055,71061400
2018-06-22,243.2487335205078,244.17839659575208,243.0273890292008,244.06329313713783,54898500
2018-06-25,239.9374542236328,242.25714041734616,238.2552413138066,242.0977788512729,137854200
2018-06-26,240.4686584472656,241.318613720225,239.7515044638951,240.50408113101963,68547400
2018-06-27,238.47657775878903,242.47847672690543,238.32605160508425,241.05303106816336,105110700
2018-06-28,239.84007263183597,240.60148478447195,237.71514369883715,238.4234623497013,76650500
2018-06-29,240.18540954589844,242.29261409496888,240.0703060507577,240.92912403034688,97592500
2018-07-02,240.69883728027344,240.85822584666744,238.3791513670578,238.6182207068534,63554800
2018-07-03,239.84893798828125,241.6905396908901,239.4239737642924,241.59313404316129,42187100
2018-07-05,241.8055877685547,241.86757071714237,239.9020303531457,240.97335725440996,56925900
2018-07-06,243.85081481933597,244.22265843947528,241.4514210425873,241.832154108376,66493700
2018-07-09,246.046630859375,246.09975139725196,244.80710660957607,244.85136471793945,50550400
2018-07-10,246.9319610595703,247.0293667064297,246.20594449060724,246.4981344115885,51966800
2018-07-11,245.1257781982422,246.1705449354682,244.82475287382,245.3825454236245,77054700
2018-07-12,247.3480224609375,247.4011429739848,245.7809132868629,246.3829637811254,60124700
2018-07-13,247.54286193847656,247.84388725280263,246.7194667828556,247.1710182641425,48216000
2018-07-16,247.32150268554688,247.72876902543337,246.87881365796775,247.58713231385076,48201000
2018-07-17,248.3219451904297,248.7115136350512,246.49806884496985,246.5511893583646,52315500
2018-07-18,248.8443756103516,248.95061666305276,247.95899747838,248.4016865443658,44593500
2018-07-19,247.90591430664065,248.56108557675037,247.42780247784685,248.18037940734067,61412100
2018-07-20,247.6225128173828,248.3308314298879,247.4631512619163,247.70219359511609,82337700
2018-07-23,248.08297729492188,248.28659698414955,247.07363319847968,247.41894365871448,47047600
2018-07-24,249.33126831054688,250.172388160022,248.46361522328877,249.4906568743777,68026900
2018-07-25,251.4563140869141,251.77503732383056,249.0392214618853,249.0834795715893,78882900
2018-07-26,250.8630828857422,251.54481444589769,250.6417383119721,250.7391439746236,57919500
2018-07-27,249.16311645507807,251.2880184882975,248.24231566683144,251.1906128472391,76768700
2018-07-30,247.8616180419922,249.40216734030943,247.3392211685941,249.24280576177927,63742500
2018-07-31,249.08351135253903,249.6944246541794,248.24241802362437,248.62312427838384,68570500
2018-08-01,248.66722106933597,249.7916682815097,248.020912502554,249.286996399806,53853300
2018-08-02,250.0218963623047,250.19009331753423,247.16211580994263,247.36576246882865,63426400
2018-08-03,251.09327697753903,251.14639751094435,249.9688293080611,250.14591576581196,53935400
2018-08-06,252.0140838623047,252.32394464127196,250.73913699132908,251.1287055918828,39400900
2018-08-07,252.8462829589844,253.22701610254995,252.54525762703747,252.67808596667044,43196600
2018-08-08,252.7400665283203,253.13849754684549,252.27967956747327,252.67811058599844,42114600
2018-08-09,252.3947296142578,253.1915644629668,252.2619283094053,252.8019959556701,35717000
2018-08-10,250.70372009277344,251.50055515066057,249.99540124829505,250.9604873626219,77076000
2018-08-13,249.76519775390625,251.58907469989236,249.47300781443937,250.97816157511463,65732900
2018-08-14,251.35882568359372,251.59789505219464,250.10160397009915,250.49117247783963,43842000
2018-08-15,249.4818878173828,250.1547839487945,248.0475793432479,250.01312018325515,102925400
2018-08-16,251.50048828125,252.3681685026852,250.8807128345686,250.91613552227457,69967900
2018-08-17,252.3858795166016,252.82856856746483,250.88958836311608,251.2968547244236,65618500
2018-08-20,252.92599487304688,253.19159751742657,252.38590013667803,252.8374516517211,39807500
2018-08-21,253.5191802978516,254.37799819792025,252.96138773126304,253.43949950542424,67272000
2018-08-22,253.36859130859372,253.89096099791945,252.84619459968036,253.11182416652255,44993300
2018-08-23,253.0322113037109,254.050390700866,252.71346114188097,253.19157287482844,49204900
2018-08-24,254.55511474609372,254.6967785114745,253.5546329790677,253.60775351363543,57487400
2018-08-27,256.5648803710937,256.6711214264323,255.5909589978284,255.75032058083627,57072400
2018-08-28,256.6889038085937,257.13159298478024,256.2284897728139,257.0253248860289,46943500
2018-08-29,258.070068359375,258.3002483366861,256.66232014973934,256.90136255603954,61485500
2018-08-30,257.0252990722656,257.9637978699567,256.432110766729,257.59195413028306,61229500
2018-08-31,257.0340881347656,257.47677714013287,256.13101229086976,256.6179593889367,66140800
2018-09-04,256.59136962890625,256.9455153885651,255.5908882686675,256.61792988539094,57594400
2018-09-05,255.90087890625,256.44097369820634,254.89156173412889,256.23732697015714,72452400
2018-09-06,255.13047790527344,256.3080185267249,254.1034363834637,256.0069933078545,65909900
2018-09-07,254.63478088378903,255.6087023274441,253.846781300414,254.0858507118014,73524800
2018-09-10,255.07748413085935,255.9097418634213,254.88269983133213,255.64411217155657,50210900
2018-09-11,255.9185333251953,256.361222382682,254.0858211620934,254.4311045767432,50530500
2018-09-12,255.98057556152344,256.58262633443366,255.19260290689724,255.9274550238903,59810800
2018-09-13,257.4945373535156,257.6804862349242,256.75968531520266,257.0430128319784,51034200
2018-09-14,257.5388488769531,257.8841323699944,256.75971163574974,257.69821048912604,55079900
2018-09-17,256.17529296875,257.52105793665976,255.90082792279205,257.48566226721647,68244000
2018-09-18,257.5653076171875,258.15849572409456,256.36117953190404,256.38773979012984,61930400
2018-09-19,257.8398132324219,258.2559420232231,257.4945028015122,257.6184687058169,49080600
2018-09-20,259.9294738769531,260.2482242677603,257.8576909053568,259.0972427345227,100360600
2018-09-21,259.6918334960937,260.78578814845525,259.53175051533134,260.670163615046,105479700
2018-09-24,258.8290405273437,259.2559554738221,258.25094519737735,259.11365049166267,53409600
2018-09-25,258.58905029296875,259.38949248372154,258.3489257783172,259.2827704772097,44370000
2018-09-26,257.8152770996094,259.91421551245395,257.3972644981479,258.7313438038446,79739700
2018-09-27,258.53570556640625,259.62075793744515,258.01097090674455,258.28667848822926,59249500
2018-09-28,258.5623474121094,259.0604014939994,257.8775298349885,257.9130857394722,70091400
2018-10-01,259.46063232421875,260.52787942324136,258.79359270911283,259.7985762633335,62078900
2018-10-02,259.3094177246094,260.0209157713873,258.9358907497197,259.3094177246094,47258200
2018-10-03,259.45166015625,260.7768364839188,259.0959112187038,260.3588240182784,64694600
2018-10-04,257.42388916015625,259.02477312297555,255.840783146468,258.97141213367536,111545900
2018-10-05,255.98306274414065,258.1620419692603,254.56003983967008,257.6462100766158,105951700
2018-10-08,255.98306274414065,256.3388116847822,253.91968088975355,255.29821821295369,87742200
2018-10-09,255.60955810546875,256.90805420357475,255.049240523284,255.6006827010232,74339000
2018-10-10,247.5160675048828,255.1736936729073,247.14254065292167,255.102527606504,214731000
2018-10-11,242.0642242431641,248.04977526262695,240.4544104484742,246.4310860635288,274840500
2018-10-12,245.42608642578125,246.4399723886288,242.24206923125192,246.15536234428612,183186500
2018-10-15,244.04751586914065,246.39550796513305,243.95857183970327,245.0703043529026,102263700
2018-10-16,249.38385009765625,249.75740419174008,245.5328203338632,246.0041938681184,118255800
2018-10-17,249.4283142089844,250.0508681229723,246.85797564445295,249.41941166358663,110626000
2018-10-18,245.82635498046875,249.0904144724787,244.55453915232613,248.49451374033328,134557500
2018-10-19,245.6929626464844,248.40557997459337,244.99924242586505,246.47562692449912,139901600
2018-10-22,244.59007263183597,246.68010818995012,244.0564355596308,246.3599422317725,82415800
2018-10-23,243.34490966796875,244.4655448019636,238.89797931644495,240.97916660583792,146352700
2018-10-24,235.97190856933597,243.4783288522013,235.42049357209595,243.0958722305184,177806700
2018-10-25,240.2053375244141,241.7439849383375,236.7812234431827,237.8040118236247,138061500
2018-10-26,235.98074340820312,241.02357328618535,233.2770298773475,236.50550496185588,201574600
2018-10-29,234.6733856201172,240.3565753986392,231.10696608457545,239.06695479413133,160749100
2018-10-30,238.15087890625,238.462169433922,234.01523944405503,234.5044180280844,157116000
2018-10-31,240.69456481933597,243.0069741099624,240.24096922248447,240.71234277026565,128296300
2018-11-01,243.25601196289065,243.4516779994685,240.4722290005421,241.55728117758088,99495000
2018-11-02,241.81515502929688,244.7857007968148,239.76955109252015,244.35878577669249,122634100
2018-11-05,243.14923095703125,243.70064588758427,241.3348760710952,242.3043034718907,65622500
2018-11-06,244.68783569335935,244.8479186355636,243.02468846268692,243.08695198751167,60085900
2018-11-07,249.9263610839844,250.006402564566,246.43105358048592,246.85796861882704,102752100
2018-11-08,249.47276306152344,250.11312204168917,248.3343501125517,249.12588950722693,65584900
2018-11-09,247.035888671875,248.35216271227117,245.6306434523214,248.165399233387,98812600
2018-11-12,242.4199676513672,246.7690514205457,241.9041085312186,246.52892695269583,99673600
2018-11-13,241.9663543701172,244.8746368356352,241.2459538773567,242.88242086967105,98176600
2018-11-14,240.31207275390625,244.23424055284536,238.7556474825517,243.83403319678155,125335900
2018-11-15,242.8201446533203,243.282642722626,237.4749534984664,239.0491568741506,135101400
2018-11-16,243.45167541503903,244.35883949759105,241.2104049940472,241.72626414950847,126668000
2018-11-19,239.3338623046875,243.1404346394144,238.4177954877904,242.84692195659235,103061700
2018-11-20,234.9045867919922,237.4660223874147,234.04188143022697,236.0074165626149,136021300
2018-11-21,235.7050628662109,237.5994593480656,235.6961874628989,236.4521438330722,75563700
2018-11-23,234.130859375,235.5272018784924,233.97077641256172,234.06859584230529,42807900
2018-11-26,237.9107208251953,238.13306729325623,235.98964408412053,236.38097603926,79981400
2018-11-27,238.7111968994141,238.7111968994141,236.27428794556133,236.8790639113208,75502400
2018-11-28,244.2075958251953,244.2075958251953,238.64893332775296,239.7784709180536,127629600
2018-11-29,243.6740264892578,245.07034211312995,242.2954616753383,243.43387485858383,82346400
2018-11-30,245.1592712402344,245.71958882183424,243.2026381197173,243.52280408525465,98204200
2018-12-03,248.405517578125,249.38384767989876,246.81353606087055,249.27712569459771,103176300
2018-12-04,240.3565673828125,248.00529243928708,240.04527685328785,247.57837738663264,177986000
2018-12-06,239.9919891357422,240.10761369417293,233.4105361305849,236.5056101379879,204185400
2018-12-07,234.4154815673828,241.2192792431404,233.5794565309465,239.65395115076464,161018900
2018-12-10,234.8601531982422,235.8295806220397,230.0129889373494,234.2375721794817,151445900
2018-12-11,234.9135589599609,238.23985434553188,233.44607729820376,238.0530908610672,121504400
2018-12-12,236.09642028808597,239.2448545988989,236.0163787982232,237.88409498741427,97976700
2018-12-13,236.01634216308597,237.90183601004944,234.90460973993248,237.03913056400617,96662700
2018-12-14,231.6583709716797,234.8245829393611,231.1069559980361,233.87293341160515,116961100
2018-12-17,227.11363220214844,231.8184786411639,225.48605403096255,230.70674603004963,165492300
2018-12-18,226.8645782470703,229.41712524737136,225.26368076295103,228.75008575990108,134515100
2018-12-19,223.46714782714844,230.70675017805107,221.7684306807493,226.9446507542669,214992800
2018-12-20,219.82952880859372,223.78729366508375,217.58827236195947,222.22197924177337,252053400
2018-12-21,215.3253173828125,223.38548870397216,214.68121894770843,220.72858607171847,255345600
2018-12-24,209.6358184814453,215.45058694361015,209.57320499611265,213.84034063943145,147311600
2018-12-26,220.2276611328125,220.2276611328125,209.116981023146,211.0940084996387,218485400
2018-12-27,221.9183807373047,222.115175702482,213.7687595647507,216.998192653221,186267300
2018-12-28,221.63211059570312,224.897320892128,220.469154308551,223.2691930102769,153100200
2018-12-31,223.5733795166016,223.81491988199969,221.38166176077164,223.2513302461389,144299400
2019-01-02,223.8059844970703,224.7274143179528,220.02191548301792,220.04875178700223,126925200
2019-01-03,218.46534729003903,222.36571591269447,217.98226653551384,222.06154839494693,144140700
2019-01-04,225.78302001953125,226.4271186384196,221.1133118576938,221.48903377701097,142628800
2019-01-07,227.56321716308597,228.96770037116784,225.15679528246304,226.05137509532184,103139100
2019-01-08,229.7012481689453,230.1843289108456,227.2232719214142,229.74599353972656,102512600
2019-01-09,230.77468872070312,231.6155956857988,229.18233820602435,230.40790782738253,95006600
2019-01-10,231.58883666992188,231.8393179366992,228.5651523992748,229.2450418235605,96823900
2019-01-11,231.6782684326172,231.70510473251588,229.93382703798264,230.5152984027252,73858100
2019-01-14,230.2647705078125,231.06988664202555,229.37914549021824,229.78168990712413,70908200
2019-01-15,232.90380859375,233.216916919576,230.63156872394276,230.64052325623595,85208300
2019-01-16,233.46743774414065,234.3530629785704,233.1274930641431,233.33322893857783,77636700
2019-01-17,235.23866271972656,236.09747886046176,232.5549237058404,232.59966906964812,96118400
2019-01-18,238.3697052001953,238.8349041281301,235.2744670046285,237.04574468322795,127900300
2019-01-22,235.14920043945312,237.11728664606437,233.53896794342955,236.9025962600359,115531200
2019-01-23,235.6412506103516,236.87577500924823,233.18115634601332,236.1780039099249,86030300
2019-01-24,235.7664794921875,236.34797816335373,234.4514461827318,235.4623256567197,59204100
2019-01-25,237.76138305664065,238.5844083633359,235.86487852864417,237.6092925009104,96883400
2019-01-28,235.9543609619141,236.0169607954056,234.1920377820725,235.62337082617444,85613700
2019-01-29,235.6412506103516,236.6610573091748,234.80929801123665,236.09749501004995,66136300
2019-01-30,239.3716735839844,240.2125808598044,236.39273457951532,237.1531329417456,92473700
2019-01-31,241.47393798828125,241.95701876265903,239.0943522557528,239.309069989038,104012100
2019-02-01,241.59022521972656,242.6100593238502,240.8029906061033,241.67073412788216,85782500
2019-02-04,243.2898712158203,243.3524983427084,240.963958692069,241.63489342197397,60744800
2019-02-05,244.30972290039065,244.61387672404788,243.21833456825289,243.71929701903028,79552800
2019-02-06,243.9877014160156,244.52445479019647,243.25416668172613,244.0324467891036,58347800
2019-02-07,241.6617889404297,242.92312237490376,240.0068109279789,242.37744182669655,95482000
2019-02-08,241.9570159912109,242.05540667168088,239.5953120550033,240.41833753894525,75788900
2019-02-11,242.0911407470703,242.8694206752519,241.56334202911276,242.61001223279428,68021400
2019-02-12,245.20433044433597,245.58003867487145,243.62986124861985,243.7014429213756,72270200
2019-02-13,246.0004119873047,246.8413189150729,245.61574934811716,246.03620281200125,65277200
2019-02-14,245.4547882080078,246.581967392561,244.103964093212,244.9180349153441,83234400
2019-02-15,248.1295166015625,248.16530742640356,247.0202467350936,247.22598255202877,97088700
2019-02-19,248.55905151367188,249.21207742315636,247.3245267801064,247.33348131598896,59120800
2019-02-20,249.0599670410156,249.5162114781635,248.0222511901044,248.52321369738445,76610800
2019-02-21,248.17428588867188,248.7825934676256,247.2170791597752,248.42476708591184,64214700
2019-02-22,249.71304321289065,249.90982457999127,248.15645564241623,248.79159971921945,78114600
2019-02-25,250.05303955078125,251.6543457008673,249.9725306114478,251.13550121391165,69030700
2019-02-26,249.87408447265625,250.75075537344767,249.4983488720212,249.70411209384685,56844100
2019-02-27,249.7667236328125,250.11559560406909,248.2280450842568,249.15838854121603,56921600
2019-02-28,249.30157470703125,249.9904188535112,248.97953897653517,249.55205604200088,69268300
2019-03-01,250.85806274414065,251.26956178049417,249.4267296998244,250.875944510797,78880500
2019-03-04,249.94552612304688,252.15513875053296,247.65540461039757,251.91361209504328,106494600
2019-03-05,249.60562133789065,250.2676288888448,249.05994081793224,250.0708202602486,59114600
2019-03-06,248.0937957763672,249.7308920448468,247.77176016313655,249.72193751100997,75039800
2019-03-07,246.0183563232422,247.7896065438765,245.1774492749072,247.64647052496792,94885100
2019-03-08,245.52638244628903,245.69635480490905,243.7014591754392,244.16663087774015,85795800
2019-03-11,249.08676147460935,249.2477792605108,246.215168424416,246.2420047220662,65098900
2019-03-12,250.0260772705078,250.54494879646796,249.453560445773,249.64141454290717,79667500
2019-03-13,251.6811065673828,252.61147731037204,250.7507358243936,250.91178095520416,80639200
2019-03-14,251.5200653076172,252.12837303273284,251.08172993222647,251.7079194255833,67518400
2019-03-15,252.76266479492188,253.5713273293104,251.88210530332043,252.0708142505132,81309000
2019-03-18,253.67913818359372,253.97566513758065,252.75366368534984,252.97829368415324,62199800
2019-03-19,253.7420654296875,255.5031571109372,252.85253932396947,254.739436978494,90268100
2019-03-20,252.9783172607422,254.73044238296177,251.87315511285124,253.52642876764452,84609200
2019-03-21,255.8356170654297,256.23993462503853,252.11573099309788,252.1606734468245,79550400
2019-03-22,250.9117431640625,254.99999873616272,250.8488401747913,254.47886913237076,122659300
2019-03-25,250.7230224609375,251.7563149520097,249.46509997525595,250.5702619995156,85575200
2019-03-26,252.59197998046875,253.54440914506105,251.19029074123256,252.47516797375596,68125900
2019-03-27,251.2710876464844,253.16697891758005,249.72563230261855,252.58291903886357,72224700
2019-03-28,252.22352600097656,252.67278597333012,250.7499675503961,251.90007198279525,56238500
2019-03-29,253.81393432617188,254.13738835770084,252.6099208410579,253.7330708182897,82186800
2019-04-01,256.8240051269531,257.1205321351597,255.53912787981557,255.8087003800633,77617900
2019-04-02,256.9497375488281,257.1833614980266,256.1590356475268,257.0126405229433,40070400
2019-04-03,257.3541564941406,258.55817021900583,256.7521359213784,258.16281915464305,68243200
2019-04-04,258.0369873046875,258.2885718276397,256.9857341776094,257.67758476056383,48997500
2019-04-05,259.28594970703125,259.3398587189356,258.41438412036786,258.70191713096256,58621700
2019-04-08,259.4836120605469,259.59143007888594,258.2077015286709,258.86363103444137,53566300
2019-04-09,258.15380859375,258.8456592016085,257.60572449284734,258.522205126451,66142300
2019-04-10,259.03436279296875,259.1242202855344,258.1538032388763,258.56711479989013,52601500
2019-04-11,258.9624328613281,259.52850482970075,258.39636089295544,259.5195108553922,55093100
2019-04-12,260.71466064453125,260.99319975147006,259.0074775121329,260.57089410213314,69727800
2019-04-15,260.5438842773437,260.8853263154702,259.74418819639936,260.78647484201645,49596700
2019-04-16,260.71466064453125,261.47840840448066,260.12163393988806,261.4244993786644,52153200
2019-04-17,260.0766296386719,261.855681721401,259.6632906883781,261.8287272177432,58268300
2019-04-18,260.5888061523437,260.858378651933,259.36683190031505,260.66070312049783,68708500
2019-04-22,260.8134765625,260.96623707797863,259.7352686592267,259.8251261729986,40160100
2019-04-23,263.15850830078125,263.3921322454848,260.9481570615082,261.1817535855609,52246600
2019-04-24,262.5746154785156,263.4102328349155,262.4308489299954,263.07778468800365,50392900
2019-04-25,262.41278076171875,263.06871029746924,261.22675508512435,262.47568374884355,57770900
2019-04-26,263.63482666015625,263.70669621419734,261.68502567610466,262.45776734051964,50916400
2019-04-29,264.048095703125,264.5692527133445,263.6347841375647,263.7246416311188,57197700
2019-04-30,264.18292236328125,264.4704554333061,262.2960517153176,263.7067077125926,81111700
2019-05-01,262.1971435546875,265.0185097807534,262.1881495792361,264.8118402899683,71671900
2019-05-02,261.631103515625,262.99687175976754,260.13955670306206,262.08036361263817,65030200
2019-05-03,264.19189453125,264.4704336008856,261.7389245024655,263.1046927620058,56543700
2019-05-06,263.1046142578125,263.5448802518728,259.5824040433734,259.8968915051246,107198100
2019-05-07,258.7108459472656,261.2985878238254,256.8059880160905,260.705561358726,144729900
2019-05-08,258.3514099121094,260.05859213332144,257.7583835239863,258.3514099121094,91568300
2019-05-09,257.5697631835937,258.1717562670425,254.5507215291892,256.2848860812778,103471100
2019-05-10,258.8636474609375,259.6184010578606,253.652214405053,256.6353077314568,112429300
2019-05-13,252.3583526611328,254.7214650101081,251.52273551419995,253.76006930266527,127290500
2019-05-14,254.6405029296875,256.1679975405137,253.24780822384145,253.37358673566888,77003200
2019-05-15,256.13214111328125,256.77008271546595,252.807605728279,253.0142752256212,73956400
2019-05-16,258.5042419433594,259.8609886388919,256.76111076781007,256.83298031022184,76749600
2019-05-17,256.8329772949219,259.312901499198,256.1860417381828,256.2040296890674,100353000
2019-05-20,255.1348114013672,256.9408182840054,254.3890243100717,255.2336354574385,62877600
2019-05-21,257.4350280761719,257.8123911999107,256.57242895202023,256.8240135080661,46847100
2019-05-22,256.6443176269531,257.59674680267347,256.1681030390929,256.48259057914987,49482500
2019-05-23,253.50840759277344,254.46980300756653,252.0977248253268,254.42488798262627,98733800
2019-05-24,254.0834808349609,255.3593912816285,253.46349985025927,254.9460523447248,55268100
2019-05-28,251.72039794921875,255.31447831235775,251.7024374188396,254.3620492097785,70029400
2019-05-29,250.0312347412109,251.0106185805972,248.62954526276232,250.60630089681212,104972900
2019-05-30,250.71401977539065,251.6215336966896,249.61782434295864,250.7858893060809,62523800
2019-05-31,247.33567810058597,248.9979461732618,247.3087235878685,248.1713228361528,86862800
2019-06-03,246.7066650390625,248.48571724890928,245.3768454487275,247.37156112390167,96428000
2019-06-04,252.06185913085935,252.19663167059005,248.5486420183639,248.99790209790564,77231900
2019-06-05,254.2452087402344,254.27216324311323,251.87313022493015,253.6791367591237,71169700
2019-06-06,255.89845275878903,256.5723426738006,253.89477096070465,254.54170637594171,69430400
2019-06-07,258.4593200683594,259.5375552349996,256.74314326213107,256.9138642871934,74272200
2019-06-10,259.64532470703125,261.3075921861058,259.5554672231737,260.0047272218072,60799100
2019-06-11,259.5824279785156,261.8287280257867,258.9354924680753,261.46033152755564,58641300
2019-06-12,259.124267578125,259.9059758068672,258.61210445561744,259.3488976402078,47096300
2019-06-13,260.1934509277344,260.55288092143763,259.3308792682955,260.0317238829631,48945200
2019-06-14,259.9059753417969,260.5079685515309,259.1422276479497,259.9059753417969,52324700
2019-06-17,260.0047302246094,260.7684777152376,259.83400922950466,260.13950274162505,39205700
2019-06-18,262.727294921875,263.778575596661,261.4603781786856,261.81980818690425,85434800
2019-06-19,263.3203430175781,263.85046667610106,261.8916991065089,262.86208891416766,78674400
2019-06-20,265.836181640625,266.2405267117123,263.38323896605675,265.9979361214567,116570000
2019-06-21,265.4497985839844,266.822182181022,265.2331136881444,265.5671787539079,83309500
2019-06-24,265.1247253417969,265.97341688825486,264.9712218644644,265.6574273212025,47582700
2019-06-25,262.5243530273437,265.2059379178657,262.4160106162554,265.1788523150936,82028700
2019-06-26,262.2625732421875,263.9238882568308,262.154230803802,263.4182718416797,51584900
2019-06-27,263.1925354003906,263.6981517889475,262.6417855162231,263.0209840306274,40355200
2019-06-28,264.5468139648437,265.0433925257633,263.65296153358025,264.1675879780534,59350900
2019-07-01,266.9485168457031,268.08616730223594,265.7476574629136,267.86945491993043,78705600
2019-07-02,267.64373779296875,267.69790900113674,266.06367992868246,266.9033612093092,61504500
2019-07-03,269.7835388183594,269.80161425412496,268.17639561424454,268.3208613302796,40898900
2019-07-05,269.4766540527344,269.63919526156394,267.26458916274504,268.5557157881623,51677300
2019-07-08,267.99591064453125,269.2960749060107,267.45417094324387,268.1674620091727,45841800
2019-07-09,268.3299865722656,268.6279282653834,266.7860517816925,266.840222998623,41101300
2019-07-10,269.61199951171875,270.5600506490481,268.8626128525521,269.3953147050236,58448500
2019-07-11,270.2440795898437,270.4878500388574,269.24188463431943,270.253117309667,50826100
2019-07-12,271.45391845703125,271.52616509938144,270.4246380127178,270.73161735765416,40326000
2019-07-15,271.544189453125,271.8872920895059,271.0385732165695,271.8872920895059,33900000
2019-07-16,270.6683654785156,271.66154999805445,270.3613861822975,271.45387537678204,36650100
2019-07-17,268.8265380859375,270.80386996621183,268.8265380859375,270.64135633183906,36036300
2019-07-18,269.8106689453125,270.18989495674094,267.8875359461371,268.3299433311183,51392600
2019-07-19,268.3118591308594,270.93023487092404,268.14030781010166,270.9031492704896,58678600
2019-07-22,268.97100830078125,269.51274797837686,268.1945358876464,268.70916240503885,43638100
2019-07-23,270.8941955566406,270.8941955566406,269.25996619761105,270.0906374585564,44564500
2019-07-24,272.167236328125,272.167236328125,270.04543875193104,270.13573328679485,47213200
2019-07-25,270.8670654296875,271.76995564778645,270.0634799096485,271.71578443902234,55394100
2019-07-26,272.6818542480469,272.88049117681857,271.42682375398465,271.5532415968484,45084100
2019-07-29,272.185302734375,272.68190893290586,271.6345528760698,272.5645287849981,38126500
2019-07-30,271.51715087890625,271.9234625037329,270.4065859773304,270.7858119974368,45849000
2019-07-31,268.5466613769531,271.9505755193534,266.5332335970876,271.7609487131754,104245200
2019-08-01,266.208251953125,271.6526809798995,265.4137038440711,268.7002387398789,142646600
2019-08-02,264.2037048339844,265.55804002591907,262.6507327117384,265.31426961081803,116749700
2019-08-05,256.25830078125,260.22197439410274,254.36222586817163,260.1136319797592,178745400
2019-08-06,259.8518371582031,260.0685495834864,256.67367297899784,258.1453886890081,120711700
2019-08-07,260.0053100585937,260.7727722927134,254.6511774136103,256.7819852077057,140572300
2019-08-08,265.10662841796875,265.10662841796875,260.94431762874206,261.4950674503696,87713900
2019-08-09,263.3008728027344,264.76355072411707,261.52217775603447,264.167639801697,93730000
2019-08-12,260.0955505371094,263.29176156394834,259.14749942587946,261.8019984508938,65527600
2019-08-13,264.1405334472656,265.58516336808646,259.4545308129541,259.79763351897674,94299800
2019-08-14,256.33056640625,260.7005524202266,256.20417608457865,260.09563131231886,135622100
2019-08-15,257.0077514648437,257.9016317136364,254.96723786093705,257.2154261800236,99556600
2019-08-16,260.7997741699219,261.23314372232244,257.06179645637553,258.65992934289835,83018300
2019-08-19,263.94195556640625,264.6191234101706,263.1383973865682,263.81556523033254,53571800
2019-08-20,261.91949462890625,263.9690460880389,261.7931042904816,263.43634401418586,51596400
2019-08-21,264.0501708984375,264.4203315219926,263.39105133047104,264.0772564941614,49524700
2019-08-22,263.9690246582031,265.3865692020705,262.19936718570995,264.7545624531943,51666400
2019-08-23,257.188232421875,264.33009591746213,255.9422397627942,262.66878155669343,149161500
2019-08-26,260.0323791503906,260.0323791503906,257.8473727295932,259.3732593810128,72423800
2019-08-27,259.0121765136719,261.7930945034179,258.25375184938554,261.4229061159633,66668900
2019-08-28,260.8359680175781,260.99848164367427,257.5494344017355,258.3530199208042,59696700
2019-08-29,264.16754150390625,264.69123312905583,262.38884711906564,263.39106933739487,57899400
2019-08-30,264.0501708984375,265.66632403331914,263.12019537323226,265.64827615417454,62901200
2019-09-03,262.50634765625,263.2647722903244,261.1790976581127,262.3528717175835,69101400
2019-09-04,265.48583984375,265.50388772814705,263.9238298917129,264.6732441815311,46887300
2019-09-05,268.8988037109375,269.81070420416734,265.4497560499749,267.9688277765969,83258100
2019-09-06,269.1064147949219,269.7474866798832,268.53761711069353,269.21478476498777,49584300
2019-09-09,269.24188232421875,270.18086834097136,268.3028687534425,270.0906013596085,51260300
2019-09-10,269.1786193847656,269.24182830225595,267.22837353862485,268.4833764004084,57947100
2019-09-11,271.0927429199219,271.1739997195606,268.8355177498976,269.4855997010253,68821100
2019-09-12,272.0318298339844,273.0881960688336,271.23728195073244,271.99570650637503,72908700
2019-09-13,271.8511962890625,272.82633309685326,271.4810080151809,272.47419270681183,62104800
2019-09-16,271.0115051269531,271.8963473751053,270.3704608488334,270.7225736719622,58191200
2019-09-17,271.6976928710937,271.7879598351725,270.6412993619928,270.8128506801717,41475500
2019-09-18,271.8602905273437,271.96863296095114,269.2780097922511,271.3095130844703,73375800
2019-09-19,271.8421630859375,273.2416593963996,271.5080981282079,272.2484746882701,76560500
2019-09-20,270.55780029296875,272.7256865360811,269.7686626835575,272.4444725268905,89565000
2019-09-23,270.4942321777344,271.2108170035137,269.64159394991134,269.89556952748023,43476800
2019-09-24,268.371826171875,271.97285532348826,267.4103448279325,271.5828261838513,94869400
2019-09-25,269.9591369628906,270.40358741300247,266.97490242905855,268.45341435241266,71854000
2019-09-26,269.396728515625,270.1767865637136,267.9907970655747,269.9681805505696,56179700
2019-09-27,267.9454650878906,270.2584842358922,266.394400547626,270.1496138053091,84746600
2019-09-30,269.1880798339844,269.89558524708093,268.4171012837451,268.4624431933133,51662400
2019-10-01,265.9861755371094,270.72102824217234,265.768490068778,270.06794415591315,88242400
2019-10-02,261.2875671386719,264.4169336033458,259.99955810195115,264.4078541500029,122539500
2019-10-03,263.42828369140625,263.4554943744778,258.3487439616913,261.0608435391244,85278800
2019-10-04,266.9931030273437,267.2470787072425,264.0269992614025,264.08144832542007,65091200
2019-10-07,265.841064453125,267.81847578384463,265.55987813972894,266.19483104942367,59610500
2019-10-08,261.7139587402344,264.7254038708757,261.67766859806807,263.9906876592985,95708100
2019-10-09,264.1993103027344,265.13358083305707,263.1017756443016,263.7276491499932,62359400
2019-10-10,265.9861755371094,266.86602454663546,263.954370682643,264.1176347838915,55296300
2019-10-11,268.7436828613281,270.9750422719158,268.6167088805522,268.7346034051052,98720400
2019-10-14,268.4444274902344,269.09751182039724,268.09974024913794,268.4262685735817,40394800
2019-10-15,271.1020202636719,271.8458158960156,269.36953283376874,269.4874550292948,46754500
2019-10-16,270.6665344238281,271.35590846403454,270.2311636037042,270.6393237475704,48928200
2019-10-17,271.46484375,272.3356133684746,270.77546947468795,271.8276621175921,45736600
2019-10-18,270.2766418457031,271.5737308704061,269.4240033178338,270.92972608659727,64304000
2019-10-21,272.10888671875,272.3084410011963,271.15648490964367,271.59188362078226,39048600
2019-10-22,271.21990966796875,272.9342379797446,271.129198168434,272.6439722537385,48594700
2019-10-23,272.0091552734375,272.06357665854426,270.7574080534328,270.9660418171917,34352200
2019-10-24,272.4535217285156,273.0884746005034,271.62809406743776,272.94334172458434,35453100
2019-10-25,273.5693054199219,274.11354696390293,271.8277380154373,271.88215940170795,45205400
2019-10-28,275.1112060546875,275.6101055167936,274.7574671529367,274.7846778376868,42147000
2019-10-29,275.0295104980469,275.95472892845504,274.7120341284217,274.83903574877576,44284900
2019-10-30,275.8731689453125,276.24503908773704,273.9229683145181,275.2291365846121,49643900
2019-10-31,275.1384582519531,275.8641227568858,273.68718460462867,275.8641227568858,69053800
2019-11-01,277.687255859375,277.73259776958525,276.41735019832123,276.58064197385863,71141500
2019-11-04,278.8028259277344,279.3742777430276,278.430928275222,279.2382243777803,60606900
2019-11-05,278.4945373535156,279.3018337699568,278.2042716072942,279.00248856877056,42933200
2019-11-06,278.5580444335937,278.83015127599856,277.61469457781413,278.494543609944,46487100
2019-11-07,279.5376281738281,280.8710069278483,279.0659671347833,279.89139471405895,54272300
2019-11-08,280.2269897460937,280.281411106565,278.4945026210623,279.1929285346173,49032100
2019-11-11,279.69195556640625,279.8642991803106,278.7123152682896,278.8483964128372,35797300
2019-11-12,280.28143310546875,281.1794133049867,279.5104268632624,280.054668191953,46484600
2019-11-13,280.3721618652344,280.77127035209,279.0659936684823,279.2927585959564,53917700
2019-11-14,280.7803039550781,280.8619636831978,279.4560046150865,280.09095744342886,51219900
2019-11-15,282.8121643066406,282.8575062211695,281.4243640106054,282.1137105902836,62023600
2019-11-18,283.0207214355469,283.2565657853916,282.1227413053871,282.5762710973889,49228000
2019-11-19,282.9390869140625,283.6284610498649,282.29508236581955,283.6193815961007,67804700
2019-11-20,281.88690185546875,282.8665417247279,280.3358376906144,282.34951110935566,79406200
2019-11-21,281.43341064453125,282.1046536636578,280.635221339549,281.99581092576324,54664700
2019-11-22,282.059326171875,282.31330182529547,281.052503014795,282.1772483826184,44850200
2019-11-25,284.2452697753906,284.2452697753906,282.9844712930347,282.9844712930347,48647200
2019-11-26,284.8893127441406,285.0707357657837,283.9641217688007,284.2815982160428,37569000
2019-11-27,286.15924072265625,286.15924072265625,285.1523899326164,285.3700754304547,44444600
2019-11-29,285.0979309082031,285.84172650261706,284.87116598414514,285.5968026686247,36592700
2019-12-02,282.6761169433594,285.4154274537873,282.2497977488334,285.351926627072,75767800
2019-12-03,280.7803039550781,280.8619636831978,278.5852351006926,279.9639558052549,73941700
2019-12-04,282.5129089355469,283.1115718765543,281.4788748965525,281.8235621366424,49080000
2019-12-05,283.0207214355469,283.2293551051219,281.71455342008073,283.21122387869605,40709000
2019-12-06,285.6058959960937,286.00500449632267,284.9165217354681,284.9256011908763,48927000
2019-12-09,284.7079772949219,285.88714413985167,284.63539699849,285.21592864485524,34838500
2019-12-10,284.3905029296875,285.3156941066412,283.73741866322825,284.6535580640139,52649800
2019-12-11,285.19775390625,285.4517295424743,284.30882533883084,284.84398729797243,53429100
2019-12-12,287.6558837890625,288.4359419435748,284.97099448527933,285.2068112141044,96389600
2019-12-13,287.82830810546875,289.0528447364349,286.64911340549975,287.42012000138783,81503900
2019-12-16,289.8056030273437,290.39518635483904,287.7647184989822,289.5516273932872,82749700
2019-12-17,289.8691101074219,290.4859041346796,289.78747804627915,290.1865865771561,61097700
2019-12-18,289.8872375488281,290.4859003373177,289.8328161754444,290.25913538779594,48133000
2019-12-19,291.075439453125,291.14801972745664,289.8236926929126,290.07766829054526,85310500
2019-12-20,292.3515625,293.48183740439526,291.13013011229833,292.10543451333706,147142100
2019-12-23,292.7982482910156,293.1901949374519,292.65240185614937,293.13550600154747,52990000
2019-12-24,292.807373046875,293.0716936318886,292.5065560813585,293.02612879098643,20270000
2019-12-26,294.3660888671875,294.3752129631039,293.18112472741444,293.1902210059652,30911200
2019-12-27,294.2929992675781,295.14982931884344,293.7643305082672,295.0951404064096,42528800
2019-12-30,292.67059326171875,294.5118799794698,292.18748916413625,294.3751576532409,49729100
2019-12-31,293.381591796875,293.6277198137139,291.82290156546304,292.1692833540794,57077300
2020-01-02,296.1253356933594,296.14358388648566,293.9923834001532,294.9130269972677,59151200
2020-01-03,293.8829345703125,295.0041132996012,292.68884653822107,292.74353546966336,77709700
2020-01-06,295.0041809082031,295.08621432416686,292.01437027823323,292.13287226263657,55653900
2020-01-07,294.17462158203125,294.9129499592201,293.72795822762987,294.4389421396399,40496400
2020-01-08,295.7424621582031,296.95477064555246,294.1199588392884,294.3660590478099,68296000
2020-01-09,297.7478332519531,297.82077038824355,296.7178117864448,297.3011976073004,48473300
2020-01-10,296.8910217285156,298.4861809242892,296.4261656787009,298.3312381801406,53029300
2020-01-13,298.93280029296875,298.9418965712198,297.0824170116794,297.5108322451486,47086800
2020-01-14,298.4770202636719,299.5434823182284,297.9209789989077,298.49524063629786,62832800
2020-01-15,299.15155029296875,299.90809914567166,298.30384393795646,298.38587734482564,72056600
2020-01-16,301.6399230957031,301.6399230957031,300.29998886032536,300.5278686430947,54050300
2020-01-17,302.57891845703125,302.7885501453628,301.5762414127228,302.3510385750234,95846000
2020-01-21,301.98638916015625,302.78853074420584,301.5488776178504,301.62178693577914,77742400
2020-01-22,302.0227966308594,303.49035714511143,301.867853930092,302.84315842409643,48914900
2020-01-23,302.3692626953125,302.7794576149532,300.2636547848771,301.37570973553994,51963000
2020-01-24,299.68017578125,303.1074970853696,298.3949302922052,303.02546369041266,87578400
2020-01-27,294.87646484375,296.3531215152195,294.1107920443717,294.4480497017618,84062500
2020-01-28,297.96661376953125,298.8416646744203,294.9677069156235,296.2985175568416,63834000
2020-01-29,297.72052001953125,299.55268327227856,297.5199845997412,299.32480337785205,53888900
2020-01-30,298.68658447265625,298.89624388865093,294.9129097062482,295.6603342582397,75491800
2020-01-31,293.2631530761719,298.2218209474655,292.35163365596884,298.0668504063904,113845600
2020-02-03,295.441650390625,297.30115767312014,294.6212885304359,294.73979049796515,69083000
2020-02-04,299.94464111328125,300.8105958710925,298.72320817204337,299.0422455995197,62573200
2020-02-05,303.4082336425781,303.61789304939,301.4120324096972,302.8704407127794,65951100
2020-02-06,304.42926025390625,304.6206715396904,303.35364621707834,304.3654472195234,50359700
2020-02-07,302.8067321777344,304.4383317479117,302.2598150169396,303.3718697108561,64139400
2020-02-10,305.0673217773437,305.1311348147873,301.88612780958465,301.9225963763189,42070000
2020-02-11,305.5960693359375,307.20032491265226,305.0673723913546,306.41643141068727,54864500
2020-02-12,307.5648498535156,307.77448148627434,306.6624268441835,307.0270289952676,43992700
2020-02-13,307.2367248535156,308.2029331861981,305.8694457619048,306.1428904532812,54501900
2020-02-14,307.72900390625,307.84750589786006,306.4528821069279,307.6469704852974,64582200
2020-02-18,306.9359130859375,307.79274347896046,305.550385905375,306.7353777212436,57226200
2020-02-19,308.4034118652344,309.0779271915285,307.6195186824989,307.9020874174254,48814700
2020-02-20,307.1363830566406,308.6768526171269,304.1556976879884,307.85646314336725,74163400
2020-02-21,303.9735107421875,306.0973387829116,303.1531209980254,305.7874255135602,113788200
2020-02-24,293.8920593261719,304.0463696689848,292.8164454315438,294.5483543223174,161088400
2020-02-25,284.986572265625,295.8883379321786,284.1115213155918,295.2776354317167,218913200
2020-02-26,283.93829345703125,289.9634233462724,283.2090890630601,286.3811587759355,194773800
2020-02-27,271.18609619140625,283.99293030133657,271.18609619140625,278.43265741082325,284353500
2020-02-28,270.0467224121094,271.5325033532073,260.27523419743306,263.155638584235,384975800
2020-03-02,281.741455078125,281.80526809577424,268.40592525729664,271.8241221224841,238703600
2020-03-03,273.6745300292969,286.07119736155244,271.24078921564694,282.11520716459734,300139100
2020-03-04,285.17791748046875,285.3967010302959,276.4911395839047,279.0342862432625,176613400
2020-03-05,275.6981811523437,281.17642226819964,273.4649750598973,277.99522810355086,186366800
2020-03-06,271.1405639648437,272.3437762979566,264.55029623787203,267.2119174164198,228667200
2020-03-09,249.9659423828125,259.04466663052983,249.2549584564978,250.94124687205388,309417300
2020-03-10,262.9004211425781,262.99155082298614,249.30054030564344,259.4548791387997,276444100
2020-03-11,250.08450317382807,256.9938372938662,246.91243278073927,255.86356189562727,255316300
2020-03-12,226.15708923339844,243.0657776584356,225.76512864095776,233.3489770719644,392220700
2020-03-13,245.49041748046875,247.4593027706441,226.5308107156286,239.81164146550884,329566100
2020-03-16,218.62794494628903,234.16934039210489,216.35825651592697,219.84025357126825,297240000
2020-03-17,230.4321136474609,233.5039435706242,216.0939169725968,223.35871400097517,262070500
2020-03-18,218.76461791992188,226.3940295191016,207.8446213031828,215.3464207649231,327597100
2020-03-19,219.22952270507807,225.49167035009611,211.6730331085697,218.08101328487268,289322000
2020-03-20,209.78201293945312,224.149511692918,209.50694631687315,222.37076338943308,347158800
2020-03-23,204.4182281494141,210.58882164978556,200.11806218300117,209.22268050674896,326025200
2020-03-24,222.939208984375,223.81025556170377,214.3663954320049,214.9348561536564,235494500
2020-03-25,226.2766876220703,235.04206747049008,219.8218620415987,224.5162806455781,299430300
2020-03-26,239.4889068603516,240.9558914934752,228.34881392408727,228.77974835482536,257632800
2020-03-27,232.3555603027344,239.1312980551824,230.18256074726236,232.21803399813555,224341200
2020-03-30,239.9015045166016,240.6166693743866,232.45644779685475,234.44607454125364,171369500
2020-03-31,236.32565307617188,241.4418275508448,234.92282878626665,238.9020818178872,194881100
2020-04-01,225.6898498535156,236.24314028710725,223.62687128450557,227.36774076850008,189554600
2020-04-02,230.897705078125,231.67704405266247,224.2594942177443,224.8096273683908,177660400
2020-04-03,227.5603179931641,232.26391415318625,224.83718484688492,229.9166909570072,135561200
2020-04-06,242.84466552734372,244.80680088287363,227.54196002564836,236.40818218401068,188061200
2020-04-07,243.0922393798828,252.169339828047,242.87219727816253,251.41749200591784,201427200
2020-04-08,251.2524871826172,253.0587409090681,243.20228632655915,245.6870219261838,153774500
2020-04-09,255.0758819580078,257.8265203918572,252.5727909100661,254.50739317768844,189999200
2020-04-13,252.74696350097656,254.4431958847466,248.8502262862596,254.10395500418,114839100
2020-04-14,260.2012023925781,261.21892505517496,252.60944238232008,257.6247736197147,134143400
2020-04-15,254.6724090576172,260.3387165438089,252.5635698315606,254.4981997482188,121775000
2020-04-16,255.9010467529297,256.75373788155946,252.83867290726172,255.94687953066463,131798300
2020-04-17,262.8143920898437,263.4195080259015,258.92680340917883,261.659114795478,146684800
2020-04-20,258.18408203125,262.95186638326464,257.96403991624453,259.11928900096365,100109300
2020-04-21,250.3447113037109,254.9291074264228,249.4094765868804,253.72799788074693,126385700
2020-04-22,255.9010467529297,257.64311202094046,253.8930786236152,255.21338720127235,92951600
2020-04-23,255.88275146484372,260.3388009581545,255.5801935025374,257.17555508386147,104709700
2020-04-24,259.4493103027344,260.1186421969253,255.35085912854345,257.3955098331214,85063200
2020-04-27,263.1902160644531,264.3088100325091,260.9622058760842,261.4206455682229,77896600
2020-04-28,261.9799499511719,267.1786402598977,261.67736409264813,266.8302216256885,105270000
2020-04-29,268.83819580078125,270.36939668055743,266.2709447231819,267.29784515422165,118745600
2020-04-30,266.3351745605469,268.93910905447325,264.6022588270189,267.4629184687706,122901700
2020-05-01,259.28424072265625,266.500074545607,258.1197863928959,261.5947659120055,125180000
2020-05-04,259.99951171875,260.3020696248995,255.9285647321888,257.40472721224256,80873200
2020-05-05,262.401611328125,265.20725891604,260.12774126497635,262.8142180832002,79569900
2020-05-06,260.6229858398437,264.48304052192884,260.1920513755059,264.09796681903833,73632600
2020-05-07,263.7679443359375,265.69339729450144,263.2636716953138,263.8321326301108,75250400
2020-05-08,268.1322326660156,268.5998501465137,265.76666797978606,266.89443979354115,76452400
2020-05-11,268.1872253417969,269.56254444611375,265.7850057832069,266.20676247386785,79514200
2020-05-12,262.8418273925781,269.7825831185984,262.7042730991444,269.37000418111256,95870800
2020-05-13,258.19317626953125,263.31852740068314,255.7726018636216,262.2824494760748,144721100
2020-05-14,261.2830505371094,261.4113990670636,250.298828329272,255.76344816859944,121977900
2020-05-15,262.4842224121094,262.5300551877956,257.95483612918537,258.8992207520091,111146300
2020-05-18,270.4793395996094,272.0838780548613,268.3705288222218,268.6914141285281,119703800
2020-05-19,267.7013854980469,271.58894673891,267.68305797593047,269.8835638107407,95189300
2020-05-20,272.2489929199219,273.1108617924765,271.00205036955106,271.23127021904025,85861700
2020-05-21,270.3693542480469,272.9274551573874,269.2782657160711,272.1205969507901,78293900
2020-05-22,270.8828125,271.05702179895974,268.8473394108852,270.08513201578137,63958200
2020-05-26,274.22027587890625,277.07178533427884,270.9011769612808,276.8333877387792,88951400
2020-05-27,278.30035400390625,278.3370370080894,272.1939349208289,277.0075509205538,104817400
2020-05-28,277.78692626953125,281.3352447299404,277.1175942986496,279.3272767982314,90405200
2020-05-29,279.0247497558594,279.61153803025144,274.577879005406,277.3193394971249,119090800
2020-06-01,280.1524963378906,280.7576401144218,277.8694755298853,278.3829257679833,55758300
2020-06-02,282.4721984863281,282.5180592457431,279.73991573138625,281.0693740975131,74267200
2020-06-03,286.2313537597656,287.1849160018017,284.17755322085765,284.4526057998422,92567600
2020-06-04,285.4794616699219,286.9831568169976,283.38897845196175,285.2502418961064,75794400
2020-06-05,292.79620361328125,294.56577377345707,290.7974136505666,290.8616019107014,150524700
2020-06-08,296.3353881835937,296.5279249936356,293.0621225082108,293.60307791418927,73641200
2020-06-09,294.125732421875,296.40875303318035,292.814573695221,293.67644251654445,77479200
2020-06-10,292.4845275878906,295.5927621739855,291.7693627776029,294.70338803982554,95000800
2020-06-11,275.6230773925781,286.20387252008595,275.0729721884442,285.5712235543959,209243600
2020-06-12,278.9239196777344,283.38911860299044,273.7802388403364,282.61894313978905,194678900
2020-06-15,281.5277404785156,282.6555119408555,272.07471838959447,273.24832261847223,135782700
2020-06-16,286.9465637207031,289.4038217313861,282.0962919334156,289.2571176724693,137627500
2020-06-17,285.7546691894531,288.25776030514066,285.021148798676,287.9643521488298,83398900
2020-06-18,285.8645935058594,286.3413606128028,283.78328781211144,284.2417274083413,80828700
2020-06-19,284.2309875488281,289.5170263493881,282.2878438676283,289.32364222607004,135549600
2020-06-22,286.0543518066406,286.4503381503588,282.49041850503755,283.6323430698322,74649400
2020-06-23,287.3712463378906,289.6274972240298,286.9660418676936,288.69736494870455,68471200
2020-06-24,280.040771484375,285.95305250280444,278.20816137818287,285.3360276763805,132813500
2020-06-25,283.0429077148437,283.3099806290678,277.4529533020281,279.46975709772886,89468000
2020-06-26,276.3202819824219,282.1589024781775,275.7401296700566,281.94708210428337,127961000
2020-06-29,280.3814697265625,280.51960120631884,275.2888164097337,277.572693256611,79773300
2020-06-30,283.9731140136719,285.66762102118946,279.7921834155964,279.94872310498295,113394800
2020-07-01,285.9622802734375,287.22395639224413,284.62697148514405,285.08742860608777,72396500
2020-07-02,287.5369873046875,290.7325599973722,286.87392810290646,289.3880053272748,69344200
2020-07-06,291.9757995605469,292.5559799310515,290.6036465664798,291.3495847273951,61713800
2020-07-07,288.9645080566406,292.40871878523126,288.58692979485284,290.4379766600847,82910000
2020-07-08,291.17462158203125,291.2851267804882,287.9698584105039,289.728779659392,54638600
2020-07-09,289.5169677734375,292.0218551502653,286.1095744969354,291.7824085004592,83354200
2020-07-10,292.47314453125,292.7402175248968,288.02514120267125,289.4525470058198,57550400
2020-07-13,289.9405212402344,297.1881089450269,289.2866802576531,294.8121635116117,102997500
2020-07-14,293.69793701171875,294.47150148289853,287.3251990766644,288.5223761645233,93657000
2020-07-15,296.396240234375,297.4921303782736,294.0202658653574,296.91194993690715,87196500
2020-07-16,295.4200439453125,295.87128286396967,293.85447872341933,294.49912983927373,54622500
2020-07-17,296.2765197753906,297.0593024720893,294.45309952821765,296.4238694209868,62774900
2020-07-20,298.6708984375,299.4168366870497,295.26350467471246,296.0094429242622,56308800
2020-07-21,299.3063659667969,301.0745056864678,298.320980919731,300.6324848085871,57292200
2020-07-22,301.0099792480469,301.32311478404205,298.83663538971115,298.94714058873586,57792900
2020-07-23,297.4184265136719,301.3507479273714,296.05549155599056,300.65084417889534,75738000
2020-07-24,295.5028991699219,296.52510025578465,294.001804800679,295.56736989715625,73766600
2020-07-27,297.6578674316406,297.83284336537673,295.4016165623497,296.19361733148213,48293000
2020-07-28,295.7699890136719,298.0446479275418,295.4752897615271,296.9303216498821,57495000
2020-07-29,299.40753173828125,299.9693038484055,296.6079455283643,296.6447899546174,48454200
2020-07-30,298.33935546875,298.7537780991364,294.36102749576685,296.4422744707612,61861700
2020-07-31,300.6968688964844,300.7981840639859,295.9173223565921,300.12590663768805,84986800
2020-08-03,302.78729248046875,303.5516386603409,301.81112598373454,302.3544618184026,53077900
2020-08-04,303.9568786621094,303.9568786621094,301.930856580021,301.930856580021,41917900
2020-08-05,305.8448486328125,306.10273162848586,304.9884050397274,305.2554780680495,42697700
2020-08-06,307.8891906738281,308.0089140003629,304.9422824929676,305.2646080403921,43679400
2020-08-07,308.1103210449219,308.3958022453001,306.0198274823178,306.9223336634307,57308300
2020-08-10,309.0311279296875,309.21529387333,306.62752769620295,308.5614527808773,44282100
2020-08-11,306.4801940917969,310.8453459347755,305.7526922046899,310.2099129722672,69601100
2020-08-12,310.753173828125,311.5267380947055,308.88371982454026,308.91134611605884,53774400
2020-08-13,310.19158935546875,311.4993001876827,309.270674942497,309.98898706045185,41816100
2020-08-14,310.2006530761719,310.73479890808306,309.07713692746546,309.8046668206931,47260400
2020-08-17,311.18609619140625,311.5820825212489,310.2099294645962,311.2137224910681,35481000
2020-08-18,311.8584289550781,312.2820416597443,309.98894596467176,311.5821378053685,38733900
2020-08-19,310.5599060058594,312.7516581960092,309.99813372934017,312.2359484919656,68054200
2020-08-20,311.5267639160156,312.00562904338244,308.7087695313061,308.8376828677244,42207800
2020-08-21,312.6319885253906,312.8529989583211,310.8546026136636,311.1953645031958,55106600
2020-08-24,315.7998962402344,315.87355700727335,312.604322979584,315.0631480494956,48588700
2020-08-25,316.9049377441406,316.9878166359839,315.201241134296,316.3616018282348,38463400
2020-08-26,320.0821838378906,320.3492287448196,316.9510808989449,317.4944169530028,50790200
2020-08-27,320.78204345703125,322.22788555251475,319.1244090738759,320.94782937860447,58034100
2020-08-28,322.85406494140625,322.983006410203,320.61625033931085,321.804237442081,48588900
2020-08-31,321.6845092773437,323.51711938437126,321.4542807471516,322.64226783208227,66099200
2020-09-01,324.7143249511719,324.8156120146118,321.6200388879637,322.51332671022755,54908700
2020-09-02,329.41094970703125,330.3778981673585,325.47862893248646,326.62058140555735,69540000
2020-09-03,318.0745849609375,328.19542353260755,315.49600820932886,327.7257482737778,148011100
2020-09-04,315.4775390625,320.3215279500711,308.386489496312,318.7559908966991,139156300
2020-09-08,306.8578491210937,315.5420924165605,306.553959764829,310.08104920352173,114465300
2020-09-09,312.91748046875,315.37630593191915,309.98895161129644,310.85461330882225,91462300
2020-09-10,307.4840393066406,315.4407229555937,306.5262807206502,314.78688177765224,90569500
2020-09-11,307.6404724121094,310.3203350352158,304.8224783350407,309.26128974942566,84680200
2020-09-14,311.6925964355469,313.46076397555305,307.78792941912315,310.79930858274395,65605700
2020-09-15,313.2673645019531,314.97103311859536,311.70179927663685,314.1422160421619,52920900
2020-09-16,312.02410888671875,315.9287755119788,311.7478178059842,314.50136995908423,82096000
2020-09-17,309.27984619140625,310.9927613539666,306.65523489152685,307.18016277231743,91523300
2020-09-18,305.7191467285156,310.19420971929947,303.24122418442806,310.08326217502207,105877900
2020-09-21,302.3166809082031,302.46462040076045,297.4717824473857,301.1424482202814,99450800
2020-09-22,305.3955993652344,305.9503654275353,301.2903700074111,303.7960582157652,63612100
2020-09-23,298.31317138671875,306.22775080288056,297.8138791281714,305.9503536740996,93112200
2020-09-24,299.1083068847656,302.1594777085532,295.68727323191223,297.0002185553226,76681300
2020-09-25,303.9439697265625,304.729857674503,297.3885547651494,298.257653382287,71069400
2020-09-28,308.9922790527344,309.70421136202526,307.106085914168,308.0954153354496,64584600
2020-09-29,307.3094177246094,309.5284529495285,306.61596745328694,308.78878394674337,51304000
2020-09-30,309.63946533203125,312.78310129067506,307.78100935569034,307.975167553996,104081100
2020-10-01,311.6273803710937,313.1991843917802,309.7504423645945,312.22836509125534,88698700
2020-10-02,308.6686706542969,311.5996670640401,306.2184846303253,306.6900399805022,89431100
2020-10-05,314.142333984375,314.3272371892056,310.6750814573515,310.7213002044158,45713100
2020-10-06,309.67645263671875,316.37057974539914,309.16793362544905,314.28097349200937,90128900
2020-10-07,315.06695556640625,315.87135369140464,312.5982591880481,312.625996081442,56999600
2020-10-08,317.8591613769531,317.9238901844621,316.083915987055,316.99928967685366,45242500
2020-10-09,320.6976623535156,321.15996256500506,318.88545342511554,319.5049199072346,59528600
2020-10-12,325.8570251464844,327.3271369060572,322.74112523312164,323.2311624863126,80388500
2020-10-13,323.7304077148437,325.8939697002557,322.76881520469266,325.71829333157706,73255500
2020-10-14,321.6961975097656,325.39459896157194,320.96578353895984,324.3035773052644,57727900
2020-10-15,321.2986755371094,321.7794576418191,317.2581758442864,317.79443172197927,60357700
2020-10-16,321.1045227050781,324.30363260576735,320.92884634883575,322.648589773227,89501900
2020-10-19,316.22265625,322.9907111121093,315.3257925506402,322.36198948401005,68425600
2020-10-20,317.4893493652344,320.7254513716909,316.8051539703146,317.5633049958053,60051900
2020-10-21,316.8882751464844,319.60660232157625,316.58314124219487,317.4430127605339,63575000
2020-10-22,318.6266174316406,319.2091203575822,314.9652067470299,317.1010319977672,55399300
2020-10-23,319.7084045410156,319.9025627725712,317.25821851614603,319.8470889921267,49143900
2020-10-26,313.80010986328125,317.11942155960736,310.3143486681016,316.3335056600369,91473000
2020-10-27,312.7183837890625,314.4751191044585,312.5057155150436,314.1422764667609,65994100
2020-10-28,302.030029296875,312.7461466489848,301.5399921174108,307.05985871686283,127094300
2020-10-29,305.09967041015625,308.2617881868608,300.57836060996675,302.26114022168764,90597700
2020-10-30,301.9190673828125,304.8315534323046,298.27613900813606,303.5278632885841,120287300
2020-11-02,305.3031616210937,307.3002742972392,302.56632324038145,305.3031616210937,86068300
2020-11-03,310.6935729980469,312.7461876866935,305.38637399387943,308.5300107397287,93294200
2020-11-04,317.6372375488281,321.70547377095147,313.9850545875487,315.15928696801785,126959700
2020-11-05,323.8320617675781,325.6350439828652,322.5561085957217,322.9074612913422,82039700
2020-11-06,323.7580871582031,325.0063033712344,321.43733106964845,323.5454189031764,74973000
2020-11-09,327.826416015625,336.90600149766686,327.36411567397204,336.5269118315226,172304200
2020-11-10,327.3456115722656,328.39964160698554,324.08177251066513,326.83706430106344,85552000
2020-11-11,329.7773132324219,330.6001931058199,328.2886915720693,329.5276530081711,58649000
2020-11-12,326.5781555175781,329.8235125087104,324.7752013576145,328.76945432758134,67546200
2020-11-13,331.0994873046875,331.8391565132532,327.965077662347,328.48285175165734,62892200
2020-11-16,335.2323913574219,335.42654955095253,332.47707186315154,333.7622800304141,74541100
2020-11-17,333.4294128417969,334.6314103678308,331.32132492500256,332.82842818706325,66111000
2020-11-18,329.41668701171875,334.2431030727179,329.3796950886092,333.69759212727365,70591300
2020-11-19,330.8035888671875,331.173423449706,327.44728430310664,328.7879664083773,59940900
2020-11-20,328.5383605957031,330.7481698548991,328.46440495358206,330.5447565683479,70417300
2020-11-23,330.5076904296875,331.7651617960009,328.1129784945893,330.34126910985094,63230600
2020-11-24,335.8334045410156,336.37891546594994,332.1997312419318,333.0503479254816,62415900
2020-11-25,335.315673828125,335.7779741513508,334.2246518372895,335.7502372606201,45330900
2020-11-27,336.2494201660156,336.72094715510167,335.241580958537,336.4065864235232,28514100
2020-11-30,334.7608642578125,335.7409385582566,332.08878340971694,335.47279650502,83872700
2020-12-01,338.42242431640625,339.95726525561025,337.4146126825144,338.006370825303,74231400
2020-12-02,339.1342468261719,339.2914131198718,336.7395347651276,337.3127825968703,45927000
2020-12-03,339.041748046875,340.4286487496057,337.94147123204993,339.03249301288866,62882000
2020-12-04,341.9635314941406,341.9635314941406,339.53182744457604,339.6242931462519,50749900
2020-12-07,341.26080322265625,341.75084037057263,339.99410502237635,341.1960744141505,48944300
2020-12-08,342.2594909667969,342.82348391152453,339.9479889639907,339.994207717416,42458900
2020-12-09,339.1896667480469,343.0729715480787,338.35753202065183,342.9158052793327,74098300
2020-12-10,339.0787048339844,340.1234795532084,336.9521070468626,337.8212336545148,57735400
2020-12-11,338.68115234375,339.0879788216525,335.8703871356922,337.38671728522763,57698600
2020-12-14,337.1648254394531,341.91725738932104,336.9891490851876,340.8447456280566,69216200
2020-12-15,341.7231140136719,341.7231140136719,338.329845795208,339.6982365511047,63865300
2020-12-16,342.2594909667969,343.17483673060343,341.0574929953914,341.9358750430886,58420500
2020-12-17,344.1733093261719,344.3767225815223,343.07303238358134,343.8959404400441,64119500
2020-12-18,342.79901123046875,344.62823947679175,340.7933577976849,344.4611087749372,136542300
2020-12-21,341.5733642578125,351.4159127548199,336.15997816972384,338.8898932592316,96386700
2020-12-22,340.9976806640625,342.0097878229692,339.87415302334546,341.8983673411588,47949000
2020-12-23,341.3041381835937,343.20763766131074,340.9791428653168,341.96339496968784,46201400
2020-12-24,342.63189697265625,342.6597520909689,341.1926686317637,341.77762611632846,26457900
2020-12-28,345.5754089355469,345.96538061700096,344.5540073036612,345.17611443159626,39000400
2020-12-29,344.9161682128906,347.27467258670123,344.33118227864804,347.098247357744,53680500
2020-12-30,345.4082946777344,346.4389909289521,345.0183229457008,345.7332900123292,49455300
2020-12-31,347.1632385253906,347.8875000497571,344.7026082398412,345.2132949330659,78520700
2021-01-04,342.4369201660156,348.62101162593734,338.7506082823592,348.49100217915696,110210800
2021-01-05,344.7954406738281,345.8818471316903,341.7498244688002,341.7962685644844,66426200
2021-01-06,346.85675048828125,350.0416701451585,342.743317442046,343.29115366008426,107997700
2021-01-07,352.0102233886719,352.75304553896814,349.0481726001441,349.224597819788,68766800
2021-01-08,354.015869140625,354.22941562712896,350.1531317059406,353.3937336428552,71677200
2021-01-11,351.62945556640625,353.38438462890787,350.7287689918053,350.84948394564515,51034700
2021-01-12,351.7037353515625,352.7158424209581,349.4659464169587,351.8151841603632,52547700
2021-01-13,352.6507568359375,353.644274627794,350.84938419886726,351.6293555978819,45303600
2021-01-14,351.4159545898437,353.8951738961369,351.08169311224,353.39375334288167,49989100
2021-01-15,348.8531188964844,350.59875344385847,346.9960355450777,349.8002212044383,107160000
2021-01-19,351.59234619140625,352.13091630295105,349.8281224423444,351.3045005009363,51233300
2021-01-20,356.4579467773437,357.2936287805517,353.4866015027723,353.87657321374,61836100
2021-01-21,356.7829284667969,357.4422136144088,355.8636810590546,357.0150639404166,47840100
2021-01-22,355.52008056640625,356.68075778914084,354.55438918277406,354.9350947122526,52860500
2021-01-25,356.9221496582031,357.2749716933398,351.4158759647186,356.2535985157263,70402000
2021-01-26,356.3650817871094,358.2778757163541,356.1329463264064,357.869315038569,42665300
2021-01-27,347.65533447265625,353.14301984374345,345.4268398473695,353.05015999751345,123351100
2021-01-28,350.6452941894531,354.6380131608825,349.0296402961442,349.4660278006509,94198100
2021-01-29,343.6253967285156,349.75377695616334,341.9540048463349,348.78808575780386,126765100
2021-02-01,349.3452453613281,350.3759130211794,343.9132708831619,347.0145966841192,75817600
2021-02-02,354.2850952148437,355.8357724135965,349.4288399727436,352.52087154806475,64450700
2021-02-03,354.5636901855469,356.2814981741382,353.2915924599428,355.11152644432576,52427100
2021-02-04,358.593505859375,358.63992160762723,354.675058921608,355.59430609700564,47142600
2021-02-05,360.0049133300781,360.71061412663744,358.54712432112404,360.4599180558391,48669800
2021-02-08,362.6048889160156,362.6513046740329,360.5992351085053,361.4534777465929,38365200
2021-02-09,362.3634338378906,362.9577141856532,361.3606211720995,361.769153490128,35551100
2021-02-10,362.2055358886719,364.24833897480704,359.80991075751706,364.0997689015568,59154400
2021-02-11,362.79052734375,363.700508430255,360.3670470571915,363.28265332168206,42913300
2021-02-12,364.5826416015625,364.82404318438233,361.9177030106144,361.9920022182859,50593300
2021-02-16,364.2669982910156,366.0033955530589,363.552031185599,365.808381339612,50972400
2021-02-17,364.3504943847656,364.60119044464864,361.5091306885375,362.5212660866274,52290600
2021-02-18,362.7998352050781,363.5426572734349,360.0327705772848,361.7505784893111,59712800
2021-02-19,362.1591796875,364.3412587208397,361.71346939446187,364.0534130118512,83241000
2021-02-22,359.37353515625,361.7784550408201,359.1042500973584,359.4013902770424,67414200
2021-02-23,359.8099975585937,361.1563946906501,353.0316528102948,357.17294188013483,107284100
2021-02-24,363.7747497558594,364.20189931472817,357.7392290684119,358.72348094434057,72433900
2021-02-25,355.00933837890625,363.8769286831077,353.5701100677541,362.5119712403062,146670500
2021-02-26,353.1801452636719,358.0271345906392,351.20237503364604,356.8850463128118,152701600
2021-03-01,361.74127197265625,362.9855428178806,353.3751303176071,358.0363995657325,105348800
2021-03-02,358.9185791015625,362.19633073939394,358.41715856200267,361.964195274004,79595300
2021-03-03,354.1644897460937,359.18787685432164,354.0623353944959,358.22221361056233,119940200
2021-03-04,349.7817077636719,356.5600515760826,345.306129482108,353.9787065028338,183433000
2021-03-05,356.2164611816406,357.26571784913307,346.01179684391315,353.27297148908974,152039600
2021-03-08,354.4430236816406,359.97712560372787,354.1644724397162,357.1729391999028,123149200
2021-03-09,359.5035400390625,362.0477354952381,357.7764375613555,358.2778580660894,113633600
2021-03-10,361.74127197265625,363.4312247093334,360.4320530796693,361.8434262973439,109899400
2021-03-11,365.4090881347656,367.37759240388,363.7469902205475,364.2019950148293,86245000
2021-03-12,365.9011535644531,366.0404291572341,363.2455378059453,364.0533645809201,64653600
2021-03-15,368.0832824707031,368.3432730582748,364.0162645861657,366.15189953144346,73427200
2021-03-16,367.6190185546875,369.40180309295295,366.8483129268186,368.6961305342788,73722500
2021-03-17,368.8724670410156,369.6709992628649,365.1954216836132,366.33753812086064,97959300
2021-03-18,363.5055236816406,368.37107323916246,362.8276780230335,366.291148848804,115349100
2021-03-19,362.83294677734375,364.77995178052817,360.6623425283384,363.205574280837,113624500
2021-03-22,365.7301940917969,367.1089472702704,363.2894509967949,363.34534370663016,73778600
2021-03-23,362.8515625,366.5406230570263,362.0690362260645,365.09668084256,90686600
2021-03-24,361.0070495605469,365.87923909623805,360.9604817803928,364.248968775631,97588600
2021-03-25,363.0379028320313,363.82972563036685,357.63470442840975,359.5724129695901,116128600
2021-03-26,368.8883056640625,369.2888795951097,363.5875952706098,364.1837937026887,114409100
2021-03-29,368.7018432617188,369.60547972425456,365.935041179905,367.4162544356728,108107600
2021-03-30,367.72369384765625,368.3944346099059,366.1306667687813,367.434905450126,76262200
2021-03-31,369.2142333984375,370.76998933005086,368.2640290875936,368.2919754370403,112734200
2021-04-01,373.201416015625,373.2573371455199,370.93767636691575,371.1426257443496,99682900
2021-04-05,378.55804443359375,379.0983784802134,375.7819453604423,375.8564594894642,91684800
2021-04-06,378.3345031738281,379.3778716395841,377.6637622416053,377.9991469225459,62021000
2021-04-07,378.7723083496094,379.1169894924743,377.7103185696919,378.1667851178476,55836300
2021-04-08,380.5702819824219,380.626174688792,379.089068404298,380.0206514166771,57863100
2021-04-09,383.3371276855469,383.5048342531352,380.3281324128653,380.44924276681104,61104600
2021-04-12,383.4768676757813,383.74700629608895,382.1353857837753,382.740909091914,56704900
2021-04-13,384.6134033203125,385.2375765360621,382.9924577466764,383.3744102474096,56551000
2021-04-14,383.2998046875,385.6380584899132,382.7594706720506,384.5853652391472,61659900
2021-04-15,387.41741943359375,387.6875864651336,385.3865753074208,385.4331430857711,60229800
2021-04-16,388.71234130859375,389.3178645876654,387.28702042046496,388.7030163808725,82037300
2021-04-19,386.8025512695313,388.2278720552796,385.4797193923822,387.7807304312993,78498500
2021-04-20,383.9705810546875,386.6907875184191,382.4986639809094,385.59152639170094,81851800
2021-04-21,387.603759765625,387.808709170284,383.2159832062883,383.3557434051097,66793000
2021-04-22,384.0637817382813,388.265230915813,383.0017917121167,387.4361366812249,97582800
2021-04-23,388.2278747558594,389.6345741269456,384.54813911119874,384.6226532391619,73209200
2021-04-26,389.0382995605469,389.60657988132425,388.2930446539053,388.8799463969704,52182400
2021-04-27,388.9544982910156,389.53210359386,387.8179659687333,389.3364507074016,51303100
2021-04-28,388.8427429199219,390.342606350338,388.3769514146441,389.2246953658085,51238900
2021-04-29,391.3207702636719,391.9356184828181,387.9484442011052,391.5629909520302,78544300
2021-04-30,388.7496643066406,389.90484682558713,387.8553523804106,389.0571026882489,85527000
2021-05-03,389.5880432128906,391.1158246327663,389.0943053331574,390.7338721703828,68128300
2021-05-04,387.1844787597656,388.0974402326931,383.5047433776642,387.6037024349062,101591200
2021-05-05,387.30560302734375,389.0569834839452,386.7466475835862,388.8240877515174,60162200
2021-05-06,390.3985900878906,390.5289969563543,385.3773428439305,387.3802410977197,74321400
2021-05-07,393.2398376464844,393.89195716185367,390.48235974282153,391.1624256128691,67733800
2021-05-10,389.34576416015625,393.8173507618117,389.2246538329622,393.5937799606252,81852400
2021-05-11,385.8710021972656,386.8584779431412,382.0049382756216,384.8369586713548,116888000
2021-05-12,377.6731262207031,384.3618863785904,376.3595905747122,383.09494694764567,134811000
2021-05-13,382.2098693847656,384.1382530041698,379.1728997288725,379.21949593633536,106394000
2021-05-14,388.078857421875,388.9266014154042,384.9114807136324,384.9394270681594,82201600
2021-05-17,387.0913696289063,387.9018707443233,385.0791468765085,386.97028771615726,65129200
2021-05-18,383.7563171386719,387.59443468838975,383.5979355139091,387.3522140021612,59810200
2021-05-19,382.7501525878906,382.9271556206344,377.5985000735296,379.07974196431326,106467100
2021-05-20,386.8677978515625,388.1254406224363,383.5047967743601,383.6258786868124,78022200
2021-05-21,386.5510864257813,389.5880563714277,386.0946198129668,388.3490349514176,76578700
2021-05-24,390.4916687011719,391.5629834929008,388.5446351628032,388.7868558465473,51376700
2021-05-25,389.625244140625,391.9262551656702,389.0476672600288,391.5722490957163,57451400
2021-05-26,390.3985900878906,390.9016245615325,389.1782183338751,390.2122620704696,43088600
2021-05-27,390.60345458984375,391.9356114927395,390.3239626244938,391.4232522007512,56707700
2021-05-28,391.30218505859375,392.4293926832066,391.0692892765859,392.16855054454425,58520200
2021-06-01,390.9574279785156,393.7987445957446,390.5195828561252,393.65901283958925,54216600
2021-06-02,391.5722961425781,392.410743642536,390.6034702269548,391.6095674253817,49097100
2021-06-03,390.1189880371094,391.2555203916502,387.79935555163786,389.2619476298755,58138800
2021-06-04,393.68695068359375,393.9850640433869,390.18418978016194,391.963516582505,55938800
2021-06-07,393.3050842285156,393.8547148640748,392.3735010978064,393.6777117948672,51555000
2021-06-08,393.3888244628906,394.2551897336642,391.5629299457471,394.1620257580678,47134300
2021-06-09,392.8019714355469,394.3018348687151,392.5784006100936,394.2272923071258,48436300
2021-06-10,394.6278381347656,395.5780709347275,392.7087795402519,394.0223149057569,51020100
2021-06-11,395.2799987792969,395.3917841957337,393.8919491424424,395.17753829078254,45570800
2021-06-14,396.1650390625,396.2674995574854,394.1528161505777,395.3918091672138,42358500
2021-06-15,395.4382629394531,396.351195855603,394.5625728646135,396.3139530142928,51508500
2021-06-16,393.2304992675781,395.8016775286566,391.1903585865381,395.5781066988787,80386100
2021-06-17,393.1000671386719,394.0782178856841,390.63137795315737,392.8206036194272,90949700
2021-06-18,387.7970581054688,390.5168088721106,387.591438170524,389.8251911466924,118676300
2021-06-21,393.34869384765625,393.53563141152,388.74097097735967,389.5540951870982,72822000
2021-06-22,395.45159912109375,396.28343417143736,392.61966911686017,393.339353041914,57700300
2021-06-23,394.9749145507813,396.3301118664946,394.89080121581947,395.5263432061953,49445400
2021-06-24,397.3114929199219,397.73205959660106,396.8628599421337,397.11522847080494,45110300
2021-06-25,398.7228393554688,399.1714724160213,397.73213297075046,398.05925946140326,58129500
2021-06-28,399.526611328125,399.69483801915226,398.04990728021846,399.2462335097463,53159600
2021-06-29,399.7415771484375,400.5453458904214,399.20883078354126,399.9098038354574,35970500
2021-06-30,400.0780029296875,400.7509381540223,399.25552337520446,399.2835611544407,64827900
2021-07-01,402.2930908203125,402.4519905914438,400.7696381949914,400.83506919032,53441000
2021-07-02,405.3680725097656,405.72323677808726,402.3772425348485,403.4520907750856,57697700
2021-07-06,404.6297302246094,405.6391475232365,401.90062409385945,405.42417215788606,68710400
2021-07-07,406.0596618652344,406.34006819983387,403.3025183056718,405.3119686849688,63549500
2021-07-08,402.7510681152344,403.5081166897468,399.57330096190816,400.7509447545564,97595200
2021-07-09,407.0504455566406,407.34953429467913,402.5548731403526,404.2559082499405,76238600
2021-07-12,408.5083923339844,408.7607608889364,406.5363351584208,406.9662573135737,52889600
2021-07-13,407.1158142089844,409.2187334442086,406.854118733952,407.7233185057378,52911300
2021-07-14,407.7232360839844,409.2934371394277,406.4801899595311,408.8074109821417,64130400
2021-07-15,406.3307189941406,407.0597298390084,404.43341971053184,406.3867945573869,55126400
2021-07-16,403.1436462402344,407.5551047614192,402.751117276548,407.5083846304413,75874700
2021-07-19,397.1900024414063,403.20902632092094,394.38611039278754,398.3302530154178,147987000
2021-07-20,402.8819274902344,404.1530401378472,397.0591676686946,397.8536095081192,99608200
2021-07-21,406.1438293457031,406.2840467930264,402.8352566332123,404.0783031286955,64724400
2021-07-22,406.9943542480469,407.2373674036416,405.34006786173984,406.3214188748138,47878500
2021-07-23,411.1814880371094,411.51794144372303,408.2374066385629,408.9196688873081,63766600
2021-07-26,412.19085693359375,412.20021236866125,410.5459261537889,410.5926462837905,43719200
2021-07-27,410.3122253417969,411.18142503169713,407.4896224241449,411.15338725210887,67397100
2021-07-28,410.1440124511719,411.5179208380546,408.7233839343774,410.9384543183447,52472400
2021-07-29,411.8450622558594,412.9198819868287,411.0599757952557,411.0693312306445,47435300
2021-07-30,409.8450012207031,411.29366769297104,409.1533549658099,409.284216981458,68951200
2021-08-02,408.9851379394531,412.1068017672402,408.6299736287618,411.55537295109866,58783300
2021-08-03,412.3124084472656,412.4339150257173,407.5925338958521,409.7795667399688,58053900
2021-08-04,410.2841796875,412.28427447929056,410.0505220211944,411.0318728106122,46732200
2021-08-05,412.8824462890625,412.96655962509095,411.1253360982536,411.4431070974712,38969700
2021-08-06,413.5647583007813,413.9853535543252,412.9198607907698,413.2002671340216,46930000
2021-08-09,413.2283020019531,413.8544886377314,412.4618979342041,413.53671760242094,41222600
2021-08-10,413.7423706054688,414.4526991663154,412.9946773475972,413.6769396016709,43339300
2021-08-11,414.77044677734375,414.8639155599606,413.6862716488568,414.80783999492405,44034300
2021-08-12,416.0134887695313,416.15370620330873,413.7236604942885,414.62089804805976,38909400
2021-08-13,416.7705383300781,416.7892206760995,415.9760965228515,416.4620942233985,39470300
2021-08-16,417.7519226074219,417.8827560853764,413.91993068902,415.47142121296486,73740000
2021-08-17,415.0135192871094,415.8733637558073,412.0320443878525,415.200428356418,92673900
2021-08-18,410.47113037109375,415.5648794226537,410.2281457688839,414.004033503329,89351900
2021-08-19,411.1066589355469,412.3030136509168,407.61114913490746,407.7513380397817,92812200
2021-08-20,414.3778991699219,414.7050256555393,410.9665024431538,411.4525287152719,72008700
2021-08-23,418.0229797363281,418.92957275106846,414.4526832434195,416.0602493564847,54973000
2021-08-24,418.6865234375,419.2192697916325,418.1724879522138,418.6865234375,38744700
2021-08-25,419.5650634765625,420.0790989433282,418.4995708066867,418.8734458981508,40529700
2021-08-26,417.08837890625,419.51839633690446,416.994910115224,419.2847386206746,57829600
2021-08-27,420.8175048828125,421.1913514868922,417.8360304398082,417.8921060042868,77235100
2021-08-30,422.6680908203125,423.4531772582027,421.2474337704148,421.4904469021432,48357400
2021-08-31,422.0418090820313,422.911008730897,421.4436603048322,422.574555391722,59300200
2021-09-01,422.2661743164063,423.49053835442544,422.03251662178167,422.97650283531857,48721400
2021-09-02,423.5653381347656,424.369106938718,422.3690118415017,423.6868447034256,42501000
2021-09-03,423.4624938964844,423.9765579301553,422.0325099688313,422.4344228744772,47170500
2021-09-07,421.9484252929688,423.2101826143172,421.2754899564276,423.1167138270563,51671500
2021-09-08,421.4343872070313,422.14471575872943,419.5183769090741,421.4157048587594,56181900
2021-09-09,419.6304931640625,422.985813884058,419.3874800599,421.23805907529504,57970400
2021-09-10,416.3219299316406,421.9764346465892,416.2004233686548,421.55586791625456,89948200
2021-09-13,417.3873901367188,419.57445120398825,415.078851030305,419.3127557334204,83738600
2021-09-14,415.1349792480469,419.032373751366,414.24706856986353,418.8267538323482,78197100
2021-09-15,418.6024475097656,419.0978006931455,414.45268447355176,415.55554197274927,78792200
2021-09-16,417.9388427734375,419.0510271190857,414.99473310868217,418.079031680648,77786700
2021-09-17,413.8676452636719,417.5900174422534,413.5113432060983,417.1681033851602,118425000
2021-09-20,406.9667663574219,409.3295710757895,402.1098470708217,407.7543679302111,166445500
2021-09-21,406.582275390625,410.59530867420943,406.0572077545702,409.3013817803459,92526100
2021-09-22,410.5485534667969,412.5832127267531,406.6949276564847,408.8514541557866,102350100
2021-09-23,415.5366516113281,417.1400110058016,412.17996661282217,412.4143728690153,76396000
2021-09-24,416.2210998535156,416.9337039803391,413.6895010133059,413.9051650553823,62094800
2021-09-27,415.0303039550781,416.3523298980062,414.33644206403306,415.1896841659372,61371100
2021-09-28,406.6666870117188,412.5924834545763,405.9353407086728,412.2643090052773,130436300
2021-09-29,407.3512268066406,409.77967232630994,406.78864603672207,408.0450602082472,82329200
2021-09-30,402.3724060058594,409.5264607159928,402.0348461267485,408.82324196639286,140506000
2021-10-01,407.1542663574219,408.8326231008619,400.58153463739126,404.0976283486504,129240100
2021-10-04,401.9036254882813,406.89176913571015,399.76581284989487,405.9916570765266,128570000
2021-10-05,406.0853576660156,408.3262663404989,402.6067772325321,403.4037355215152,90682500
2021-10-06,407.7730712890625,407.97934991567206,400.8721656243834,402.4942384202276,113032200
2021-10-07,411.2986145019531,414.1302318975777,410.867314983928,411.0454660354257,72437500
2021-10-08,410.5485534667969,412.451960078977,409.9203606110572,412.0675303159788,74557400
2021-10-11,407.5762023925781,412.7987803671197,407.5105617770027,409.8921372238028,65233300
2021-10-12,406.5729064941406,408.8982265582589,405.7853050080784,408.4950547167105,71181200
2021-10-13,408.03558349609375,408.8513125536215,404.6226438533049,407.5948986632403,72974000
2021-10-14,414.8991088867188,415.049132337177,411.2236058856092,411.6924184380236,70236800
2021-10-15,418.0588073730469,418.424494816852,416.3898362044381,417.00867206884914,66260200
2021-10-18,419.2965087890625,419.6340400404351,415.621006350095,416.27735526871015,62213200
2021-10-19,422.5313415527344,422.59695355572194,420.3091462784129,420.9186254165008,46996800
2021-10-20,424.1909790039063,424.491025906163,422.8783095740925,422.9908200089269,49571600
2021-10-21,425.29730224609375,425.5223230800388,423.15951848148666,423.590817951229,41305400
2021-10-22,424.856689453125,426.3100255563803,422.91579858892055,424.8660748608127,58845100
2021-10-25,427.1351318359375,427.4633063660101,424.1722614993,425.9443581792132,45214500
2021-10-26,427.51947021484375,429.8916602272119,427.144425952367,428.6821446267776,56075100
2021-10-27,425.6254577636719,428.6446111455954,425.5504317463337,427.978905465438,72438000
2021-10-28,429.7322692871094,429.8072666921166,427.04129028806375,427.0506470799132,51437900
2021-10-29,430.6043090820313,430.89497056169455,427.14447031928165,427.435131798945,70162400
2021-11-01,431.344970703125,431.96380657611127,429.6197443060304,431.5887337216653,48433600
2021-11-02,433.0889587402344,433.3983909976397,431.3824744636354,431.5137556913935,48908400
2021-11-03,435.7331848144531,436.1363567837527,432.0858090456328,432.5264940349289,52509800
2021-11-04,437.7864685058594,437.87085131761023,435.9862160130472,436.33313266603705,52847100
2021-11-05,439.3053894042969,441.29314959663833,437.7958270632598,440.00860807313694,66390600
2021-11-08,439.6804809570313,440.89941061596096,438.9960330253521,440.4024705143944,50405200
2021-11-09,438.2271728515625,440.2805738708811,436.8207353651275,440.0461676231419,51149100
2021-11-10,434.7017211914063,438.2272005366199,433.2202862022842,436.5394582778482,69429700
2021-11-11,434.8423767089844,436.26758515556486,434.8236345082835,436.1925591246675,34848500
2021-11-12,438.1239929199219,438.6771881976893,435.161094692695,436.1081050332003,53466700
2021-11-15,438.2740783691406,439.56800554034606,437.1489454567353,439.40862530276064,46980500
2021-11-16,440.0086059570313,441.1431240587056,437.93646296807935,438.0114603688836,48857500
2021-11-17,438.9397888183594,439.9242836397509,438.3209528739824,439.7461325975495,47858300
2021-11-18,440.4305419921875,440.69307581212365,437.25197993727926,439.9710863467691,50625600
2021-11-19,439.6429748535156,441.5650945480242,439.2772873896782,440.3180373454448,57315600
2021-11-22,438.4052734375,444.0028951339013,438.1989948186662,441.5181949166131,72762000
2021-11-23,438.9866333007813,439.8398754499892,435.4799250989726,438.07713594297,73206500
2021-11-24,440.15869140625,440.2805872370219,436.1737850737096,436.98951426235885,61858800
2021-11-26,430.34173583984375,434.96422009835896,429.2165744244368,433.501527426756,112669600
2021-11-29,435.62054443359375,437.45828126856935,432.9295654860119,435.12360436955294,86268800
2021-11-30,427.1445007324219,435.0861867057495,426.9007090428121,433.18280884176426,148559600
2021-12-01,422.4000244140625,435.686182056288,422.2031311937479,432.8451797070104,131939200
2021-12-02,428.8696899414063,430.4355363570328,422.22193180478286,422.6157469139375,127637800
2021-12-03,425.1379089355469,431.58874442702455,420.9185967447433,430.5292522904625,137331600
2021-12-06,430.1729736328125,432.0482235973753,425.2691846744251,427.6788877462588,98977500
2021-12-07,439.0709838867188,439.63356454550274,430.0416515860599,435.442380127921,95484700
2021-12-08,440.233642578125,440.68371284123066,437.7114292516764,439.46481188962696,72238800
2021-12-09,437.2614440917969,440.3368530852221,437.0645508448951,438.9491577219033,61272600
2021-12-10,441.3776245117188,441.527647959397,437.4114887047773,439.9618300872147,77159800
2021-12-13,437.4676513671875,441.2087655181387,437.18634673203786,440.8618488874242,87724700
2021-12-14,434.4578552246094,436.6894070406909,431.5418555519258,434.2047068054055,97264100
2021-12-15,441.2463073730469,441.49007040259744,432.00131048296834,434.5141670966672,116899300
2021-12-16,437.3551635742188,443.37469964954175,435.8080595359977,443.09342361388826,116568600
2021-12-17,432.7004089355469,437.28267979708494,430.9973478702641,434.2811459384775,135511600
2021-12-20,428.0993041992188,428.4944740688218,424.4861789614423,427.6288447352182,107134800
2021-12-21,435.7020263671875,435.84315849906136,429.35082200169626,431.51492459596,69806300
2021-12-22,440.0583801269531,440.1712858051097,435.250269425295,435.4478830766361,58890200
2021-12-23,442.7965393066406,444.2925972471357,440.9523458894644,441.0558332086626,56439700
2021-12-27,449.0630493164063,449.1100837845784,444.12322414632985,444.170258614502,56808600
2021-12-28,448.6960144042969,450.5213994616639,447.9338723531307,449.4958012534843,47274600
2021-12-29,449.2700805664063,450.2862606015247,447.8022490075834,448.7996209971791,54503000
2021-12-30,448.0279541015625,450.7001603749478,447.5669130217818,449.6933702442009,55329000
2021-12-31,446.89892578125,448.6866663206762,446.6260799179109,447.5387725895835,65237400
2022-01-03,449.4864501953125,449.61819265083415,445.8545162929149,448.15975083339737,72668200
2022-01-04,449.3359375,451.6223929028808,447.48232558918886,450.9072851460478,71178700
2022-01-05,440.707763671875,449.7405942304196,440.6136660037969,448.96903355258615,104538900
2022-01-06,440.2936706542969,443.0035221624816,437.9319546066855,440.2466361867598,86858900
2022-01-07,438.552978515625,441.47925183914367,437.1980527186537,440.3031029677847,85111600
2022-01-10,438.0072937011719,438.2236867337772,429.6237004184561,435.36331312046167,119362000
2022-01-11,441.9967346191406,442.0908322693714,434.75164626994354,437.7437907456816,74303100
2022-01-12,443.1916809082031,445.2429062617321,441.2345819172256,443.7280116585806,67605400
2022-01-13,437.0851135253906,444.9417931268879,436.0595152339108,444.2925567024861,91173100
2022-01-14,437.263916015625,437.6120514809011,432.7286791584299,433.94247281173614,95890900
2022-01-18,429.5201416015625,432.7851319574491,428.4098639787604,432.578128611285,109709100
2022-01-19,425.0601806640625,432.455790611051,424.7873060995941,431.0632487949444,109357600
2022-01-20,420.3556518554688,431.6372638548228,418.2385836592185,426.9420862438029,122379700
2022-01-21,412.103759765625,421.5882117054816,412.0755333410702,419.2359139440063,202271200
2022-01-24,413.8538818359375,414.36198622480896,395.90115681307793,406.5053054589265,251783900
2022-01-25,408.8011474609375,413.7409730372485,401.9136123373261,407.4744480032651,167997300
2022-01-26,407.7755432128906,417.80574473347866,403.5225703047687,414.6818862839636,186391100
2022-01-27,405.7620239257813,415.5005442840723,404.0777990774249,412.3672956944092,149878300
2022-01-28,415.8391418457031,415.88617630742215,402.5439524748477,407.1168047933351,164457400
2022-01-31,423.3288879394531,423.67702338927,413.82559991033423,415.1711072435179,152251400
2022-02-01,426.1893005371094,426.8291186076498,420.5343677869096,424.053395889453,123155400
2022-02-02,430.3293151855469,431.0538124863708,426.2833462117449,428.58860927324656,117361000
2022-02-03,420.2143859863281,426.2080347779146,419.3769543833261,424.30738893940446,118024400
2022-02-04,422.1904296875,426.0293671450485,417.6081293545503,419.9792639651472,118454400
2022-02-07,420.83544921875,424.3450587788941,419.5087499574974,422.9525170094482,84472900
2022-02-08,424.2980346679688,425.2201456654425,418.91597660458353,420.3367735452306,81012000
2022-02-09,430.5080871582031,430.8279961723495,428.1275632375704,428.325148187426,92589900
2022-02-10,422.7737731933594,430.6680694415039,420.7790293131962,424.67441942143387,140103700
2022-02-11,414.4372253417969,424.92846773085336,413.00703862428105,422.858462906652,153214600
2022-02-14,413.0823059082031,415.50989334254666,409.61973040303707,413.9291560964369,123006300
2022-02-15,419.7439575195313,419.9133160423361,416.9964614975675,417.5139841588956,88482700
2022-02-16,420.2143859863281,421.58811953862624,415.8297004717618,417.702119891888,84863600
2022-02-17,411.2380981445313,420.186247943638,410.635924854165,417.0341632264874,102259100
2022-02-18,408.5753173828125,412.7435821681036,406.3076988713617,411.492143665792,132642900
2022-02-22,404.1906127929688,409.7702560003978,400.6997823601273,406.3735519322751,124391800
2022-02-23,397.0208435058594,407.6626367061376,396.4562862776692,407.0980794779474,132578000
2022-02-24,402.9956359863281,403.42847944353576,386.3790300752348,386.7365552102814,213942900
2022-02-25,411.8873291015625,411.97200837339045,402.581625575988,404.22823397331,121804500
2022-02-28,410.83349609375,412.3107459178309,405.2538529277807,406.5052626502716,145615000
2022-03-01,404.5764465332031,411.3416578546236,401.8759843184385,409.3374953713261,137785900
2022-03-02,412.0191040039063,413.7409734291532,406.07248803205465,406.82521187285215,117726500
2022-03-03,409.9678649902344,415.0488225356622,408.1707060110163,414.44664922565886,105501700
2022-03-04,406.6370239257813,407.7661096277124,402.6004729085393,406.2418252656333,113978200
2022-03-07,394.6496887207031,406.7593128666358,394.5838174926232,406.0536235461076,137896600
2022-03-08,391.6576232910156,401.9700898485789,390.5943799836052,394.82851645161617,164772700
2022-03-09,402.158203125,404.13413881650297,397.8393882545467,400.02232727972273,116990800
2022-03-10,400.34222412109375,401.2360799371363,395.5999843486872,397.5570832228564,93972700
2022-03-11,395.25189208984375,403.4378710075181,394.7437877372273,402.8262793371944,95636300
2022-03-14,392.3632507324219,399.4671781987032,391.2247467020312,396.0234396841189,95729200
2022-03-15,400.9914855957031,401.6218852812804,393.6993629323293,394.9695806826798,106219100
2022-03-16,409.8831787109375,409.9396315604553,399.7024270341616,404.4917305799787,144954800
2022-03-17,415.01116943359375,415.01116943359375,407.596722776026,407.9730846505351,102676900
2022-03-18,419.556640625,419.87754345248976,412.666605461863,413.40280107875645,106345500
2022-03-21,419.4340515136719,421.3877829881189,415.9323761926658,419.3868421211315,88349800
2022-03-22,424.3420104980469,425.2764050572008,420.8214687288552,420.8214687288552,74650400
2022-03-23,418.8771362304688,423.303758234989,418.7921938931012,421.8125003060186,79426100
2022-03-24,425.19140625,425.2008538879378,419.7832096061072,420.8969363393452,64736900
2022-03-25,427.2678833007813,427.54160557531713,423.2471067305392,425.8238060374059,77101300
2022-03-28,430.3070983886719,430.3070983886719,424.7856157896072,426.6733001787727,68529800
2022-03-29,435.6303405761719,436.1211569373377,431.5057549157547,434.1862632130821,86581500
2022-03-30,432.94036865234375,435.2999738252827,430.8355904687236,434.4882546678292,79666900
2022-03-31,426.2768859863281,432.9970375414447,425.823831381212,432.1758994727404,121699900
2022-04-01,427.4849853515625,427.99463935727147,423.9172632927216,427.8530688001301,89048800
2022-04-04,431.1470642089844,431.2509018190193,426.86204176947047,427.6831797963426,59601000
2022-04-05,425.7011413574219,432.1192567211848,424.5591003737765,429.65584243367965,74214500
2022-04-06,421.4443664550781,423.71902938512,418.5656595556562,421.793612229182,106898000
2022-04-07,423.5680541992188,425.38024389891154,418.6223302828864,420.5666429127626,78097200
2022-04-08,422.43548583984375,425.3236408416978,420.8970183524694,422.8130169818533,79272700
2022-04-11,415.2150573730469,420.0097628914947,414.7148221783834,419.1697295398988,89770500
2022-04-12,413.6765441894531,420.7175978859881,412.1286293865626,418.19752691427806,84363600
2022-04-13,418.4147033691406,419.1697656437056,413.2518851363152,413.4312174671857,74070400
2022-04-14,413.2047119140625,419.754979516138,413.10087428728497,418.6412237561914,97869500
2022-04-18,413.3746032714844,415.0546413726437,411.1471205194664,412.2797427735474,66002500
2022-04-19,420.0475769042969,420.764877451462,413.1008827364676,413.270767434182,77821000
2022-04-20,419.7360229492188,422.4354264021452,418.57511557097627,421.82193478222695,65224400
2022-04-21,413.4595031738281,424.73842874926703,412.5534227458506,423.3509795921558,85417300
2022-04-22,402.1145324707031,413.4783716367902,401.5482213990768,412.3740924107077,132471800
2022-04-25,404.4457702636719,404.6156549215308,395.31880487171,399.8775781506751,119647700
2022-04-26,392.7326965332031,402.1144891433886,392.7043824228615,401.9162615672227,103996300
2022-04-27,393.8370056152344,399.169736833569,391.70394193167726,393.80869150273776,122030000
2022-04-28,403.7850341796875,405.51228112900816,394.14841565232734,398.5750368320876,105449100
2022-04-29,388.8629760742188,401.9540624319965,388.11733269096055,399.8021034252902,145491100
2022-05-02,391.2037658691406,392.5629010819542,382.2749969953384,388.929102475526,158312500
2022-05-03,392.9969787597656,395.40376459664327,390.1465571793375,391.7039196895496,100028200
2022-05-04,404.9649353027344,405.53124638806986,390.4769516548114,393.65769528593023,144247900
2022-05-05,390.5713806152344,401.1329782769947,386.44679436485006,400.7082377196595,172929100
2022-05-06,388.2400512695313,391.50573725161655,382.9451102963641,388.01353835630266,151770800
2022-05-09,375.8096923828125,383.5869435337957,374.23346310540126,382.3505124543199,155586100
2022-05-10,376.6779174804688,383.27536414376215,372.6477223262594,381.7746587518607,132497200
2022-05-11,370.6940002441406,381.3499860628742,369.9483568889677,375.71524733858433,142361000
2022-05-12,370.3069763183594,373.57266165703663,363.5207498600562,367.5037643543331,125090800
2022-05-13,379.1602783203125,380.5382798257655,373.3933876739787,374.4316198234749,104174400
2022-05-16,377.6217651367188,381.2838769265605,375.2716076319463,377.517956336258,78622400
2022-05-17,385.3896484375,385.625608984084,379.9719747013643,383.70016285890136,83029700
2022-05-18,369.85394287109375,381.123419587076,368.61751205317614,380.8402784851767,117674500
2022-05-19,367.5887145996094,372.00591725890166,365.37068003419705,366.79589073865264,98510700
2022-05-20,367.7492370605469,374.7336635050742,359.1697150107811,371.1659411793916,131432200
2022-05-23,374.6298522949219,375.3943621595535,368.4571163473613,370.7695124155736,76414900
2022-05-24,371.7699890136719,372.9592105064328,365.2291411864955,370.5146628553773,91448800
2022-05-25,375.0545654296875,377.01777330975807,369.8823286767236,370.278726265349,91472900
2022-05-26,382.5486145019531,384.18147159869255,376.0738719405769,376.2815183412965,82168300
2022-05-27,391.93988037109375,392.0531368146943,384.8044363865084,385.0026351628093,84768700
2022-05-31,389.7407531738281,393.0725149914447,387.0036165514885,390.3259307298854,95937000
2022-06-01,386.5883483886719,392.8648936661983,384.0777245169053,391.8550043373775,86585800
2022-06-02,393.9503173828125,393.9974979722233,384.181544661145,386.4278937496501,79609600
2022-06-03,387.4849548339844,390.7884022780611,386.51279859545,389.240487364167,71874300
2022-06-06,388.6647033691406,393.21399989631647,387.4943197082246,391.4867817183127,57508900
2022-06-07,392.3928833007813,392.84593785258215,384.7194428520581,385.1819450415341,59272400
2022-06-08,388.1267395019531,392.4684188107093,387.333915614858,390.6845434619145,64350000
2022-06-09,378.8960266113281,388.6175900458807,378.8960266113281,386.3523744576506,86289800
2022-06-10,367.90966796875,373.55385453962793,367.86248738155257,372.7044023436332,132893900
2022-06-13,353.9408264160156,360.3683895194282,352.3362831480851,358.5184668650851,170004900
2022-06-14,352.8742370605469,356.71568127410126,349.7784361620524,355.68689685396777,104011800
2022-06-15,357.90496826171875,362.34100925128496,351.2225494582893,356.1682732930812,125666800
2022-06-16,346.05975341796875,350.1088447146559,343.63407193506487,349.70299946215493,134473300
2022-06-17,346.80572509765625,350.142419392661,343.3079296571313,346.47397650063243,111113900
2022-06-21,355.5360717773437,356.9200257502837,352.44584583713896,352.52169557516805,76811900
2022-06-22,354.8915100097656,358.99598772773135,350.90074904768903,351.3178358414842,90059400
2022-06-23,358.370361328125,359.1002487608876,353.46963484148904,357.0243321478926,79292100
2022-06-24,369.7643127441406,369.77380119326506,361.507944524138,361.5363809433128,98050300
2022-06-27,368.35198974609375,370.97771602411575,367.2618882407592,370.6838633295004,66009600
2022-06-28,360.8254699707031,372.68394948048416,360.7117242850401,369.9065529188097,86548900
2022-06-29,360.5315856933594,362.3610628098229,358.71159702593604,361.3752476683845,65676000
2022-06-30,357.6025390625,360.8349471944622,353.1567954408799,356.6451313576215,112508300
2022-07-01,361.384765625,361.8208293565842,354.33224330989844,356.94850998659183,74839700
2022-07-05,362.0672607421875,362.0862376429184,353.4791138897527,356.3039239194396,81438000
2022-07-06,363.2900390625,365.7735827766986,359.8301397142112,362.2093972721212,70426200
2022-07-07,368.7311096191406,369.52735833895935,363.3090102076316,365.0626666524684,64525900
2022-07-08,368.4278259277344,370.2952282014979,365.5745794315864,367.10071569720793,72397800
2022-07-11,364.2190551757813,366.7215471684093,363.52706364959664,365.7546798643806,58366900
2022-07-12,360.99609375,366.0485198112267,359.251925711996,363.6692331147653,62219200
2022-07-13,359.10028076171875,362.02937706003513,355.14747320454023,355.5645600399159,84224600
2022-07-14,358.22821044921875,359.30882348190096,351.7160090447136,354.1521398256336,89704800
2022-07-15,365.0721435546875,365.1858892356065,360.7211976903377,362.6264957021304,79060400
2022-07-18,362.0578002929688,368.8259292782466,360.83497625525047,368.1529146526756,63203600
2022-07-19,371.8403015136719,372.40905889172745,365.318640887001,365.9726786043327,78506000
2022-07-20,374.2100524902344,375.62247177061846,370.66484393622255,372.0298498996471,71843800
2022-07-21,378.0207824707031,378.0681668690259,371.233676151968,373.6319110568227,64903900
2022-07-22,374.5134582519531,379.3383643459128,372.2953304103896,378.1440056178114,72197300
2022-07-25,374.9684448242188,375.8215664094441,372.73134023128426,375.13906335562353,53631500
2022-07-26,370.5321960449219,373.5370840827539,369.64114957187473,373.328540675696,52946400
2022-07-27,380.1535339355469,381.8977018374365,373.5275588843816,373.8214115297532,82342100
2022-07-28,384.9215698242188,385.61353235014826,377.4140367716771,380.9592743736936,73966600
2022-07-29,390.53326416015625,391.51910833460266,385.585124244229,386.352936564959,87003700
2022-08-01,389.3768310546875,391.8793520889404,387.1302667656035,387.8412062964885,69997500
2022-08-02,386.8078918457031,391.4906148313067,385.632481339068,387.8126838455422,63435400
2022-08-03,392.86517333984375,394.0310955881913,388.6469207989162,388.931285023342,67820600
2022-08-04,392.5997314453125,393.4718009620609,390.9598207163616,392.78929793981433,45656600
2022-08-05,391.9362182617188,392.58079648264055,388.2677749733455,388.3246478205913,56814900
2022-08-08,391.4811706542969,395.87004150956847,390.3815808280443,393.62347746477167,53886100
2022-08-09,389.9266052246094,391.25368644325886,388.8554517997777,390.7512903773344,44931800
2022-08-10,398.1166076660156,398.258818700046,395.01692204612334,396.96963344138766,68665700
2022-08-11,398.1166076660156,402.8183081055924,397.3772317875,400.96036549541424,59489700
2022-08-12,404.8563537597656,404.9606110010774,399.10247645360926,400.050395788599,61694500
2022-08-15,406.5246887207031,407.0460617331619,402.5908291054767,402.6477019536426,54048300
2022-08-16,407.3208923339844,409.2451671553258,404.6477532437864,405.45349035046,59289000
2022-08-17,404.42974853515625,407.1313242254354,402.42965277199465,403.7282975362389,63563400
2022-08-18,405.6051635742188,406.2876376325339,403.3396227828059,404.6287790194437,49023200
2022-08-19,400.1546936035156,403.1121973862413,399.282595061536,402.8467811218481,68016900
2022-08-22,391.8224182128906,395.5003494416631,390.92188337608326,395.329701995395,77695600
2022-08-23,390.87451171875,393.7846307828097,390.3247023494631,391.39585573923233,49105200
2022-08-24,392.1257934570313,393.4907706486536,389.964538588677,390.6470127203874,49177800
2022-08-25,397.6616516113281,397.7090360070508,392.5239160597197,393.614017515164,50942300
2022-08-26,384.20111083984375,398.0881206908962,384.14423800473423,397.5478287573556,103087000
2022-08-29,381.6607666015625,384.70357956798847,380.30524889484775,381.2531682301508,65370800
2022-08-30,377.4708862304688,383.0541440516301,375.3759929555365,382.81716425809753,85652400
2022-08-31,374.5987243652344,380.3431127380741,374.4660307121569,379.10134082789193,76029700
2022-09-01,375.7742004394531,376.1154375189932,369.7264703742915,372.428046300128,78740100
2022-09-02,371.8118286132813,380.6464427581479,370.0012994170037,379.4331073038288,99632100
2022-09-06,370.408935546875,373.5939303427136,368.19080797230174,372.6554995418325,76637400
2022-09-07,377.0632934570313,377.83110568507885,369.8780787401788,370.0960816393788,70964200
2022-09-08,379.5279541015625,379.9829368756566,373.59396971166063,374.7978458005912,80821700
2022-09-09,385.4240112304688,386.28662130528346,381.49961125899546,381.7650275183075,76706900
2022-09-12,389.56640625,390.2868341942052,387.1871194866291,387.49046061347366,69256300
2022-09-13,372.6271057128906,382.1062993004574,371.5085678123265,380.9024232007864,122947100
2022-09-14,374.0489807128906,375.5656574561683,370.7502109658769,373.9257465690702,85023700
2022-09-15,369.8022155761719,375.33805996184594,368.53200738172376,372.49430250102864,87633800
2022-09-16,366.9811401367188,367.6378936491365,363.69737257463,365.62958149307445,103084800
2022-09-19,369.8270263671875,369.8270263671875,363.763980617156,363.8401419434337,73278500
2022-09-20,365.5819091796875,367.51408871168167,362.83118428153335,366.5051690967704,77274900
2022-09-21,359.20477294921875,370.5503692517333,359.1952455228189,367.504555601014,106746600
2022-09-22,356.18756103515625,360.0709463739704,355.4451478506608,358.4338263970015,89472600
2022-09-23,350.2196350097656,352.76095967141856,345.7841825636604,352.7228790149844,122346900
2022-09-26,346.75506591796875,352.3707580104209,345.53674617910787,348.7538794551558,92581200
2022-09-27,345.8699035644531,352.5516221250691,343.4808430109905,350.28630194167937,108294100
2022-09-28,352.67529296875,354.3599916328385,345.1274223526463,346.82164844241146,110802200
2022-09-29,345.3083190917969,349.42013004160674,342.3672197883283,349.13459770031216,112952300
2022-09-30,339.9686279296875,348.2779675279083,339.8353891876637,344.36600021604005,153711200
2022-10-03,348.9442138671875,350.7907337489844,341.90080218718504,343.6806881754969,89756500
2022-10-04,359.7568054199219,359.7853586515844,348.90614168269303,354.4551993806732,103602800
2022-10-05,358.91925048828125,361.1750432151708,353.0751323104993,355.3975589353477,88065700
2022-10-06,355.2166442871094,360.4706419018,354.721682907655,357.5200156173895,82333500
2022-10-07,345.3083190917969,355.30235769557754,343.547458861724,351.190517698734,107789500
2022-10-10,342.6717834472656,346.65988314467035,340.43504562807703,346.42192984075376,76042800
2022-10-11,340.5015869140625,345.5366860181765,338.5694076088321,340.9774934330555,92482800
2022-10-12,339.37847900390625,342.48139902682294,339.1309983011124,340.91091321016154,76991800
2022-10-13,348.3350524902344,349.8008528442018,331.3356548770357,332.38265512986965,147254500
2022-10-14,340.39697265625,352.41837848921915,339.7592450066515,350.7907569397952,123737000
2022-10-17,349.1440734863281,350.24818012108415,340.0637687647691,346.4694811126714,93168200
2022-10-18,353.2464294433594,357.3582693441276,349.81036876588746,357.0536821558411,97162900
2022-10-19,350.7431640625,353.9317440906568,347.93530350478727,351.2095432352664,79746900
2022-10-20,347.80206298828125,354.7122360773966,347.0405950042413,350.2958089110657,88283100
2022-10-21,356.2541809082031,356.7395859020458,346.02218871676973,347.5260408349085,131038400
2022-10-24,360.6134643554688,361.74612439325887,355.13101099924324,357.77707959447656,85436900
2022-10-25,366.3719177246094,366.6860032724813,360.4230857441992,360.5372986706981,78846300
2022-10-26,363.6116638183594,368.9037428227225,362.97396524839513,363.23094435236135,104087300
2022-10-27,361.66998291015625,366.44807462100994,361.05128110498777,364.6110821532887,81971800
2022-10-28,370.2743225097656,370.7502290607999,361.3843916220893,361.5652384352448,100302000
2022-10-31,367.5997924804688,369.68426585196175,366.6955873080766,367.81871998807645,96631300
2022-11-01,365.99114990234375,371.57831700264165,364.8204384205559,371.340363735998,85407600
2022-11-02,356.8062438964844,369.903204081086,356.7015583770088,365.40111675587,126990400
2022-11-03,353.1321716308594,356.1684576069525,351.0191454820897,353.56999750398336,87100100
2022-11-04,358.2148742675781,360.6134328780432,352.170855133582,358.8335469874606,103505200
2022-11-07,361.6414489746094,362.2315685306912,357.43442171013305,359.50936758378657,68286900
2022-11-08,363.5926513671875,366.5623039769019,359.5188919325988,362.7455236557189,84641100
2022-11-09,356.10186767578125,362.77408732506177,355.6069062348671,361.6223724698831,78495500
2022-11-10,375.6711120605469,376.0042524525567,367.0572151863192,369.3510591794325,141455800
2022-11-11,379.3070068359375,380.1065262679985,374.643099911707,376.5277001032256,93839900
2022-11-14,376.0804748535156,380.8966479353896,375.80444085717625,377.5462755014452,71903500
2022-11-15,379.2880554199219,382.9239890323085,375.48080239259394,381.8198821687392,93194500
2022-11-16,376.3945007324219,378.6122124671784,375.7663006029168,377.6603993704188,68508500
2022-11-17,375.2428588867188,375.9186672305997,371.3404476693323,371.6450058437324,74496300
2022-11-18,376.9466247558594,378.6408512891868,374.1007122482851,378.5742173860638,92922500
2022-11-21,375.5759582519531,376.7466989172969,373.7389657905297,375.6235663390515,51243200
2022-11-22,380.6300964355469,380.7919174617573,376.1089836932025,377.5176776993283,60429000
2022-11-23,383.0286865234375,383.51409151080327,380.06853232216565,380.29695819857307,68261600
2022-11-25,382.9429626464844,383.4950305265415,382.191051189936,382.4670560829331,30545400
2022-11-28,376.8324279785156,381.4963075976525,376.0709598680813,379.85918746901655,67881600
2022-11-29,376.1851196289063,378.1553507626501,374.348098183929,376.9655843317997,52310000
2022-11-30,388.0351867675781,388.0351867675781,374.5194571611336,376.4325818837763,144566700
2022-12-01,387.7496948242188,390.2434409456629,385.2464212750172,389.07270016589297,76398200
2022-12-02,387.3022766113281,388.20648163886,382.7621385272809,382.8668240269508,85342700
2022-12-05,380.3349914550781,385.41766990087285,378.9834331254148,384.4849116571129,77289800
2022-12-06,374.8525085449219,380.7156802284318,372.76806475628393,380.1731688832667,77972200
2022-12-07,374.21490478515625,376.5754121268759,373.0822446819997,374.005504706076,65927900
2022-12-08,377.1464538574219,378.2124799961138,374.3195674856605,376.0994825728711,60737900
2022-12-09,374.3291015625,378.459967446831,374.2053611965191,375.90911499149865,81447700
2022-12-12,379.7258911132813,379.7258911132813,374.45283780553007,375.11908962319546,75405800
2022-12-13,382.6002807617188,390.7097172341381,379.840028813482,390.4527381757016,123782500
2022-12-14,380.1542053222656,385.9602719426471,377.2131058725146,382.2577044665144,108111300
2022-12-15,370.85498046875,376.2041659865488,369.1988348015829,375.2999318308924,117705900
2022-12-16,366.47662353515625,369.641590174743,364.3443519350762,368.3029384387337,119858000
2022-12-19,363.3690185546875,367.0025351167428,361.7052677993639,366.6678648941245,79878100
2022-12-20,363.86627197265625,365.48222528681765,361.2941346468216,362.61367325179793,74427200
2022-12-21,369.306884765625,370.4351746621718,365.9219858955704,366.4574464966575,78167400
2022-12-22,364.0383911132813,369.28783218740784,358.3490843681481,366.2662871007879,100120900
2022-12-23,366.1324157714844,366.2758375341586,361.46623322301946,363.0152466207401,59857300
2022-12-27,364.68853759765625,366.3618594408892,363.0152157544233,366.01764723973866,51638200
2022-12-28,360.15625,366.59137848650926,359.9267751898031,364.6216127041186,70911500
2022-12-29,366.6391906738281,367.5093216045126,362.4702133125497,362.9961320141737,66970900
2022-12-30,365.6734008789063,365.8168226274327,361.8486652893112,363.9618527124626,84022200
2023-01-03,364.1339721679688,369.49815002254616,361.274962367188,367.5284134560836,74850700
2023-01-04,366.9450988769531,368.972203833434,363.34983850558666,366.3904959403079,85934100
2023-01-05,362.7571105957031,365.1093151949147,362.1642811518745,364.99457777745386,76970500
2023-01-06,371.0758666992188,372.1946147969525,362.7857679206914,365.845539153224,104189600
2023-01-09,370.865478515625,376.4496182467044,370.6838304181261,373.26550947515705,73978100
2023-01-10,373.4662780761719,373.5332179494703,369.3451279864,370.2821986713312,65358100
2023-01-11,378.1897888183594,378.2662998599008,374.2312032407618,375.0439652697671,68881100
2023-01-12,379.5667724609375,381.02973273660194,375.22571833967487,379.289500125456,90157700
2023-01-13,381.039306640625,381.6130228505716,376.1053939237536,376.3731242643396,63903900
2023-01-17,380.3412780761719,382.6935115955875,379.6623956443495,381.0201896884126,62677300
2023-01-18,374.3364562988281,382.5883286998047,374.1356658339176,381.52697849057256,99632300
2023-01-19,371.611328125,373.94439001524745,370.29178966269103,372.2997525257694,86958900
2023-01-20,378.53411865234375,378.6871115907864,371.3627388027023,373.0073764154368,91806400
2023-01-23,383.0759582519531,385.0074392135379,378.3810918291715,379.3372757234957,84178800
2023-01-24,382.6648254394531,383.57318267652687,380.2169968812223,381.40265563212273,59524900
2023-01-25,382.8082580566406,383.1429282820768,376.3157607326886,378.6010544265812,84800300
2023-01-26,387.0154418945313,387.17800600043023,382.5022526217131,385.4664286118992,72287400
2023-01-27,387.9046630859375,390.2760095744735,385.762820567528,385.97318218490153,68346200
2023-01-30,383.0376892089844,387.378772106544,382.7412745466371,385.1508473703547,74202000
2023-01-31,388.6696166992188,388.7174142189188,383.20978597821664,383.554027333468,86811800
2023-02-01,392.8003540039063,395.5446264450836,384.7206171548962,387.45528923844535,101459200
2023-02-02,398.5183410644531,399.9813013244029,394.7892295371712,396.68245506156615,101654500
2023-02-03,394.2824096679688,398.69997431086017,393.07760869975664,393.5557006166136,94736800
2023-02-06,391.8728637695313,393.2689133762878,390.2186841761235,391.834637420615,60295300
2023-02-07,396.99798583984375,398.241013206568,389.7118693730586,390.9548967397829,90990700
2023-02-08,392.6569213867188,396.3669196696717,391.9684677962696,395.0282680161365,76227500
2023-02-09,389.25286865234375,396.4051341468822,388.0289545272242,396.25214123369045,78694900
2023-02-10,390.1612854003906,390.54375312300726,387.2640493604548,388.0767823283588,70769700
2023-02-13,394.7413940429688,394.875273798094,390.3525133608386,390.8114921464456,64913500
2023-02-14,394.5597534179688,396.86413102531327,390.61070909281807,393.2210725630297,88389300
2023-02-15,395.8410339355469,395.91751581058026,391.5286350725414,392.3700815999979,61555700
2023-02-16,390.3908081054688,394.8179447595729,390.25695751731473,390.87847129038914,76431500
2023-02-17,389.4154357910156,389.654481748422,386.3460646880192,388.2680035232992,89257800
2023-02-21,381.6033935546875,386.45125247879577,381.34523443071777,385.3994444508215,82655900
2023-02-22,381.07757568359375,383.5540887169433,379.62415734279705,382.01461731866567,83742300
2023-02-23,383.1046447753906,384.577176151522,378.88787027584414,383.965204449082,96242400
2023-02-24,379.01214599609375,379.8440212478962,376.3922116756281,378.0942177024235,108194400
2023-02-27,380.3031005859375,383.70711353998666,379.36602969258297,382.349319321487,80444700
2023-02-28,378.8974304199219,381.78509520813367,378.7922350201957,379.824929942889,96438600
2023-03-01,377.4440612792969,379.30863174384257,376.1436650512144,378.0847173960627,99706800
2023-03-02,380.3795776367188,381.2210242763125,375.1396784958807,375.4743487521402,85127800
2023-03-03,386.47991943359375,386.7285365509488,381.54600769019737,382.19620564898895,90120000
2023-03-06,386.7477722167969,389.59721125224,386.3079357148232,387.3023461383792,72795900
2023-03-07,380.8193664550781,386.9389670021749,380.20742390861926,386.699921017692,108310600
2023-03-08,381.44091796875,382.1962822868647,379.21299300204765,380.93414163742426,74746600
2023-03-09,374.4034118652344,383.88877016600645,373.4185434936177,382.2249901315046,111945300
2023-03-10,369.00091552734375,375.9332484862883,367.48058669730784,373.8583166785041,189253000
2023-03-13,368.47503662109375,373.28466995051247,363.9714183424298,365.0805952370844,157790000
2023-03-14,374.5658874511719,376.2105247410941,370.0909251262305,373.38977088173,149752400
2023-03-15,372.2232971191406,372.42408758364206,366.8973453679593,368.9818486133687,172996900
2023-03-16,378.7540588378906,379.09830027770704,369.3643534258748,369.8711298169311,143254200
2023-03-17,374.3253784179688,378.5582467760813,372.943216125859,377.4256505147599,140553400
2023-03-20,377.9247741699219,378.33752477252494,374.4022021758944,375.10286177523193,93055800
2023-03-21,382.8871154785156,383.3670321413763,379.690854100462,381.2841809361741,91524200
2023-03-22,376.3601684570313,386.3232414014182,376.3217962204962,382.7142886176193,111746600
2023-03-23,377.3776550292969,383.25182988301947,374.6709182110407,379.2205184817109,119351300
2023-03-24,379.8539733886719,379.9403548581303,373.759026959202,376.1010222149094,107682400
2023-03-27,380.5643005371094,382.8967177472465,379.671662586895,382.12883352250185,74010400
2023-03-28,379.7100524902344,380.5642888800985,377.8767674052834,379.8732077448908,62871700
2023-03-29,385.2290649414063,385.4690232440617,382.6662973806607,383.8660888939379,77497900
2023-03-30,387.4846496582031,388.1085353397573,385.6225710265115,387.8589693504225,69840000
2023-03-31,392.9460754394531,393.2436213484559,388.30045759381215,388.4060544634671,112062600
2023-04-03,394.4434814453125,394.8465950024576,392.03429064106433,392.4278257842298,67391100
2023-04-04,392.2550354003906,395.3744932102715,390.8824517022873,395.0865256835199,66601500
2023-04-05,391.2279968261719,392.2838191469049,389.577082640603,391.5255427585898,65200200
2023-04-06,392.754150390625,393.0325102209904,389.3851264771968,390.4313411526847,63743300
2023-04-10,393.1571960449219,393.2339990912432,389.6634190235722,390.2776969352446,63681000
2023-04-11,393.2628173828125,394.66416550169424,392.49496262249465,393.7811354565068,59297900
2023-04-12,391.659912109375,395.61444936283374,391.0744279375137,395.3264818376402,86420400
2023-04-13,396.86224365234375,397.2173772579594,391.60234704835096,392.7445509263928,85814800
2023-04-14,395.8928527832031,398.41721916409074,393.5892586164342,396.2288003118919,78161500
2023-04-17,397.3133544921875,397.3325406110166,394.577824032139,395.8064093482449,66436400
2023-04-18,397.5726013183594,399.0219591873637,396.2000465280237,398.8875684455895,63560000
2023-04-19,397.50531005859375,398.4075262603893,395.6048298992257,395.66241754419593,55227300
2023-04-20,395.3360595703125,397.0829628319808,393.79071305675006,394.6929585087422,75840400
2023-04-21,395.6432495117188,396.10395069254025,393.6947893230702,395.6336418065236,73457400
2023-04-24,396.0559997558594,396.4783287303984,394.1075394245126,395.44169241406223,64332100
2023-04-25,389.7690124511719,394.6449810037149,389.7114248085009,394.0882614021865,97766700
2023-04-26,388.1181640625,391.4583943618871,387.56147365849546,390.3833857943013,80447000
2023-04-27,395.8447570800781,396.1135091660831,390.4024907237528,390.65205669353617,92968400
2023-04-28,399.2234497070313,399.2330574132173,394.90419994068407,394.9617875942257,89433100
2023-05-01,398.8203430175781,400.8455772162606,398.589963107647,398.7819414839584,62122300
2023-05-02,394.3378601074219,398.1580067083917,391.43917444922255,398.1099974743272,103998500
2023-05-03,391.6311645507813,397.2461950998661,391.3912062306647,394.837004192524,91531800
2023-05-04,388.8572082519531,390.9112359586152,387.5230261150929,390.584896203044,94901900
2023-05-05,396.0559997558594,397.102214486308,392.2262744508848,392.48541888407567,87891800
2023-05-08,396.16156005859375,396.6414766761157,394.76021173712985,396.3823322476967,50046800
2023-05-09,394.4242248535156,395.5376348099792,394.1938742734827,394.6162031980649,49220100
2023-05-10,396.2671508789063,397.8892713646367,392.44700411687967,397.25577792419296,96142900
2023-05-11,395.5760803222656,395.8640185793233,393.5028369960926,395.4033173680311,70157100
2023-05-12,395.0578002929688,397.02547621204064,392.6390308249023,396.8143117058912,70481500
2023-05-15,396.4207153320313,396.8238288685914,393.75238023444746,395.6624389099318,54289400
2023-05-16,393.7715759277344,396.2383543170176,393.761968222226,395.31689334176326,57705500
2023-05-17,398.5515441894531,399.1562144912637,394.14591338269895,395.7872199283248,87287000
2023-05-18,402.3908386230469,402.81316752783374,398.01400205687503,398.234744921799,97177200
2023-05-19,401.8053894042969,403.8210450825171,400.5864117249465,403.29314851307697,103793300
2023-05-22,401.9685363769531,403.50427528786696,400.586374286309,401.8245672616326,60745400
2023-05-23,397.4573059082031,401.9013380831868,397.0637708013528,400.3271976557855,86383500
2023-05-24,394.5778198242188,396.2383417764392,393.4164298740769,395.85441436146,89213700
2023-05-25,397.9948120117188,399.4441694496832,395.8447951170828,398.0811934806872,90961600
2023-05-26,403.1491394042969,403.86901432087706,398.5707454798897,398.6475192492727,93830000
2023-05-30,403.3027038574219,405.6062976614237,401.9205417166639,405.07840112218025,72216000
2023-05-31,401.0662536621094,402.3812202796991,399.5017210732584,401.4789748516719,110811800
2023-06-01,404.8768310546875,405.93265339027886,400.048871425913,401.2966428186588,88865000
2023-06-02,410.7318420410156,411.5188830151562,406.921303007744,407.44919955900986,91426200
2023-06-05,409.94482421875,412.3635936836994,409.24413533747776,411.0774205267335,65460200
2023-06-06,410.83734130859375,411.3652377720656,408.8792736749402,409.5319824140115,64022200
2023-06-07,409.4168395996094,412.3635345526036,408.9945106484148,411.2309384070294,85373300
2023-06-08,411.8932189941406,412.344341762355,408.71617349799953,409.4840283285931,61952800
2023-06-09,412.63232421875,414.63837227354514,411.6436971048215,412.6899118726264,85742800
2023-06-12,416.3756408691406,416.4524439304632,412.89147087099775,413.6113457890231,76104300
2023-06-13,419.1207580566406,419.76382988102273,417.1722978814529,417.8345851160925,95899700
2023-06-14,419.6198425292969,421.4243335080621,416.1740450929453,419.4566872999007,100612100
2023-06-15,424.8221435546875,426.069914890404,418.70801128446885,418.8039711627685,110303100
2023-06-16,423.3751220703125,427.37322020593024,422.9030661850773,426.804818584776,114165800
2023-06-20,421.1785583496094,422.3250049416328,419.107257409602,421.4386947666536,76160400
2023-06-21,419.02056884765625,420.9955241203809,418.43288044222425,420.19591625792975,76982300
2023-06-22,420.5331115722656,420.6390713007603,417.72961825633774,418.0668136298408,70637200
2023-06-23,417.3539123535156,419.1362056994903,416.6410067753629,417.08416191308544,92074500
2023-06-26,415.648681640625,418.7026386450145,415.4078319979814,416.7854848977608,72823600
2023-06-27,420.20556640625,420.82212620155866,416.0725783167209,416.5253768197751,72813700
2023-06-28,420.4175415039063,421.4290983033547,418.5100016357142,419.1265614695,75636000
2023-06-29,422.0745544433594,422.2383451446893,419.5986423394109,420.00325329466176,67882300
2023-06-30,427.0553588867188,428.0380149404403,424.9647708481831,425.2827088718478,104964000
2023-07-03,427.546630859375,427.8259952574617,426.4290850652605,426.7084788639364,32793400
2023-07-05,426.9107971191406,427.6429894132442,425.7258063379871,425.7354497315169,58418400
2023-07-06,423.56781005859375,423.9917077726785,421.06296794825374,423.3366038147622,80658300
2023-07-07,422.4984130859375,426.43873894163033,422.25756345371417,422.5755014325792,86134200
2023-07-10,423.56781005859375,423.7412147414674,421.5735680037754,422.1419696202549,62443500
2023-07-11,426.2653503417969,426.7566930521444,423.3558970583311,424.3289390845196,64463800
2023-07-12,429.6950073242188,431.1015903646367,428.62564905437046,430.0514894814251,91924500
2023-07-13,433.10546875,433.8954626517325,431.0727118327768,431.50622355890425,72425200
2023-07-14,432.8357238769531,434.83958003816,432.07463074719146,433.991813962652,69815800
2023-07-17,434.338623046875,435.3887239970372,432.6430320958501,432.6912196663996,52680200
2023-07-18,437.5659790039063,438.2114395521847,433.5774949928172,434.01103608987984,80668200
2023-07-19,438.5390319824219,439.7239933832524,437.4889016897744,438.3559839057652,65891700
2023-07-20,435.6295471191406,438.442683807428,434.9166416038705,437.5467302165197,70591600
2023-07-21,435.6295471191406,437.5467302165197,435.6199331260899,437.3443953535996,71275600
2023-07-24,437.5755920410156,438.3848432188805,435.74511144759634,436.7759548553456,54023400
2023-07-25,438.7702941894531,440.0227007047043,437.2577512159894,437.3059387900186,55191200
2023-07-26,438.8377380371094,440.2635492538146,436.7856941637762,437.8357951870991,71052900
2023-07-27,435.92816162109375,442.6237927069571,435.0225647127747,442.2191524157684,92194400
2023-07-28,440.1961059570313,441.0246146496096,435.9282277689279,439.1941631701477,80011800
2023-07-31,441.0343017578125,441.3907545748612,439.3579680173253,440.6682055455154,62040400
2023-08-01,439.7721557617188,440.5139620189602,438.8183712588781,439.569820909262,55291500
2023-08-02,433.6545715332031,436.92047716007846,432.90312187918494,436.660370149276,93933400
2023-08-03,432.4118041992188,434.29044314301314,430.995607146359,431.6410971149184,64276100
2023-08-04,430.45611572265625,436.3232095269525,429.9358722590493,434.2230076857938,100128900
2023-08-07,434.21337890625,434.36752621178806,431.59293351328745,432.28658168791264,58357500
2023-08-08,432.3251037597656,434.2037427118271,428.9724661870649,431.6796137883657,71361300
2023-08-09,429.4349060058594,432.7586427817327,428.67381291504086,432.5948520910791,78789600
2023-08-10,429.5890502929688,435.1671361209915,428.4233462814403,431.7855978075418,93005500
2023-08-11,429.3385314941406,430.35011754971424,427.1227267257981,427.7200290859293,68690900
2023-08-14,431.70849609375,431.70849609375,428.11503843544807,428.4233330175674,47867400
2023-08-15,426.6795959472656,430.2923404930472,426.1111649328765,429.9358583347008,75707500
2023-08-16,423.5485534667969,427.9223617239687,423.4425643377815,426.2653150386881,80107200
2023-08-17,420.3211975097656,425.27305119137833,419.8009540161682,425.01294414487614,95711300
2023-08-18,420.5234680175781,421.5543115245304,417.1612164787308,417.5080258452247,98852000
2023-08-21,423.2595520019531,424.00135836533855,419.3867000805202,421.5350602162778,68719000
2023-08-22,422.1131286621094,425.032225506542,421.5543703601319,425.032225506542,64994200
2023-08-23,426.814453125,427.431042301619,423.0283039267051,423.17280782729074,68441000
2023-08-24,420.8992614746094,428.9243595057039,420.87033128977225,428.4137593836846,88517300
2023-08-25,423.8665161132813,425.14782341446,419.07842352366526,422.62372359066535,102325100
2023-08-28,426.5543823242188,427.1709421526019,423.8664919427265,426.05339622552776,61595400
2023-08-29,432.7200622558594,432.9994560455783,426.265280717647,426.4483287798158,83081900
2023-08-30,434.50244140625,435.1382880533624,432.3540517986095,433.05734340842935,69053900
2023-08-31,433.8666076660156,436.255817610441,433.6835595621321,435.1190142078131,66084600
2023-09-01,434.6758117675781,437.0650508527564,433.2210704898494,436.5833515582069,58944100
2023-09-05,432.7972106933594,434.5506033353466,432.7297951306632,434.2326947093396,55166200
2023-09-06,429.8877258300781,432.093916863234,427.5659316686508,431.9879277285903,70758500
2023-09-07,428.56787109375,429.24223247025344,426.5447281630559,426.8915375451562,70355400
2023-09-08,429.2133483886719,430.74514868706615,428.25959315019446,428.6160459403085,61659700
2023-09-11,432.0361328125,432.3443980335229,430.1285929169173,431.8337979292306,60180100
2023-09-12,429.6661071777344,432.1131477113599,429.08809157187744,430.5909909482861,67565400
2023-09-13,430.1671142578125,431.3231749266096,428.7894319282897,429.8877204342684,60199300
2023-09-14,433.8761901855469,434.5698383708397,431.332833106535,432.6334271290332,83430800
2023-09-15,428.648681640625,432.62223173023705,428.2136407942197,432.2935243670765,111848900
2023-09-18,428.9001159667969,430.1956202798295,427.8656361967372,428.3393572391215,55752200
2023-09-19,428.0106201171875,428.57137880593234,425.3326034960519,427.981617392204,66514600
2023-09-20,424.0757751464844,429.68318495179983,423.8727265693422,429.2674693964477,82562600
2023-09-21,417.0665283203125,421.4944451347644,416.9118372759941,421.2334205936458,104095800
2023-09-22,416.1287231445313,419.6865285568745,415.712978065788,418.0913196169548,100829700
2023-09-25,417.8786315917969,417.9172822244127,414.4851650567311,414.9202354602061,70874500
2023-09-26,411.7394104003906,415.54859200929735,410.90794984146544,414.8428197503268,96168400
2023-09-27,411.9037780761719,413.4700137261174,408.2686420542666,412.9092550416893,104705800
2023-09-28,414.291748046875,415.964317107926,410.762945679416,411.35270706101295,92258300
2023-09-29,413.2863159179688,417.5112133076614,411.7684378270295,417.3371969608053,115111300
2023-10-02,413.1219482421875,414.3691244055631,410.36657139466814,412.454856073705,83798600
2023-10-03,407.591796875,413.17988034200135,406.2286100555033,410.9465824367791,103760600
2023-10-04,410.5599670410156,411.3043900178651,406.59609392791054,408.0559666596498,87453000
2023-10-05,410.4052734375,411.2463819980621,407.1858528256416,410.2699077129364,70142700
2023-10-06,415.2778930664063,416.8150963910029,406.63472757769614,407.9592344326086,113273300
2023-10-09,417.9366455078125,418.5070521455923,412.8319589906931,413.3830108074734,80374400
2023-10-10,420.1119079589844,422.70291641435927,418.16863686530417,418.5650271110164,78607300
2023-10-11,421.832763671875,422.0841107631383,418.79700772466646,421.1753489650396,62451700
2023-10-12,419.2610778808594,422.81888280363904,416.91176888328704,422.4418474172078,81154200
2023-10-13,417.17279052734375,421.95844616014017,415.606584539678,420.75959814761615,95143100
2023-10-16,421.5621032714844,422.6255856986061,419.1741138914331,419.4158131019472,75433200
2023-10-17,421.5427551269531,423.5923892481788,418.09131276942526,418.4393454760135,75324700
2023-10-18,415.9256591796875,420.7306406420036,414.8428514424272,419.77352121429993,93559800
2023-10-19,412.2711791992188,418.4490253157197,411.59443909771255,416.64111990263626,121323000
2023-10-20,407.20513916015625,412.3775078471192,407.0987761718527,411.83610400929126,123919900
2023-10-23,406.4993896484375,410.3569290893258,403.9277065226112,405.6776064364825,92035100
2023-10-24,409.5641479492188,410.7146385432617,406.7700909338865,408.6166764293311,78564200
2023-10-25,403.6860046386719,407.91093157015536,403.17360349885,407.881928845422,94223200
2023-10-26,398.8521118164063,403.4734005426567,397.9336723200138,402.622643920906,115156800
2023-10-27,397.0441284179688,400.8339851009318,395.6229358498949,400.4375948467834,107367700
2023-10-30,401.79107666015625,402.8448816266276,398.5329761803426,399.8284803456642,86562700
2023-10-31,404.3144836425781,404.63351364420447,400.4569438698378,402.361534981924,79665200
2023-11-01,408.6263427734375,409.43844855236455,404.7494781285324,405.28123407598383,98068100
2023-11-02,416.4574279785156,416.61211901779166,412.39686933434086,412.4161946501383,94938900
2023-11-03,420.2569580078125,421.8038389898476,418.63274625361095,418.7584345746445,100167800
2023-11-06,421.2237243652344,421.66844265759465,419.28045324415575,421.0110278768362,67831700
2023-11-07,422.4225158691406,423.0606052933152,420.0828841514639,421.2236972866714,64256100
2023-11-08,422.73193359375,423.5440394282341,420.4309523105621,423.02196085453033,61746000
2023-11-09,419.4351501464844,423.91142437106953,419.00975716373983,423.8727442351021,83174400
2023-11-10,425.9802856445313,426.2896676737884,419.42540510915256,421.5040416459852,89462200
2023-11-13,425.57427978515625,426.6764127794683,423.86306009469695,424.6461631313729,52236100
2023-11-14,433.8307189941406,435.11654569788686,431.27836139592864,431.5007352713821,97176900
2023-11-15,434.7492065429688,436.3927730128096,433.8984205823122,435.1649221132853,77327600
2023-11-16,435.2809753417969,435.6000053342908,433.2410185572766,434.3045010394223,66665800
2023-11-17,435.8223571777344,436.4314439095968,434.37216191303287,435.2906012114316,83133200
2023-11-20,439.1770935058594,440.0182019431349,435.5612536604329,435.57093106914016,69936200
2023-11-21,438.2199401855469,439.05140070988807,436.9534388382608,438.13293202095787,49244600
2023-11-22,439.9118957519531,441.22675482120695,438.8194400859089,439.8732451207241,59394900
2023-11-24,440.1825866699219,440.3759578384197,439.6315348978691,439.9602422808771,29737400
2023-11-27,439.389892578125,440.36633744385705,439.003150191057,439.5542315387573,50506000
2023-11-28,439.8248901367188,441.1203943936042,438.4423777026132,439.00310690168646,62115000
2023-11-29,439.5155029296875,443.10234049536746,439.1191421839662,441.9711751961111,63146000
2023-11-30,441.24603271484375,441.5940948885885,438.2876370073433,440.3565962233876,79752700
2023-12-01,443.8564147949219,444.388141230824,440.0472330596215,440.6369649429203,89183400
2023-12-04,441.5264587402344,443.8757680204174,439.2544802266773,440.4726537072012,72430900
2023-12-05,441.439453125,442.3965725770802,439.76688393206007,440.14394887033336,69793500
2023-12-06,439.6605224609375,443.6050404253039,439.2254520989698,443.5760377014592,69124700
2023-12-07,443.0152893066406,443.6630266124851,441.1397012346477,441.73911050428126,66995400
2023-12-08,444.919921875,445.451648340426,442.0291792325049,442.2708784448437,83194400
2023-12-11,446.65045166015625,446.8244975103325,444.2141343049595,444.4268307846884,65002200
2023-12-12,448.6903991699219,448.7870847504341,445.30661038207074,446.3024099023236,68327600
2023-12-13,454.8778991699219,455.1292757819329,448.709730800554,449.0674408996175,93278000
2023-12-14,456.3377685546875,458.0006602364905,453.6693999362765,456.8114895469167,119026000
2023-12-15,455.5863952636719,456.9163018501235,453.7420397034311,455.7417134699126,141553700
2023-12-18,458.1491394042969,459.12957270241793,456.1300618027728,457.1881393985243,70375300
2023-12-19,460.9350891113281,461.0127630324847,458.6150917294133,458.6927360266488,55761800
2023-12-20,454.5478210449219,461.9640813854923,454.1207033179656,460.0808885777092,102921000
2023-12-21,458.8577575683594,459.1295570366737,455.1107760152546,457.5278509164755,86667500
2023-12-22,459.7799072265625,461.45925759296136,457.8870276491879,459.98374941589714,67160400
2023-12-26,461.7213134765625,462.62407274345054,460.1099204752376,460.18759438735214,55387000
2023-12-27,462.5561828613281,462.7017844285322,460.9836266876839,461.5175089754055,68000300
2023-12-28,462.73089599609375,463.5656980482324,462.31349497002446,462.9153345190397,77158100
2023-12-29,461.3913269042969,463.06096072132885,459.4401769650659,462.5367654374911,122283100
2024-01-02,458.8091735839844,459.7993234289346,456.71242227128295,458.333531951908,123623700
2024-01-03,455.0622253417969,457.39193916554245,454.4603858132538,456.6541850988543,103585900
2024-01-04,453.5964660644531,457.1686961561285,453.3731905747532,454.5865863632777,84232200
2024-01-05,454.21771240234375,456.6639075045455,452.7713245626224,453.8002817612887,86118900
2024-01-08,460.7020568847656,460.8476584350013,454.5865251596194,454.7127230444625,74879100
2024-01-09,460.003173828125,461.02241437904433,457.5472620861944,458.0520240389676,65931400
2024-01-10,462.604736328125,463.4686883884697,459.9935061021224,460.275022232607,67310600
2024-01-11,462.4008483886719,464.1190060691037,458.4306211349408,463.6045274671268,77940700
2024-01-12,462.7211608886719,464.5849497110556,461.3136396565664,463.84719564870727,58026400
2024-01-16,461.0224304199219,462.6532272077025,459.2071951071508,461.3427834891872,85014900
2024-01-17,458.4597778320313,458.94513616011074,456.110630489601,458.00353981867966,68843900
2024-01-18,462.5367736816406,463.0900892897804,458.5859793739224,460.1294153145847,91856200
2024-01-19,468.3027648925781,468.58428097883166,462.5852599788474,463.6627410994632,110834500
2024-01-22,469.29296875,471.0111265282756,468.6425755704272,469.83656769535,75844900
2024-01-23,470.66162109375,470.9043002358288,468.7493378931313,469.8365357098172,49945300
2024-01-24,471.1761474609375,474.45714470411593,470.6810725123754,473.5252650573401,81765000
2024-01-25,473.7388305664063,474.0106300348732,471.1761540957068,473.30199623812143,72525000
2024-01-26,473.136962890625,474.7968799164263,472.2924442217773,473.3116847619897,76641600
2024-01-29,476.8839721679688,477.0296033689382,472.90405748370506,473.4476564539632,61322800
2024-01-30,476.5151062011719,477.2237103899132,475.7579187820987,476.19475312019154,58618400
2024-01-31,468.7396240234375,474.7580490082776,468.7201907326481,474.31152767890586,126011100
2024-02-01,474.8746337890625,474.9037541058598,469.63273977415656,470.4384512454217,91891600
2024-02-02,479.873779296875,481.5239798187347,474.971642466127,475.311399216602,99228200
2024-02-05,478.1264343261719,479.9028622372628,475.8743943997294,479.2427820799248,75757100
2024-02-06,479.5146179199219,479.8446580236344,477.6411122849623,479.0680669349689,55918600
2024-02-07,483.5140075683594,483.9314086511629,480.8542235925247,481.7570126626762,70556500
2024-02-08,483.7275390625,484.10610316011065,482.6985817601752,483.51398020972,52343600
2024-02-09,486.5231628417969,486.95996752942966,483.89249957484776,484.2322563033971,63979400
2024-02-12,486.3095703125,488.7557652655047,485.5912199471907,486.4940088202494,56502300
2024-02-13,479.6116333007813,482.5334996770295,476.35003982173856,480.0484676099725,113099200
2024-02-14,483.9701843261719,484.4555426281319,479.9222830533005,482.2423099561509,68387800
2024-02-15,487.3094482421875,487.4938867654942,484.19342663721847,484.6690979139186,61683000
2024-02-16,484.8826599121094,488.1442534791648,484.1449058140717,487.0085316428908,75532900
2024-02-20,482.2131652832031,483.814841673976,479.9708124113375,483.1450448811934,71736700
2024-02-21,482.6500244140625,482.8053426352379,479.1069145137689,480.9124629140013,59293400
2024-02-22,492.6387023925781,493.59970240133447,488.2898811137423,489.25091074642,76402500
2024-02-23,492.97845458984375,495.1916873577398,492.2504171053527,494.35685563775104,61321800
2024-02-26,491.1728820800781,493.8520693709636,491.0466841824756,493.4152350521733,50386700
2024-02-27,492.0853576660156,492.308633148054,489.9692025931845,491.8621118078968,48854500
2024-02-28,491.4350280761719,492.01743437576624,490.1730786379002,490.5322390639573,56506600
2024-02-29,493.20166015625,494.8130532117829,490.55162288856457,493.19197313484807,83924800
2024-03-01,497.8320007324219,498.2591184201671,493.6676477127876,494.0753617325155,76844800
2024-03-04,497.2981262207031,499.1425115484434,497.0069230762816,497.0360730146448,49799300
2024-03-05,492.3280334472656,495.7449748064334,490.1245174506037,495.29842384541166,72855600
2024-03-06,494.8228149414063,497.0748846909984,493.53177482463775,495.5993764159242,68382400
2024-03-07,499.734619140625,500.7830096761973,494.8810360564722,498.1135389799133,58652100
2024-03-08,496.7351379394531,503.0447667007892,496.1624186562773,500.36563844693006,86532500
2024-03-11,496.3079833984375,496.89041928478855,493.6093924281333,495.5314219659159,62557200
2024-03-12,501.64697265625,502.2293789399501,495.9002875004815,498.4144696621104,73114400
2024-03-13,500.8606872558594,502.1420404607562,499.424045441815,501.9673185575223,55104100
2024-03-14,499.87054443359375,501.9866995940405,496.8321966177629,501.831351753217,110171800
2024-03-15,496.4381103515625,498.2590153922283,494.7730358188075,496.80813351794416,107646300
2024-03-18,499.3885192871094,501.9396941096388,498.9795682095847,500.4985887866016,88893300
2024-03-19,502.1637268066406,502.4460879024091,497.6942674328087,498.6972406704825,60755300
2024-03-20,506.808349609375,506.9446864437559,501.5502289693654,502.22210687375775,69594600
2024-03-21,508.4832153320313,510.34301859328446,508.2007948195373,509.6419595938359,60256100
2024-03-22,507.5191955566406,508.8823855528386,507.2854498071945,508.3955192473561,79070800
2024-03-25,506.1170043945313,507.2660017122536,505.9611738991571,506.1461854674636,48512100
2024-03-26,505.1822204589844,507.87947884663447,504.7830162330491,507.5386367689601,65463700
2024-03-27,509.4277038574219,509.4666912006187,505.8443747669276,508.00609219695343,82999800
2024-03-28,509.3304443359375,510.82997151576376,509.04808320751,509.4667811973589,96294900
2024-04-01,508.44427490234375,510.6059925472889,507.2855305336226,510.0704514124196,62477500
2024-04-02,505.2115173339844,505.3477947483364,502.9134629158643,504.62724203503336,74230300
2024-04-03,505.7664489746094,507.2660352902269,504.0721636747669,504.12083842082313,59155800
2024-04-04,499.5930480957031,510.1093494656175,499.2911933332161,509.7685667902679,96858100
2024-04-05,504.8122253417969,506.7694375345306,500.5083435441168,500.94653513579135,74546500
2024-04-08,505.0945739746094,506.5162450455588,504.28641866242464,505.5133313161047,48401800
2024-04-09,505.67877197265625,507.0712023239242,500.83929051491583,506.8277691975085,68049200
2024-04-10,500.6154174804688,502.60181066009386,498.6387711363,499.9922143304957,82652800
2024-04-11,504.3935241699219,505.8346295064768,498.6290433917763,502.1344572387197,70099000
2024-04-12,497.4313354492188,502.2707879594682,495.70780962230026,500.85886371567153,92561100
2024-04-15,491.199462890625,501.7644387082916,490.3522904966187,501.5989207934361,92101400
2024-04-16,490.3036193847656,493.19560665785394,489.0182851042901,491.6765860412786,73484000
2024-04-17,487.40185546875,492.9229325491744,486.00942494137024,492.7573849272521,75910300
2024-04-18,486.3989562988281,490.8878795783521,485.4641812105924,488.794360179131,74548100
2024-04-19,482.1534729003906,487.3142441699,480.8876025986124,486.32104754330464,102212600
2024-04-22,486.5937194824219,489.18385210193054,482.416397763488,484.7533503648902,67961000
2024-04-23,492.367919921875,492.7963646750655,486.4086807205422,488.5995792337359,64633600
2024-04-24,492.1342468261719,494.0427545951939,489.914137461728,493.2540334865075,55928100
2024-04-25,490.2646789550781,491.0241892900092,484.4222826199273,486.0678932982719,69122400
2024-04-26,494.909423828125,496.4868661502573,492.4166703311319,493.0495906841402,64306100
2024-04-29,496.6620788574219,497.33395677101214,493.9258924563797,496.6912896486231,46415400
2024-04-30,488.79437255859375,496.1752536684076,488.79437255859375,495.2015209263445,77483600
2024-05-01,487.2071533203125,494.841213980312,486.7397509352648,488.2100967940072,80242800
2024-05-02,491.7641906738281,492.6016161908802,486.4281251448712,490.9073012018536,62550200
2024-05-03,497.85980224609375,499.0866852455328,495.2015012680421,497.73321224009646,72756700
2024-05-06,503.0010681152344,503.039996024656,499.8169434203136,500.2551349869788,47264700
2024-05-07,503.55615234375,504.9485829994704,502.8842743906612,503.9651034446084,52561300
2024-05-08,503.6048278808594,504.14036899052337,501.6086876910597,501.7255308629162,42047200
2024-05-09,506.5065307617188,506.5455181068331,503.1374535973279,503.7898378767789,43643700
2024-05-10,507.1589965820313,508.9117036626552,505.9418306327187,508.1034888313709,52233200
2024-05-13,507.2271423339844,508.94092162392354,506.0878915638067,508.83382527628623,36716400
2024-05-14,509.5543212890625,510.070428158798,506.8863031411852,507.4218442516397,57535900
2024-05-15,515.8640747070312,516.1561825946173,511.3848691803367,512.01781913004,59504900
2024-05-16,514.8026733398438,517.5583531460086,514.6565896819933,515.9614174721102,50244800
2024-05-17,515.5427856445312,515.6109540647997,513.4687302561026,514.9195824580145,59187600
2024-05-20,516.1367797851562,517.5973789121299,515.2701433728218,515.6596602461204,37764200
2024-05-21,517.402587890625,517.5584184029028,515.1727614260365,515.3772666864285,33437000
2024-05-22,515.912841796875,517.4221156794935,513.7413773413039,516.7113097871478,48390000
2024-05-23,512.14453125,519.0677572803991,510.9370526401655,518.9606609347318,57211200
2024-05-24,515.5330810546875,516.3412958961842,513.0403275362747,513.9848197975488,41291100
2024-05-28,515.893310546875,516.5749353115505,513.2642204156563,516.3412489766735,36269600
2024-05-29,512.28076171875,513.4589997088932,511.56995584928654,511.871810616093,45190300
2024-05-30,508.8825378417969,511.4045322089782,507.6361906313772,510.7424009672022,46377600
2024-05-31,513.5174560546875,513.6440460717812,504.7441141188356,509.8367770177735,90785800
2024-06-03,513.9360961914062,515.4064420460951,508.87267437322015,515.1240809646227,46835700
2024-06-04,514.5106811523438,515.2507275789484,511.17078482758455,512.6313840068518,34632700
2024-06-05,520.6256713867188,520.6451650598835,514.84169649016,516.8281493311971,47610400
2024-06-06,520.6159057617188,521.3559521321091,518.6879340097541,520.9275073614583,30808500
2024-06-07,519.9829711914062,522.787325920015,518.5515533208824,519.6421291117942,43224500
2024-06-10,521.5896606445312,521.9110090941606,518.5808597177815,519.1748224338155,35686100
2024-06-11,522.8457641601562,522.9041857425336,518.0744503489441,520.0414093421914,36383400
2024-06-12,527.1398315429688,529.8273428520355,526.107677431855,527.402758345961,63251300
2024-06-13,528.2012939453125,529.0581834417079,525.4164327979901,528.8829186945259,44760900
2024-06-14,528.522705078125,528.551886156822,525.6696157422205,526.6725890295746,40089900
2024-06-17,532.7291259765625,534.1216160104203,527.3833430672393,527.8410283318889,55839500
2024-06-18,534.0825805664062,534.2091705580833,532.3688016931667,532.7874995764366,41376400
2024-06-20,532.6317749023438,535.669816103357,530.8595742964317,535.0076850141029,70328200
2024-06-21,531.9176635742188,533.0313142277637,530.4621308750893,531.810221745453,64338600
2024-06-24,530.1886596679688,534.3013212499749,530.0714395414016,531.7419157804823,45528700
2024-06-25,532.2302856445312,532.5917242597523,529.8955424418219,531.4096852385123,37936200
2024-06-26,532.89453125,533.6076301716555,530.4719028733521,531.1166134619692,38550600
2024-06-27,533.7346801757812,534.3110621107577,532.0153722749866,532.7578061070262,35041500
2024-06-28,531.6343994140625,537.5543137581463,530.3938098387125,534.5064116818106,76144500
2024-07-01,532.7285766601562,533.2560672380866,529.973784394742,533.0118486999152,40297800
2024-07-02,536.3135375976562,536.3135375976562,531.0775079183517,531.1263396875488,40434800
2024-07-03,538.7069702148438,539.068408833479,535.9619565950238,536.0010100914286,32789900
2024-07-05,541.8134765625,542.213968717536,538.3748605783948,539.0098526062544,41488400
2024-07-08,542.4386596679688,543.3861988920726,541.3738407022457,542.5949332840256,36110500
2024-07-09,542.9661254882812,544.2946598471173,542.6730752067231,543.3959524424528,27289700
2024-07-10,548.3390502929688,548.6809324242213,543.8942844683293,544.1873348127845,38701200
2024-07-11,543.6107788085938,549.3255270030801,542.9758465360856,548.4560949063842,53054200
2024-07-12,547.0397338867188,550.6346235261244,544.2654447499774,544.7343252522627,53084400
2024-07-15,548.5440673828125,551.7775178290722,546.6879829958002,549.0325043663784,40584300
2024-07-16,551.797119140625,552.090169461466,549.1009369415549,549.8531491181022,36475300
2024-07-17,544.0602416992188,547.5476892504238,543.7378565645935,545.8772131422685,57119000
2024-07-18,539.8792114257812,546.5806130354061,537.7008012722223,545.5939606590898,56270400
2024-07-19,536.2940063476562,541.2663208584747,535.2389658144236,539.6446767543289,65509100
2024-07-22,541.8231811523438,542.4288382548532,538.2771238069361,540.2113152231016,43346700
2024-07-23,540.9732666015625,543.8647752379528,540.4848296428585,541.7156406949248,34439600
2024-07-24,528.7135620117188,536.4699449259502,527.7952979520205,536.1671163330532,74515300
2024-07-25,525.9586791992188,534.7994361794972,525.0209183627663,528.8306910081631,61158300
2024-07-26,531.8493041992188,534.5357078065754,528.9675138593225,529.7392825093052,53763800
2024-07-29,532.1619262695312,534.3989464184045,530.1690650137424,533.3927971337158,39515800
2024-07-30,529.4656982421875,534.6822315404584,526.0661958644091,533.6271909452782,46853600
2024-07-31,538.0719604492188,540.6997538692295,534.9166765387299,536.2842643515584,65663400
2024-08-01,530.452392578125,542.0381046138815,526.9551667505608,539.7913062018092,76428700
2024-08-02,520.576171875,524.5715530952934,516.3755660291246,523.3602388903765,82789100
2024-08-05,505.4150695800781,511.4717002411795,498.4694800108966,499.80782241877216,146267400
2024-08-06,510.0747375488281,517.4989554385519,505.8936885816187,507.2124445147762,84826300
2024-08-07,506.6654968261719,519.2965314666948,506.0696179320819,516.2486294067602,70698300
2024-08-08,518.3782348632812,519.0033889369354,509.77197692780607,511.79405372836936,63276600
2024-08-09,520.6641845703125,522.1490524745319,516.3366389006953,517.5577316841202,45619600
2024-08-12,520.9376220703125,523.3406939742863,518.6712672136742,521.8558860240913,42542100
2024-08-13,529.5047607421875,529.739260585726,523.8780165940644,524.122235093717,52333100
2024-08-14,531.1753540039062,532.3573932676823,527.6292958362486,530.2961433616041,42446900
2024-08-15,540.2796630859375,540.562935056648,536.1865589989441,536.7922160560852,60846800
2024-08-16,541.4910278320312,542.1846298407453,538.5115740387317,538.6678476452682,44430700
2024-08-19,546.66845703125,546.66845703125,541.0514314058853,541.9013070349608,39121800
2024-08-20,545.779541015625,547.8700657821756,544.4412283435015,546.2191462607274,33732300
2024-08-21,547.6550903320312,549.1106230342316,541.9012882335657,546.8247712917706,41514600
2024-08-22,543.3568725585938,550.1559376249218,542.1455582382872,549.5502804647684,56121500
2024-08-23,549.1301879882812,550.0680084955276,544.4020915801096,546.5903394303513,50639400
2024-08-26,547.8212280273438,550.8690705771505,546.1214765619129,550.1559715338451,35788600
2024-08-27,548.5733642578125,549.0618012606642,545.4083020191189,546.5512279111676,32693900
2024-08-28,545.3887939453125,548.661357929549,542.204174863817,548.2315309438809,41066000
2024-08-29,545.4376220703125,550.644377643334,544.2946960843145,547.352316743397,38715200
2024-08-30,550.6443481445312,551.1523417216108,544.2556134288437,547.8016709409602,62700100
2024-09-03,539.3126220703125,547.8407131286382,536.8020487007664,547.508549729637,60600100
2024-09-04,538.208740234375,541.608242662233,536.7532075195429,537.4760847370844,47224900
2024-09-05,536.8997192382812,540.9928237930679,534.4477558926965,538.1501466111926,44264300
2024-09-06,527.8636474609375,538.8437022454943,526.9649400293706,537.2221175565589,68493800
2024-09-09,533.773681640625,535.043665505135,530.1299607989381,532.0544335310877,40445800
2024-09-10,536.0986938476562,536.4504138231891,530.8138314182086,535.6786451567546,36394600
2024-09-11,541.5985107421875,542.5167747623394,527.4729497044474,536.0108196239122,75248600
2024-09-12,546.1604614257812,546.4632899534062,539.957276313442,542.1747991721596,51819600
2024-09-13,549.0130615234375,550.0094922558702,546.5122660345418,546.7662628583907,39310500
2024-09-16,549.8238525390625,550.0875680057417,546.9518402590558,548.7492552395013,36656100
2024-09-17,550.0484619140625,553.477299266029,547.8211605278194,552.0314851715059,49321000
2024-09-18,548.4171752929688,555.5385664291312,547.8603498689396,550.7030274298603,59044900
2024-09-19,557.7755126953125,559.6315971955383,554.9426137920285,557.8048475354702,75315500
2024-09-20,556.8114013671875,557.8500616857909,553.793383536953,556.4096807844697,77503100
2024-09-23,558.2027587890625,558.8495067502496,556.6643550711399,557.8794446150124,44116900
2024-09-24,559.7999267578125,559.8587165873663,556.1743944512203,558.9964258828836,46805700
2024-09-25,558.5652465820312,560.3780425284191,557.4579883539482,559.6431398003925,38428600
2024-09-26,560.7799072265625,563.1414287581459,558.4282537761399,562.8180547288375,48336000
2024-09-27,559.9664306640625,562.6610738881527,558.9375788488986,561.847824630314,42100900
2024-09-30,562.21044921875,562.8179640810873,556.6447925339722,558.9376557740085,63557400
2024-10-01,557.1738891601562,562.5043864049716,554.6066335561335,561.8576982708267,72668800
2024-10-02,557.4090576171875,558.4281611024765,553.8913563966638,556.282242548741,38097800
2024-10-03,556.3899536132812,558.3300776437013,554.1068390984451,555.9391917508498,40846500
2024-10-04,561.4461059570312,561.8184614824812,556.6643337627131,560.8287828388663,42939100
2024-10-07,556.370361328125,560.446655391967,555.2239297880301,559.7999074826037,49964700
2024-10-08,561.63232421875,562.2300906410503,558.0656412646009,558.9376805045769,37398700
2024-10-09,565.5224609375,566.0809942856702,561.0248291372598,561.6225357741174,37912200
2024-10-10,564.5327758789062,565.953600014702,562.9257739624676,564.1800368650188,44138100
2024-10-11,567.9132690429688,568.6481717987969,564.3171018304082,564.4542980317323,42268000
2024-10-14,572.557861328125,573.4887501402064,569.0401003876937,569.5202272995722,36217200
2024-10-15,568.1093139648438,573.1262458468478,566.8942243784207,572.8224884018784,54203600
2024-10-16,570.5785522460938,571.097912292803,567.3058184280349,568.1093193754714,30725400
2024-10-17,570.6275024414062,574.3216329805343,570.4413246734956,574.1158386665669,34393700
2024-10-18,572.8224487304688,573.6063330690159,570.8528997080355,572.3128969974695,37416800
2024-10-21,571.8817138671875,573.0771269383695,568.9126781204517,572.0972566282711,36439000
2024-10-22,571.5780029296875,572.7342428128154,568.697181591541,569.3536780068462,34183800
2024-10-23,566.355224609375,570.0003732214365,562.8570804647936,569.5594196255329,49314600
2024-10-24,567.580078125,568.3835789691921,564.9638411001258,568.3051725972728,34979900
2024-10-25,567.3840942382812,572.6950344865168,566.443456997856,569.8044050522926,47268200
2024-10-28,569.1381225585938,570.9802836348513,568.8343651367928,570.8528957024953,30174700
2024-10-29,570.0592651367188,571.1762720247682,566.7864714367279,568.1778707648036,42899700
2024-10-30,568.3346557617188,571.5780244818477,567.6291179550885,569.5888588084969,41435800
2024-10-31,557.1935424804688,564.0428273008541,556.9975564307639,563.9742291931302,60182500
2024-11-01,559.545166015625,563.9643910438907,559.1336371976272,559.8195584319851,45667500
2024-11-04,558.3399047851562,560.9757583388703,556.4585705161212,559.6823223393656,38217000
2024-11-05,565.0912475585938,565.1304208425688,559.0356559214524,559.251198693126,39478300
2024-11-06,579.1425170898438,580.0146160051545,573.6062858121453,577.3395892403747,68182000
2024-11-07,583.62060546875,584.639708979933,581.063158030651,581.1415644099445,47233200
2024-11-08,586.1487426757812,587.5695668763649,584.1693851078007,584.1693851078007,46444900
2024-11-11,586.707275390625,588.0888664930864,584.9826937261699,587.7361274635068,37586800
2024-11-12,584.8846435546875,587.2264882691159,582.4055428293386,586.6287817012992,43006100
2024-11-13,585.1689453125,587.1678598720895,582.9838529405058,585.3453148495322,47388600
2024-11-14,581.4060668945312,585.7763103260314,580.7202054727688,585.296183408181,38904100
2024-11-15,573.9591064453125,578.3195418358689,572.1071369723535,577.8491633593196,75988800
2024-11-18,576.310791015625,577.6237838402152,573.5573576252949,574.4195885423085,37001700
2024-11-19,578.41748046875,579.142574989824,572.2737337790142,572.9400384688264,49412000
2024-11-20,578.613525390625,578.897666302881,572.8616903884546,578.4959457161364,50032600
2024-11-21,581.7196655273438,583.1404896221547,575.6249001169805,581.455141177832,46750300
2024-11-22,583.5226440429688,584.1497754660484,581.2101642027249,581.7098478799927,38226400
2024-11-25,585.501953125,588.7648782973704,583.2188384863542,587.4518855330788,42441400
2024-11-26,588.55908203125,589.2253866159143,586.0310000728672,586.7462862080961,45621300
2024-11-27,586.7758178710938,588.755115442667,585.2570306878304,588.3730114334577,34000200
2024-11-29,590.4209594726562,591.204843913549,587.3147867247623,587.5891193661275,30177400
2024-12-02,591.4791259765625,592.1552388895445,590.3424429138348,590.8323780737772,31746000
2024-12-03,591.7534790039062,591.9984465923378,590.2151351783115,591.2439870884159,26906600
2024-12-04,595.4280395507812,595.6730071584342,592.7726289600115,593.4389336760423,42787600
2024-12-05,594.4481201171875,596.2314913306755,594.0953811448159,595.4279904670244,28762200
2024-12-06,595.5750122070312,596.8096584526629,594.800936138575,595.212464951605,31241500
2024-12-09,592.5079345703125,595.6239147831491,591.920036343941,595.4573535867661,34742700
2024-12-10,590.6658325195312,593.6054435570935,590.0093361336401,593.184106485161,37234500
2024-12-11,595.2319946289062,596.1824400499527,593.311427437485,593.5858198104879,28677700
2024-12-12,592.1651000976562,594.9380902901107,592.1651000976562,594.3698085144841,31543800
2024-12-13,592.0475463867188,594.9087513561514,590.6757038334936,594.1934650654297,35904700
2024-12-16,594.5755004882812,595.54562235978,593.0273484159295,593.8014244521054,43695200
2024-12-17,592.1258544921875,592.9881452170704,590.7540718346318,592.0278913761272,55773500
2024-12-18,574.4784545898438,594.2031909866316,574.0962907751041,591.822113059209,108248700
2024-12-19,574.3020629882812,581.0631932062172,574.0570953688857,579.456191269411,85919500
2024-12-20,581.1998901367188,585.7224397345614,571.1321976271144,571.9777678628068,125716700
2024-12-23,584.6803588867188,585.2800771480029,577.7686569320756,580.9443313472664,57635800
2024-12-24,591.1791381835938,591.2185033240278,585.4472496940897,586.0273454449668,33160100
2024-12-26,591.2184448242188,592.3392110668057,588.0133066034633,589.4093887705021,41219100
2024-12-27,584.9949340820312,587.7183292627742,580.8164691334702,587.4823184826345,64969300
2024-12-30,578.3192138671875,581.7799853973963,574.5733451400716,577.9948115421023,56578800
2024-12-31,576.2152709960938,580.6985158642835,574.583178079053,579.9807622286955,57052700
2025-01-02,574.799560546875,581.1803135593343,570.7292291618253,579.4696102256324,50204000
2025-01-03,581.9864501953125,582.6254735449975,576.5593423217554,577.6408633877121,37888500
2025-01-06,585.3390502929688,589.6060270134918,583.608664526265,586.2337670283534,47679400
2025-01-07,578.722412109375,587.6889029930588,576.9035745975999,587.3644406233403,60393100
2025-01-08,579.5678100585938,580.6394897953063,575.3500401020275,578.7911287868388,47304700
2025-01-10,570.7192993164062,576.0874192959229,568.8119506064235,576.0185903209236,73105000
2025-01-13,571.6041870117188,571.9581131697737,565.6658125456092,566.0787864044993,47910100
2025-01-14,572.3907470703125,575.1534475548353,568.6153544470202,574.5242054496483,48420600
2025-01-15,582.8026123046875,583.943061283102,579.2828525136379,580.3938376431494,56900200
2025-01-16,581.6817016601562,584.34604932179,580.9836305712422,584.1690862304802,43319700
2025-01-17,587.521728515625,589.2717368825727,585.5848557638515,586.9121689712896,58070600
2025-01-21,592.8995971679688,592.9094384516549,588.5933154613438,590.5596519481012,42532900
2025-01-22,596.2326049804688,597.5893820777127,595.1707663809229,595.7213382459036,48196000
2025-01-23,599.4868774414062,599.4868774414062,595.3280946897063,595.6033506126263,41152100
2025-01-24,597.7367553710938,600.4995156835615,596.5864653530726,599.5458113037603,34604700
2025-01-27,589.2815551757812,589.5961762199101,584.6311885086425,584.798310310645,70361100
2025-01-28,594.344970703125,595.1806398263976,587.1973173488781,590.5105900023588,44433300
2025-01-29,591.6804809570312,593.9614384934404,589.1340487911447,593.5583059073574,37177400
2025-01-30,594.8560791015625,596.389819126707,590.6087851839717,593.7943006280343,39281300
2025-01-31,591.6903686523438,599.6933732210748,590.9333098394596,597.2747575383468,66566900
2025-02-03,587.70849609375,590.1860392450765,580.5510025263411,582.6943020815504,65857200
2025-02-04,591.6510620117188,592.1622687341741,587.2268045597665,587.767535135661,33457800
2025-02-05,594.0498657226562,594.1973649569587,588.5048426365228,590.5301667443101,30653100
2025-02-06,596.114501953125,596.2423186094007,592.4866091885893,595.7900396712082,35771500
2025-02-07,590.6580200195312,597.8941240756534,589.9501076619601,596.6750050236558,50788500
2025-02-10,594.6693725585938,595.30845601079,592.5949016719809,593.863227291288,26048700
2025-02-11,595.1216430664062,595.6623736678141,592.2901133629294,592.408088766588,30056700
2025-02-12,593.2044067382812,594.3743794070193,588.4360645213627,589.1144530437037,45076100
2025-02-13,599.4672241210938,599.6737110792319,593.047165943141,594.3055902381474,40921300
2025-02-14,599.4376831054688,600.7059485220444,598.8182823186273,599.6736338799176,26910400
2025-02-18,601.1975708007812,601.1975708007812,598.1399318067746,600.5978525430173,26749000
2025-02-19,602.6133422851562,602.908280775238,599.3000698962699,599.8113366176324,31011100
2025-02-20,600.1063232421875,601.3844301402796,596.8028918726411,601.2467721645895,36554000
2025-02-21,589.8421020507812,600.0277131320789,589.3799816597252,599.8900551425863,76519800
2025-02-24,587.1580200195312,592.8800672914438,586.4501075695626,591.8870576091449,50737200
2025-02-25,584.2379150390625,587.8265033006376,579.6366946428752,587.098968367302,58266500
2025-02-26,584.5328979492188,589.4881049123491,581.8980139327481,585.8995163780398,43321600
2025-02-27,575.20263671875,587.9543615454245,574.8094053796542,586.8040113591791,74196700
2025-02-28,584.1790161132812,584.7099054677275,572.636628236147,575.7041089664033,88744100
2025-03-03,573.9441528320312,587.2857532860544,570.1392964764723,586.1452445030724,74249200
2025-03-04,567.1504516601562,575.5369060706639,562.6180601948478,569.9525173224438,109648200
2025-03-05,573.24609375,575.035467216836,563.434093538414,566.9833166199888,71230500
2025-03-06,563.0703125,570.4047092717689,560.5238803180225,565.7936477589768,80094900
2025-03-07,566.2261962890625,567.6714847046253,556.1094174114145,561.2907328755356,81158800
2025-03-10,551.1444702148438,559.9536192631458,546.2384702857362,558.0364891964213,99326600
2025-03-11,546.5629272460938,554.5266268117218,542.728606721458,549.9843938775969,88102100
2025-03-12,549.4632568359375,553.631880779765,544.3704523001988,552.7077001878538,69588200
2025-03-13,542.1387329101562,549.6993007329935,540.4280293989021,549.0897410912327,74079400
2025-03-14,553.3369140625,554.3397648685512,542.2074423986709,546.7496748611676,62660300
2025-03-17,557.6038818359375,560.1207900872192,552.8846263579363,553.3172227764923,49008700
2025-03-18,551.5770874023438,555.5097605205915,549.6500559715837,555.2934322950165,66041400
2025-03-19,557.584228515625,561.3399385264869,552.1768030039566,553.3566169353411,66556000
2025-03-20,555.9718627929688,560.966374832501,553.1304918485869,553.848245552193,62958200
2025-03-21,556.1552734375,557.0526817242638,550.2878724028328,551.5205297947124,83763000
2025-03-24,566.1151733398438,567.1703352751009,562.2890000340255,562.880651498493,58766800
2025-03-25,567.4760131835938,568.4127846067184,565.73055113845,567.3181993393742,38355700
2025-03-26,560.7012939453125,568.3338979913931,559.3206937528307,567.2097001365158,51848300
2025-03-27,559.2122802734375,562.9792883535321,557.101956447335,559.3108687859911,42164200
2025-03-28,547.95068359375,558.4135249923543,547.3689030262066,557.6838014665011,71662700
2025-03-31,551.62890625,552.9305994826874,539.282592409213,542.201546342058,95328200
2025-04-01,553.1869506835938,555.1296497708261,545.998115405224,549.7158288612504,54609600
2025-04-02,556.687744140625,559.547472787333,547.1124411566806,547.3491017135567,76014500
2025-04-03,529.2537841796875,540.3673821784607,529.2537841796875,537.5470765410741,125986000
2025-04-04,498.2696838378906,518.5740121118964,498.0527349403516,516.404523136506,217965100
2025-04-07,497.3821716308594,515.9114550791749,475.115432610906,482.40291724281104,256611400
2025-04-08,489.5917663574219,517.6963226160137,482.3733180084264,514.6196148198313,165816600
2025-04-09,541.0084838867188,541.0084838867188,486.2094505309847,486.5940541464612,241867300
2025-04-10,517.3018798828125,526.098105010763,502.2535908103832,524.7865408671853,162331200
2025-04-11,526.5320434570312,528.9874872153164,512.8544826104954,515.7536950429114,97866300
2025-04-14,531.64013671875,536.7285795544979,526.4531053782949,536.5017296923237,68034000
2025-04-15,530.151123046875,535.6931457102869,529.3622343758641,532.1825399641931,56892900
2025-04-16,518.3670043945312,530.4273671801482,513.0715122042892,524.3035026067561,83484800
2025-04-17,519.1065673828125,523.8005368290635,516.6412523533407,520.3195433053942,79868100
2025-04-21,506.7503356933594,514.4618467446136,501.40552056556845,513.9293002870572,69368100
2025-04-22,519.9349365234375,521.956482797522,511.9867633247528,512.9235950678715,75948100
2025-04-23,527.9915161132812,537.8626460694973,526.4729038847668,532.9320165359907,90590700
2025-04-24,539.1051635742188,539.8348871004667,528.0211182344198,529.2734571828396,64150400
2025-04-25,543.0003662109375,543.4046513367819,536.1467793425768,539.0657336001437,61119600
2025-04-28,543.2074584960938,545.8700106135369,537.4583875113086,543.7400050325934,47613800
2025-04-29,546.6292724609375,547.7435994540236,540.9393072120234,541.294298062473,47775100
2025-04-30,546.84619140625,548.7987614609631,534.0068741379372,539.9729233205555,93101500
2025-05-01,550.7217407226562,556.2440822591161,550.1202183270924,552.5954041380958,63186100
2025-05-02,558.8966674804688,560.4941864598073,554.5774316657111,556.894803218062,60717300
2025-05-05,555.6917724609375,558.7882219920989,553.9068871278389,554.7648117792631,38659200
2025-05-06,551.047119140625,555.533979770925,549.2326812616892,550.1891944565425,48264700
2025-05-07,553.3646240234375,555.9975635671368,548.325474465382,552.3784980322621,55588000
2025-05-08,557.2202758789062,562.3974366423718,553.9069074354913,557.3977713110521,65130800
2025-05-09,556.5103759765625,559.6265076685456,554.9522800363936,558.6206398834757,37603400
2025-05-12,574.9015502929688,574.9114211824733,569.0340889310521,573.4026196086874,78993600
2025-05-13,578.6981201171875,580.9070323903663,574.7536167184122,575.3156554869938,67947200
2025-05-14,579.437744140625,580.8084133986617,577.4161378946785,579.6546629482465,66283500
2025-05-15,582.2678833007812,582.770756919371,576.9822030720642,577.4358426248243,71268100
2025-05-16,585.9559936523438,586.2518193704545,581.1042713102905,583.0469103495059,76052100
2025-05-19,586.5969848632812,587.27741416191,579.9406348417033,579.9406348417033,68168500
2025-05-20,584.6246948242188,585.8080578995526,581.419785763877,584.8614155899625,60614500
2025-05-21,574.7733154296875,584.3584902721909,573.7477661832594,580.2759146876367,95197700
2025-05-22,575.0001220703125,578.4811148637216,573.3433777523152,574.5760350084579,70860400
2025-05-23,571.0753784179688,573.7379304924723,567.6140667399493,567.9887994120531,76029000
2025-05-27,582.9483642578125,583.1061179228353,570.4048112020747,577.938827709351,72588500
2025-05-28,579.5757446289062,584.545857588394,578.8460211072919,583.3526236048898,68445500
2025-05-29,581.8635864257812,584.9699071457442,577.9388245287198,584.8318350718904,69973300
2025-05-30,581.2127685546875,582.9286180198035,575.1480700909575,580.7591289651484,90601200
2025-06-02,584.4867553710938,584.5656021144322,576.9428674958667,579.605419698203,61630500
2025-06-03,587.8197631835938,588.7960181097066,583.6385391723649,584.121791379625,63606200
2025-06-04,587.6619873046875,589.6539808386906,587.2280895107962,588.6777258495218,57314200
2025-06-05,584.8218994140625,590.6893600195378,582.8496477946317,589.3383724752952,92278700
2025-06-06,590.8274536132812,592.4940086999786,588.5790577947733,590.3540722792903,66588700
2025-06-09,591.3599853515625,592.9082102708385,590.1864930975049,591.3994087206146,53016400
2025-06-10,594.7128295898438,595.0973729509094,590.7781968461302,591.8924637491524,66247000
2025-06-11,593.0166625976562,596.6653405011278,590.9556931519085,595.8074157747775,73658200
2025-06-12,595.3734130859375,595.3734130859375,591.2021204830944,591.6853124635808,64129000
2025-06-13,588.7171630859375,593.499849631983,587.218232455665,590.1963519379123,89506000
2025-06-16,594.318359375,596.0638215052488,591.8924679557008,592.0700235861916,79984100
2025-06-17,589.2398071289062,593.4012293190596,588.4804709653109,591.8826171802143,82209400
2025-06-18,589.1510009765625,592.8785252065284,588.1944276516227,590.1371267775953,76605000
2025-06-20,587.7673950195312,592.8906208578056,586.3629131433069,591.8224395288368,94051400
2025-06-23,593.5730590820312,593.9587392448562,585.4035696790836,588.5190130228361,87426000
2025-06-24,600.13037109375,601.1885919192599,596.7972471416377,597.7072083922786,67735300
2025-06-25,600.4666748046875,601.940336500435,598.903972841808,601.247995602986,62114800
2025-06-26,605.1646118164062,605.5997923429508,601.7029677445283,602.3161684365299,78548400
2025-06-27,608.1712646484375,609.6350865938839,604.1360202356653,606.1635425121184,86258400
2025-06-30,611.0790405273438,612.4340220516922,608.2998373553096,610.6142201701539,92502500
2025-07-01,610.8812866210938,612.0483479268365,608.7746241554748,609.6053849111585,70030100
2025-07-02,613.6505737304688,613.6901136433279,609.8526292762224,610.4757300098587,66510400
2025-07-03,618.4869995117188,619.4167005776212,615.6088560521965,615.628656191773,51065800
2025-07-07,613.8780517578125,617.1913758193931,611.0988485499288,616.5286747873084,74814500
2025-07-08,613.5418090820312,615.2923708557059,612.7307881009865,614.5406899285775,59024600
2025-07-09,617.2210083007812,617.8737488887257,614.1055045789822,615.945166968477,66113300
2025-07-10,618.9617309570312,620.0002120765442,616.1825277796053,617.3594891460615,57529000
2025-07-11,616.7858276367188,618.0122289852302,614.7187654701638,615.9154666088177,63670200
2025-07-14,617.9627685546875,618.3089087938923,614.9857451789246,616.3308265898004,51898500
2025-07-15,615.322021484375,620.9793073894895,615.2428812967698,620.6430672331502,74317300
2025-07-16,617.3792114257812,617.8836320494379,611.276844692317,616.9044910111767,88987500
2025-07-17,621.1573486328125,621.5134493059918,617.3396644874989,617.557284919235,68885700
2025-07-18,620.7025146484375,622.5717567026577,619.5947932954602,622.4036365954075,65621600
2025-07-21,621.8794555664062,624.6190586454088,621.4541750937276,621.8794555664062,63375000
2025-07-22,621.9683837890625,622.8288447335428,619.3276609031153,622.2057439990875,60046300
2025-07-23,627.259765625,627.259765625,622.8288205336723,624.6288825447934,70511000
2025-07-24,627.4674072265625,629.1784892953694,627.0421268182102,627.6454273719465,71307100
2025-07-25,630.1181030273438,630.5928838363332,627.8829206987424,628.1301809903662,56865400
2025-07-28,629.9598999023438,631.0478210681617,628.5752180855901,630.4939604147171,54917100
2025-07-29,628.2982788085938,631.6708825055948,627.3883778702398,631.3543820995848,60556300
2025-07-30,627.5070190429688,630.6917023127537,624.6189756546709,628.9509803708415,80418900
2025-07-31,625.1531982421875,632.8380075585872,623.857556644127,632.4523273568442,103385200
2025-08-01,614.9066162109375,619.476041722763,612.5032535330552,619.4364414435403,140103600
2025-08-04,624.2530517578125,624.3024917393647,618.7243458354196,618.813325728958,73218000
2025-08-05,621.0880737304688,625.6772386500149,620.168272806011,624.8662177521945,68051400
2025-08-06,625.845458984375,626.4981995520814,621.2463937026511,622.1562946160922,64357500
2025-08-07,625.3212280273438,629.9993730574174,622.2156245224251,629.2674923107387,74205800
2025-08-08,630.197265625,630.6621463802445,626.794961476664,627.1114619051468,64051600
2025-08-11,628.9509887695312,631.9478122276477,627.7047873460086,630.474150672182,58742300
2025-08-12,635.6468505859375,635.8050706066525,629.8114837326607,631.2950454377703,64730800
2025-08-13,637.8228149414062,639.1085564704525,635.6370120856271,637.8425547169825,60092800
2025-08-14,637.882080078125,638.5447207235369,635.300697252298,635.7457174616427,59327500
2025-08-15,636.388671875,639.0096552004113,635.4787708739423,638.9107148606824,68592500
2025-08-18,636.2501831054688,636.9425240091701,635.1424618060598,635.8150025688236,43804900
2025-08-19,632.7984008789062,637.0512656505922,631.4829592777961,636.0721245937336,69750700
2025-08-20,631.1170043945312,632.6500060324975,626.013578858981,632.3929060531275,88890300
2025-08-21,628.5850830078125,630.9785456585483,626.864161086776,629.3071240874224,54805800
2025-08-22,638.2381591796875,639.4151205943501,630.2664897119097,630.7709103705197,84083200
2025-08-25,635.42919921875,638.2183023325629,635.3105191174199,636.9820009718095,51274300
2025-08-26,638.0897827148438,638.4359833484747,634.5391586749303,635.1622594491828,51581600
2025-08-27,639.543701171875,640.2755819843173,637.3578984386413,637.5062787617181,48341100
2025-08-28,641.8085327148438,642.3623933153343,638.267809046051,640.146950913372,61519500
2025-08-29,637.9810180664062,640.7404816664739,636.0919759234915,640.374480883152,74522200
2025-09-02,633.2533569335938,633.4709169972102,627.9619508913343,630.5136938017484,81983500
2025-09-03,636.6853637695312,637.1502445176759,633.4413400681225,635.6270824559713,70820900
2025-09-04,642.00634765625,642.0360478647699,636.4578416280056,637.3578424589464,65219200
2025-09-05,640.14697265625,645.0625384730564,636.2798483910566,644.3404973975818,85178900
2025-09-08,641.719482421875,642.7184234803435,640.1369806181674,641.5117620821245,63133100
2025-09-09,643.2030639648438,643.7272243154101,640.1271005117621,641.8579222981767,66133900
2025-09-10,645.0625,647.3768223058731,643.4997982019892,646.4570213518696,78034500
2025-09-11,650.4231567382812,651.1154976382888,646.4274520986086,647.0109525903231,69934400
2025-09-12,650.20556640625,651.8869485652141,649.701206088218,650.3934866540098,72780100
2025-09-15,653.6671142578125,653.7956944276398,652.114372883025,652.4110731340584,63772400
2025-09-16,652.76708984375,654.5276118800496,651.9857691498868,654.2209512044083,61169000
2025-09-17,651.9561767578125,654.4683196962441,647.1296508296768,652.7770978636573,101952200
2025-09-18,655.00244140625,657.6036246179045,653.0342590569163,654.6365009878455,90459200
2025-09-19,658.2465209960938,659.0895125014193,654.9438659954435,656.8877828567474,97945600
2025-09-22,661.3607177734375,661.8069717744121,656.7290467709187,656.7588293222589,69452200
2025-09-23,657.7605590820312,661.856628548307,656.5406245808955,661.2416672722171,81708900
2025-09-24,655.6677856445312,659.1489540239103,654.2495430702726,659.0497999269948,68082200
2025-09-25,652.6429443359375,653.9917550046746,649.0328388399253,652.5338627083877,89622100
2025-09-26,656.3819580078125,656.9274266555326,652.4743298182361,654.0909412604747,69179200
2025-09-29,658.2266845703125,659.8135740530697,656.4216318338509,658.9010899003678,73499000
2025-09-30,660.7061157226562,661.1722852976668,656.173659297658,657.4828203674869,86288000
2025-10-01,662.9574584960938,663.8698820443607,657.6117327913598,657.7208144097488,72545400
2025-10-02,663.7210693359375,665.0600128657511,661.3011766397112,664.9410037342527,56896000
2025-10-03,663.7112426757812,667.1527012490268,662.6698219114437,664.4848020775174,70494400
2025-10-06,666.0914916992188,666.9841207809839,663.9591941673339,666.1014192164715,54623300
2025-10-07,663.6219482421875,667.4601442579947,662.1838505424819,667.0138297258598,72020100
2025-10-08,667.5791625976562,667.6783772359653,663.919480237528,664.7426772273783,60702200
2025-10-09,665.6452026367188,668.4023890582872,663.7112737749407,667.9957845708525,66501900
2025-10-10,647.6542358398438,668.4122493878771,647.4757221413303,666.6071968358344,159422600
2025-10-13,657.5919189453125,659.664772492732,654.3488290056752,655.2216030747315,79560500
2025-10-14,656.78857421875,660.3590300864076,647.8030207789583,651.7701536094826,88779600
2025-10-15,659.7044067382812,664.7228272522149,653.5156893256119,661.3408732132422,81702600
2025-10-16,655.2117309570312,663.2154294168515,651.710706867285,661.3409444600238,110563300
2025-10-17,658.9308471679688,660.2895852935891,652.7322022395391,654.0810128478913,96500900
2025-10-20,665.7840576171875,666.6866142382812,661.7872027532737,661.8367798071084,60493400
2025-10-21,665.7741088867188,667.4601523988813,664.4748753427003,665.9229005771253,56249000
2025-10-22,662.3128051757812,666.4783066993808,657.8497808005621,666.4783066993808,80564000
2025-10-23,666.2402954101562,667.1825015615415,662.3128121266341,662.6301900162397,65604500
2025-10-24,671.6851806640625,672.8951271271609,670.0983517375236,670.9016937183009,74356500
2025-10-27,679.6094970703125,679.9070199177999,676.5151383891614,677.1201116013259,63339800
2025-10-28,681.4144897460938,683.2492642554724,679.2028328185232,681.4045622297778,61738100
2025-10-29,681.7418823242188,684.0328991417463,677.2590027977353,683.0609104229828,85657100
2025-10-30,674.2440185546875,680.3037996369978,674.2440185546875,678.2805836148408,76335800
2025-10-31,676.4556274414062,679.4508319897004,673.6587916341136,679.4111219213156,87164100
2025-11-03,677.7251586914062,680.1649066224819,674.3530715971103,680.0359699637585,57315000
2025-11-04,669.6917114257812,674.3729598389511,669.0371611161902,670.5545580097922,78427000
2025-11-05,672.012451171875,675.2654684624238,668.6304366940664,669.4337786331213,74402400
2025-11-06,664.8021850585938,671.8140994484131,663.2252231578799,670.9115428502156,85035300
2025-11-07,665.4567260742188,665.5658682287408,655.7769731606511,662.4218719882706,100592400
2025-11-10,675.8407592773438,676.57466917413,669.4834554774103,671.6752576501947,75842900
2025-11-11,677.3878784179688,677.9532020666294,673.1529450781785,674.3629519753922,58953400
2025-11-12,677.7647705078125,679.3318048264125,675.3547447293747,679.1631581075335,62312500
2025-11-13,666.5180053710938,675.265541055433,665.0105359672095,674.9085136071693,103457800
2025-11-14,666.4088745117188,670.1082064558575,657.8200586834998,659.9127066954921,96846700
2025-11-17,660.2002563476562,668.1742314199619,656.7290154076413,664.1971714004484,90456100
2025-11-18,654.6561889648438,659.6547538697382,650.4708329116884,656.6595496130724,114467500
2025-11-19,657.185302734375,661.856623370592,653.3371790986623,655.3505280387882,94703000
2025-11-20,647.1683349609375,670.0090710879778,646.5335791707308,667.3808213360044,165293500
2025-11-21,653.6148681640625,659.0894699034471,645.5020288545189,649.6675301260088,123956200
2025-11-24,663.2351684570312,664.5542570793402,656.1538823239337,657.2448196444445,80437900
2025-11-25,669.4734497070312,670.6536740212097,659.020017057554,663.135941149376,81077100
2025-11-26,674.09521484375,676.0986363282427,671.1595147067713,672.0620713400136,71879600
2025-11-28,677.7747192382812,678.0523870500939,674.9084513312986,675.2654787466182,49212000
2025-12-01,674.6802978515625,677.3779187836101,673.1628406770591,673.232272756968,61201200
2025-12-02,675.9300537109375,678.2012155152329,673.7481184984898,676.316803165018,62953800
2025-12-03,678.2706298828125,679.2822075879724,674.105128319461,674.9779023816353,57238500
2025-12-04,678.7665405273438,679.7384687237238,675.7416137771377,679.6690366334618,61970300
2025-12-05,680.0557861328125,682.7336127271673,678.9549213715281,679.8375623637357,79241000
2025-12-08,678.0127563476562,680.9980334759979,675.9696853695019,680.9484564225444,55231500
2025-12-09,677.4276123046875,679.7583392727543,676.9813582671167,677.5367544682442,58310100
2025-12-10,681.92041015625,683.3088703732143,675.711837383319,676.9515664343469,85671300
2025-12-11,683.5072631835938,683.5866227950731,676.5647802535024,679.5104080599091,86173700
2025-12-12,676.1581420898438,683.2196338188487,673.5893968987631,682.5154459360199,113160300
2025-12-15,675.1365356445312,680.1252340287925,673.6687159286942,680.1053789946951,90811000
2025-12-16,673.2918701171875,675.4837328267965,669.4338188610296,673.6488975485244,122030600
2025-12-17,665.8832397460938,674.8489377460819,665.6848710067972,674.3034691132465,110625200
2025-12-18,670.9114990234375,675.1464323222394,669.3544527925658,672.0322187932205,108650100
2025-12-19,676.9923095703125,677.4896664833268,672.8940327515619,673.0134542661981,103599500
2025-12-22,681.2098388671875,681.7370055876305,676.9922622536055,680.3245290528953,69556700
2025-12-23,684.3233032226562,684.562024812114,680.2548972126992,680.3046207584179,64840000
2025-12-24,686.7305297851562,687.1781631452748,684.164151137988,684.313382495532,39445600
2025-12-26,686.660888671875,688.0037280321676,685.6264081645946,686.989161229118,41613300
2025-12-29,684.2138671875,685.5567672531378,682.4433081832867,683.9055083361335,62559500
2025-12-30,683.3782958984375,684.9200900521846,682.9505762759469,683.8159723723246,47160700
2025-12-31,678.3152465820312,683.726492314561,678.1063955310838,683.5076844111845,74144800
2026-01-02,679.55859375,683.2390468658663,676.2263268834449,682.0852055985325,89377200
2026-01-05,684.0845947265625,685.7855773037328,682.7517121374489,682.910839643419,71927200
2026-01-06,688.1529541015625,688.6602678554459,684.1442890432024,684.2934596862484,69273800
2026-01-07,685.9347534179688,690.2916046822218,685.6761181181482,688.5309418430683,75588300
2026-01-08,685.8651123046875,686.9692300361542,683.8557710289468,685.1787573638412,64019200
2026-01-09,690.4010009765625,691.6344363504869,685.5368360184962,686.9791831428475,80125500
2026-01-12,691.4852294921875,692.410366767912,686.979207477028,687.0289310253164,63976000
2026-01-13,690.1026000976562,692.4103433578374,687.6953490317495,691.813478661017,78309700
2026-01-14,686.7105712890625,688.0633674208381,682.4134005947378,687.347202661372,94676700
2026-01-15,688.5806884765625,691.7737417111902,687.5959315038539,690.8983886882239,77862000
2026-01-16,688.0037231445312,690.5800586110835,686.4519720383781,689.9931507530615,79289200
2026-01-20,673.9981689453125,681.1501633341576,672.9934983300664,677.8874730475171,111623300
2026-01-21,681.77685546875,685.0991655259935,674.5452667925615,676.0572511802958,127844500
2026-01-22,685.3379516601562,687.476610793547,683.2888434897402,686.2033478813381,77112200
2026-01-23,685.5865478515625,687.3074439470811,683.5274830754288,684.5123006998919,63059600
2026-01-26,689.068115234375,690.4607389282814,686.2729717064406,686.8399658941375,60473800
2026-01-27,691.8134765625,692.8480177488461,689.9036431059924,690.5104039402848,55506100
2026-01-28,691.7438354492188,694.1510864943795,690.271678492269,693.3652237572153,61172200
2026-01-29,690.3711547851562,693.375209936545,681.2098793986574,692.7087686795362,97486200
2026-01-30,688.3121337890625,690.540343876794,683.4877957603626,688.1330925763239,101835100
2026-02-02,691.73388671875,693.2458711004026,685.7755608588325,685.9347490634862,79286500
2026-02-03,685.885009765625,693.2757257351432,680.4140840721383,692.529690413304,107904600
2026-02-04,682.5626831054688,687.7948875474046,678.1561081391175,686.7006659106327,105204600
2026-02-05,674.0379638671875,680.0758839506523,672.2176206040476,677.3404209861714,113610800
2026-02-06,686.96923828125,688.6503070282812,677.2508650473027,677.8576866055596,89127600
2026-02-09,690.2816162109375,692.1914496038428,684.7012866666231,685.7755337993461,73885200
2026-02-10,688.4613037109375,692.8579216647231,688.0037135108784,691.276360737094,65185700
2026-02-11,688.3021850585938,693.4547952732178,685.5368515439336,692.7087599208829,76353900
2026-02-12,677.668701171875,691.6742279947084,676.7734344520502,690.5701102294341,118829000
2026-02-13,678.1461181640625,682.6522007204912,673.9384983110481,678.0864377658819,96267500
2026-02-17,679.2402954101562,681.31927396984,672.2077222570326,676.5446598627462,81354700
2026-02-18,682.662109375,685.507036973797,679.2204384959671,680.4041503420104,73570300
2026-02-19,680.8616943359375,682.5527199680946,677.9471901363287,680.2251236342836,58649400
2026-02-20,685.7855834960938,686.4122580979458,678.126274472082,678.7131823752115,100034000
2026-02-23,678.7827758789062,686.3525334522094,676.7734345413753,684.1940214696967,90558100
2026-02-24,683.7164916992188,684.7112054782021,676.4053697086953,678.295350173768,73798700
2026-02-25,689.4859008789062,690.0130676270821,686.4519751919497,686.53156929616,56369500
2026-02-26,685.6561889648438,689.6350440416309,680.7323436648176,689.615191050754,71671000
2026-02-27,682.3637084960938,683.2291046432514,678.0367277603054,679.4790749097389,83308900
2026-03-02,682.7516479492188,684.9797970984218,674.4358553343317,675.1122534180175,87477200
2026-03-03,676.7337036132812,679.0016196644848,666.1200629162043,671.4915420947397,105003100
2026-03-04,681.50830078125,683.4579617719511,676.027417786932,678.026802327329,79182200
2026-03-05,677.7084350585938,681.9061587313661,672.0385544367263,678.4743840881955,106606500
2026-03-06,668.8256225585938,672.5358853430707,666.2194774432897,669.8501461298736,100687000
2026-03-09,674.6845092773438,676.3257505242918,658.888450195908,662.8673051642795,102667700
2026-03-10,673.6002807617188,679.7476047325034,671.1930903760745,674.1374043547928,81505300
2026-03-11,672.7548217773438,676.4849986405864,669.7806371390539,673.9982140650914,68441700
2026-03-12,662.5390625,668.0995392824933,662.3500644519811,667.6120785283837,108882200
2026-03-13,658.7890014648438,668.7859240392634,657.863924887251,665.7321452917186,97200200
2026-03-16,665.493408203125,668.5173163233716,663.5934708305671,664.8468199428278,82023100
2026-03-17,667.2440185546875,670.8747480492216,666.1598145596139,668.8355969918504,87128000
2026-03-18,657.9335327148438,666.1796881508768,657.6948111200146,664.8268919718373,82062600
2026-03-19,656.3121337890625,659.4753162945015,651.7066041735543,653.497076818377,111272500
2026-03-20,646.9034423828125,655.0025723674255,643.063298812559,654.8230422006715,163617500
2026-03-23,653.6959228515625,660.9173090129275,652.2596206790361,656.3790129905765,134802700
2026-03-24,651.5015869140625,655.3417305137531,648.2100787416998,649.6463809650626,96457500
2026-03-25,655.1322021484375,659.1917509309695,652.5588148295345,656.9774239230809,90653800
2026-03-26,643.432373046875,653.1672421520028,643.1630473705688,650.3844333840033,96494400
2026-03-27,632.4606323242188,641.0085567819559,631.4831091918358,640.8489947137006,103649400
2026-03-30,630.3460693359375,638.7245091624994,627.6630399662237,638.4651675144013,99275900
2026-03-31,648.6688842773438,649.865752001465,636.3405988140365,637.2981538716512,152534100
2026-04-01,653.5562744140625,656.8278752918841,651.3220400966815,652.219751792706,97841500
2026-04-02,654.144775390625,656.5086804928782,643.4522901873171,644.7589215344626,68358700
2026-04-06,657.23681640625,658.0247645183308,653.8356054757206,654.1746977251443,39105800
2026-04-07,657.5260009765625,657.9150134208243,649.386996170508,654.9626585699763,69980400
2026-04-08,674.27294921875,675.3402070755335,669.734652974974,674.6519776493207,93606100
2026-04-09,678.162841796875,679.4096297331154,672.0386657215836,673.1059235004034,57134400
2026-04-10,677.7140502929688,680.2774536083281,676.7066358948267,679.5692561407437,42253500
2026-04-13,684.3369750976562,684.536473353906,674.8414790590384,675.669302461078,54185800
2026-04-14,692.675537109375,692.7952238870419,685.8929616905456,685.9229138241225,63480500
2026-04-15,698.1414184570312,698.480571570673,692.4161778504387,693.4734516118131,58240400
2026-04-16,699.8569946289062,700.9741726960574,696.7350934539525,699.2585607342904,49972400
2026-04-17,708.3152465820312,710.5594650064761,703.9464965121796,704.3255249385737,70661900
2026-04-20,706.8988037109375,708.0857482546458,704.3254772575062,706.9587079747221,43546800
2026-04-21,702.2708129882812,709.4523240430285,700.8345107773317,708.4548936431559,58941400
2026-04-22,709.3825073242188,709.6218808832724,706.4001392457644,707.3278031045794,42518500
2026-04-23,706.6295776367188,710.5295037064266,700.4754491270062,707.6768673789517,56174000
2026-04-24,712.10546875,712.6340752101273,707.1881441382454,708.9236633096505,45182000
2026-04-27,713.332275390625,713.7911152864904,710.4696550399041,711.3374146094498,33135900
2026-04-28,709.8612060546875,711.0481506026886,707.4274735730012,709.9908768700561,43117400
2026-04-29,709.7515258789062,710.3699278433978,706.5497524472755,709.1729992133655,41859200
2026-04-30,716.8132934570312,717.9403946619685,708.6244289610544,712.7936806635566,67240900
2026-05-01,718.7982177734375,723.0073446973263,718.6186267345964,719.3966516418469,43049800
2026-05-04,716.1649780273438,720.2644021704073,713.152718877996,718.2196821209096,51950600
2026-05-05,721.9102172851562,723.1769124909786,719.6360467603954,719.9153564929043,36933200
2026-05-06,731.9443359375,732.7023927493656,725.9497697512824,726.288861980811,53288900
2026-05-07,729.7001342773438,734.238430329629,727.8748196364371,733.161188473549,51724600
2026-05-08,735.724609375,736.1834492768152,732.6824588199246,733.0415191543954,47227100
2026-05-11,737.4002685546875,738.8864300819614,734.5576163199453,734.5576163199453,44024000
2026-05-12,736.2831420898438,736.9414802248905,729.9494836014034,734.9964788307154,54185300
2026-05-13,740.4025268554688,741.9983910774667,733.5800764180441,736.5723674930287,44200200
2026-05-14,746.2474975585938,747.6040491923611,741.649357949993,741.7391534739264,45307600
2026-05-15,737.2706298828125,741.5496453663399,736.0637780312098,739.8838927249178,60410800
2026-05-18,736.751953125,739.5147938000424,731.5054597381557,737.9289136337939,47843900
2026-05-19,731.8446044921875,735.7545755811656,729.650306265128,732.8919551385734,54255900
2026-05-20,739.3452758789062,739.9636778498481,732.0042028263388,733.8195334397973,45768000
2026-05-21,740.8114624023438,742.9559620700644,735.1361419849363,736.7419902854853,43332200
2026-05-22,743.7239990234375,747.015507083493,742.566945697205,744.3224328967863,41762000
2026-05-26,748.6613159179688,750.1973368284331,746.4469887578754,748.0827892360243,41123600
2026-05-27,748.5316162109375,749.4492351039673,746.2973210478585,748.9505199197505,42106300
2026-05-28,752.6609497070312,753.2095851254732,747.3047533704411,748.3221518516883,41562600
2026-05-29,754.5361328125,756.1320579864754,752.7507543048832,753.9576670103595,55075700
2026-06-01,756.5908203125,758.3264003155792,752.7507376917755,753.4189990020213,43634900
2026-06-02,757.6182250976562,758.4461093852723,754.805464031348,755.0847737682097,31581900
2026-06-03,752.3018798828125,756.8501599793441,751.6336185743088,756.2018667594974,51402500
2026-06-04,755.1445922851562,756.3614281257201,749.5389775481502,750.1673635570705,49923000
2026-06-05,735.65478515625,750.8855669656407,733.6400171295905,750.3768677170906,93989400
2026-06-08,737.3204345703125,743.4247643242134,736.2931129658897,741.4498108327123,49319100
2026-06-09,735.1560668945312,744.9807928982774,720.7332622187009,741.7191759970133,87683500
2026-06-10,723.56591796875,736.4826536495077,723.4661992814284,731.5054857614351,60341300
2026-06-11,735.8642578125,738.0984921563339,722.5485255148498,726.8873842592473,86330500
2026-06-12,739.843994140625,742.5270843334097,733.1412911200548,738.8066884479139,57079500
2026-06-15,752.890380859375,754.7356026867302,749.8282623277308,749.9179969688896,60176400
2026-06-16,748.4019775390625,753.4988323298886,747.9531216783239,752.6111046530555,67093100
2026-06-17,739.0560302734375,750.217278570044,737.3204502885575,749.3594421826946,85945200
2026-06-18,746.739990234375,748.22998046875,743.8599853515625,747.760009765625,80875700
2026-06-22,744.3900146484375,750.1799926757812,743.1300048828125,747.7000122070312,46628100
2026-06-23,733.5800170898438,739.6300048828125,732.2999877929688,733.8099975585938,66846800
2026-06-24,733.239990234375,739.9500122070312,730.8400268554688,735.1699829101562,57439500
2026-06-25,734.2999877929688,739.3699951171875,729.5999755859375,738.9099731445312,53934400
2026-06-26,728.989990234375,736.530029296875,716.5800170898438,728.9500122070312,71034000
2026-06-29,741.0,741.5599975585938,732.0900268554688,736.530029296875,58035200
2026-06-30,746.77001953125,748.02001953125,740.8900146484375,741.2899780273438,55626000
2026-07-01,745.760009765625,749.4400024414062,742.3800048828125,745.0,47100900
2026-07-02,744.780029296875,751.3099975585938,740.030029296875,747.4000244140625,57447800
2026-07-06,751.280029296875,752.4099731445312,747.4099731445312,748.739990234375,50673300
2026-07-07,747.7100219726562,750.9600219726562,745.2100219726562,750.219970703125,43721500
2026-07-08,745.4000244140625,746.1500244140625,739.510009765625,743.1599731445312,43767400
2026-07-09,751.7100219726562,751.969970703125,745.5900268554688,747.3499755859375,41441700
2026-07-10,754.9500122070312,755.4199829101562,748.0999755859375,752.0499877929688,42191300
2026-07-13,749.1699829101562,753.9099731445312,748.0,752.469970703125,44013600
2026-07-14,751.8300170898438,753.3400268554688,748.6599731445312,750.9099731445312,35143100
2026-07-15,754.8099975585938,755.5800170898438,750.2000122070312,754.239990234375,43844800
2026-07-16,750.719970703125,754.5700073242188,747.8800048828125,752.760009765625,46409800
2026-07-17,743.2899780273438,747.2899780273438,740.7999877929688,742.0800170898438,62651000
2026-07-20,742.0900268554688,748.72998046875,741.510009765625,747.0599975585938,50422300
2026-07-21,748.280029296875,749.0399780273438,744.1799926757812,746.2899780273438,34324300
2026-07-22,747.4099731445312,750.02001953125,746.3699951171875,746.6199951171875,32836200
2026-07-23,738.1799926757812,742.5599975585938,735.2100219726562,739.3699951171875,55437300
2026-07-24,738.9299926757812,743.719970703125,737.2899780273438,738.510009765625,44782000
2026-07-27,739.0900268554688,745.530029296875,735.8699951171875,744.9099731445312,41461200
2026-07-28,740.8599853515625,742.7899780273438,735.97998046875,739.1900024414062,47322200
2026-07-29,729.4600219726562,742.6799926757812,729.0999755859375,739.969970703125,70697200
2026-07-30,741.6900024414062,742.4500122070312,734.5900268554688,736.0499877929688,66811300
2026-07-31,747.030029296875,748.9000244140625,737.6799926757812,744.6799926757812,62445900
