Date,Close,High,Low,Open,Volume
2015-01-02,169.6878662109375,170.88559529706598,168.65534982907482,170.47258874432092,121465900
2015-01-05,166.62330627441406,168.81223519552856,166.31768556571836,168.64703515309722,169632600
2015-01-06,165.053955078125,167.44938819178975,164.26097690167924,166.92899586962346,209151400
2015-01-07,167.11068725585938,167.44935560927416,165.9294947211136,166.37553619335011,125346700
2015-01-08,170.0760498046875,170.29082122362388,168.49837475641723,168.5148859394458,147217800
2015-01-09,168.71319580078125,170.50564292912694,168.1019414964393,170.48911913604712,158567300
2015-01-12,167.39154052734375,169.0022760675028,166.78855452639888,168.84533157044453,144396100
2015-01-13,166.9207305908203,169.729170120032,165.6238839596993,168.60579178755538,214553300
2015-01-14,165.9130096435547,166.11125734633688,164.02144498652336,164.91352813914077,192991100
2015-01-15,164.39312744140625,166.86289849504993,164.2774861138506,166.54902209394717,176613900
2015-01-16,166.54898071289062,166.70592517642703,164.00485953482422,164.18658337639727,211879600
2015-01-20,166.9041748046875,167.44934637710867,165.34301083199585,167.18501618298058,130991100
2015-01-21,167.7467041015625,168.2257931041972,165.9790369696136,166.441602184859,122942700
2015-01-22,170.24130249023438,170.37345500531438,167.12722961914895,168.49841437027467,174356000
2015-01-23,169.30784606933594,170.241244574568,169.17568099525872,169.98517001706017,117516800
2015-01-26,169.70437622070312,169.79523815908667,168.3827629216211,169.09313463881273,92009700
2015-01-27,167.4658660888672,168.60575536241527,166.63985315825929,167.655845533799,134044600
2015-01-28,165.3183135986328,168.7462640058661,165.12833405467558,168.64714643579512,168514300
2015-01-29,166.8463897705078,167.1024518135914,164.1122758358799,165.51650818201227,173585400
2015-01-30,164.748291015625,166.99504739330268,164.48397340858196,165.67343415017112,197729700
2015-02-02,166.78857421875,166.87943616967166,163.43496283666747,165.24393365704213,163107000
2015-02-03,169.2004852294922,169.20875342530874,167.30892116918625,167.68062446617702,124212900
2015-02-04,168.55616760253906,169.6465105332436,168.10185804807884,168.44052631630873,134306700
2015-02-05,170.25778198242188,170.40647086465165,169.14267208350574,169.21701022264207,97953200
2015-02-06,169.7869873046875,171.18295139519486,169.26659504269838,170.62125595934074,125672000
2015-02-09,169.02700805664062,169.86127647070768,168.62225723582003,169.1426493477386,87219000
2015-02-10,170.8277587890625,171.08382082082983,169.06834693936443,170.0595726937605,96164200
2015-02-11,170.9268798828125,171.35641021173268,170.01827306097127,170.66256225237188,91087800
2015-02-12,172.57064819335938,172.6284751578654,170.9599252358515,171.71985574390754,97545900
2015-02-13,173.2809600830078,173.33051883320448,172.43842351780003,172.69449806707414,93670400
2015-02-17,173.55352783203125,173.7269960437022,172.7192595475938,172.96705327290448,76968200
2015-02-18,173.57009887695312,173.64443701478808,172.91754161207228,173.1818717963169,80652900
2015-02-19,173.4462432861328,173.8096911004554,172.8350016020092,172.97542232955007,91462500
2015-02-20,174.4869384765625,174.5612765993815,172.41363840005616,173.0331479647899,140896400
2015-02-23,174.4622039794922,174.4622039794922,173.85920543986055,174.2391769497112,74411100
2015-02-24,174.9578094482422,175.1560571033271,174.090493287688,174.38785846833633,72472300
2015-02-25,174.8091278076172,175.3129962204007,174.47045946703403,174.83390718824936,73061700
2015-02-26,174.6026153564453,174.87520113297848,173.99961684898244,174.7182566612815,72697900
2015-02-27,174.00791931152344,174.7678498363769,173.95836054311377,174.5035195995795,108076000
2015-03-02,175.1065216064453,175.1643359693863,174.0574814403365,174.10704020970294,87491400
2015-03-03,174.38787841796875,175.15607714083993,173.52883035557673,174.67698803921306,110325800
2015-03-04,173.65274047851562,173.86751196341103,172.68630660836746,173.79316120112242,114497200
2015-03-05,173.84268188476562,174.12352324808586,173.338813507535,173.9748343708267,76873000
2015-03-06,171.3976287841797,173.41310171278036,171.06722875822516,172.983571595877,188128000
2015-03-09,172.1080322265625,172.4632116903932,171.43896385686813,171.59590830979997,89818900
2015-03-10,169.31617736816406,170.82778299344065,169.2748741885522,170.74518923817772,157121300
2015-03-11,168.91961669921875,169.74562949481395,168.83701037807722,169.57216126199876,110145700
2015-03-12,171.0673065185547,171.13337647061587,169.497874171987,169.5474329380123,93993500
2015-03-13,170.01820373535156,171.75282292645545,168.98568781066325,170.79465772734986,162410900
2015-03-16,172.28977966308594,172.380641590183,170.0430234693745,170.74513950639326,136099200
2015-03-17,171.7776641845703,172.15762309564545,170.96816239253445,171.55463715174756,94510400
2015-03-18,173.84268188476562,174.51175032254008,170.67078274412282,171.30681621137117,228808500
2015-03-19,173.04969787597656,173.850931375652,172.66147081514595,173.42966934545456,117917300
2015-03-20,174.57720947265625,175.08332706439776,173.813886863184,173.9964219067773,177715100
2015-03-23,174.23703002929688,175.1579976944319,174.23703002929688,174.5855025701291,71784500
2015-03-24,173.25794982910156,174.5688646105728,173.19157231380154,174.11253976573718,77805300
2015-03-25,170.71908569335938,173.69771863356073,170.67761081709924,173.46540362154204,159521700
2015-03-26,170.3125762939453,171.2252389858429,169.3584133966899,170.05537123840853,153067200
2015-03-27,170.7024688720703,170.87669876838024,170.00551130618186,170.19635140623822,118939000
2015-03-30,172.78504943847656,173.08374198713193,171.71474185758936,171.73132674457867,96180400
2015-03-31,171.27503967285156,172.6606504185664,171.21696723081993,171.96369249262716,126768700
2015-04-01,170.66932678222656,171.26671193265366,169.6819815291534,171.24182193973758,137303600
2015-04-02,171.2833251953125,171.73135776912642,170.42042982765565,170.60296489926685,86900900
2015-04-06,172.43653869628906,172.95094860378316,170.26272892181655,170.39547128941044,114368200
2015-04-07,171.9802703857422,173.20822323643148,171.94708794554901,172.4614980599821,81236300
2015-04-08,172.56105041503906,173.00079052443866,171.81432527158861,172.20428539278765,89351900
2015-04-09,173.3243408203125,173.55665582878575,171.90556078000932,172.3950807864195,85548900
2015-04-10,174.27023315429688,174.3117206984161,173.37416803447064,173.57328798988937,72722900
2015-04-13,173.4820098876953,174.75975527148466,173.43222990187343,174.12917502382024,74436600
2015-04-14,173.8139190673828,173.99645414479616,172.66063616566487,173.28291138587718,75099900
2015-04-15,174.59378051757812,175.09989806919253,174.19552802686758,174.27850309836572,99529300
2015-04-16,174.5440216064453,175.05013921914878,174.0627939861519,174.2619265856519,68934900
2015-04-17,172.53614807128906,173.59816327762158,171.7562278847155,173.35755579846713,191113200
2015-04-20,174.11260986328125,174.44448491317723,173.3741771160743,173.45713954843745,92189500
2015-04-21,173.90516662597656,174.95058431814448,173.60647404818283,174.79293925483387,72559800
2015-04-22,174.75978088378906,174.94231596536792,173.32439022771675,174.24535808105674,78264600
2015-04-23,175.199462890625,175.84662790681259,174.24530025173053,174.36145775052785,102585900
2015-04-24,175.60609436035156,175.87160458002228,175.15806168993734,175.61439946735632,61327400
2015-04-27,174.87591552734375,176.2946957863419,174.685075365081,176.17024581984043,79358100
2015-04-28,175.43179321289062,175.4815731938354,173.68112547509182,174.85100566816996,86863500
2015-04-29,174.7100067138672,175.3073793114101,173.90519637105058,174.54405651764822,125684900
2015-04-30,172.9592742919922,174.52740684652383,172.26231664314207,174.13744681855195,161304900
2015-05-01,174.83441162109375,174.87589915945125,173.63964141362536,173.73920137750798,103399700
2015-05-04,175.33224487304688,175.91303245626554,175.14970982400388,175.25756223646033,70927200
2015-05-05,173.3243408203125,175.44838364955402,173.1832933266122,175.09160603354397,113326200
2015-05-06,172.61077880859375,174.17891126928984,171.54876384368936,173.8719263269991,135060200
2015-05-07,173.29940795898438,173.72256299562105,172.17932072955776,172.51119561378445,88244900
2015-05-08,175.58111572265625,175.78024828688288,174.8841707381896,174.96714580500512,155877300
2015-05-11,174.74313354492188,175.8051486295798,174.66846357652057,175.53965118852454,75708100
2015-05-12,174.220458984375,174.75977175549593,173.09206611183717,173.91347393603724,119727600
2015-05-13,174.25363159179688,175.24926925428832,174.02131655922287,174.62699413270371,94667900
2015-05-14,176.07066345214844,176.1619309693813,174.99205079218353,175.26585334388207,95934000
2015-05-15,176.2615203857422,176.40256790681514,175.7802927290234,176.2615203857422,76510100
2015-05-18,176.80909729003906,177.05799719315343,176.02917716636372,176.09555469393385,74549700
2015-05-19,176.75108337402344,177.1991287004709,176.46898826343,176.92532603658057,72114600
2015-05-20,176.62652587890625,177.37325075490276,176.31123585293534,176.85053574557546,76857500
2015-05-21,177.1409912109375,177.34841625919387,176.319583462163,176.48553362894427,64764600
2015-05-22,176.71780395507812,177.1741288176016,176.65142643720523,176.7592788260588,57433500
2015-05-26,174.81781005859375,176.65145286603982,174.4029600049852,176.22829770881899,124308600
2015-05-27,176.47720336914062,176.7095183772556,174.8675831984737,175.27414079278412,93214000
2015-05-28,176.2781219482422,176.38597437256442,175.5894692165826,176.17025686369877,74974600
2015-05-29,175.1829071044922,176.25321483710226,174.91740961261766,176.2117399535306,124919600
2015-06-01,175.53965759277344,176.17851755936138,174.75143236349666,175.84664258087983,93338800
2015-06-02,175.36537170410156,176.05402414163785,174.46100184983246,175.08327677601656,91531000
2015-06-03,175.83004760742188,176.45232269634687,175.34052757592013,175.8964251361335,87820900
2015-06-04,174.34494018554688,175.7803182592649,174.02964999840245,175.12486054728979,151882800
2015-06-05,174.0461883544922,174.7182433899041,173.3907182052303,174.1955282911533,121704700
2015-06-08,172.975830078125,174.0876375560612,172.90116012623682,173.93828499206919,89063300
2015-06-09,172.95098876953125,173.49030144767775,172.32042123131572,172.95098876953125,105034700
2015-06-10,175.0251922607422,175.40685978717306,173.65619248288448,173.71426489286685,134551300
2015-06-11,175.58946228027344,175.97111729320704,175.23268460099652,175.46499965066585,73876400
2015-06-12,174.2453155517578,175.46497572633368,173.97151299621842,174.7680306723529,135382400
2015-06-15,173.49862670898438,173.78072176679095,172.4034162583637,173.1086665631017,124384200
2015-06-16,174.44444274902344,174.52741782155275,173.17500263268036,173.3492325606859,85308200
2015-06-17,174.7265167236328,175.33220682776502,173.7059892874054,174.7265167236328,126708600
2015-06-18,176.5435791015625,177.00820911307417,174.75972902303343,175.32391899123522,165867900
2015-06-19,175.75990295410156,176.37687224004762,175.3847242582681,176.30183904524156,130478700
2015-06-22,176.66029357910156,177.24390614570285,176.45185961090112,176.67697185866155,70696000
2015-06-23,176.78536987304688,177.11887189486686,176.39352567033555,176.8687485589522,68476800
2015-06-24,175.5013885498047,176.89372583021103,175.47637749317096,176.51854725890612,92307300
2015-06-25,174.9678955078125,176.12678842335905,174.8928622961555,176.0017330705974,97107400
2015-06-26,174.93450927734375,175.56814411418458,174.38424041488037,175.32635352834328,104174800
2015-06-29,171.26605224609375,174.9428311592116,171.19101905728778,173.45878205663925,202621300
2015-06-30,171.62460327148438,172.85019651331748,171.14936752710608,172.80016165458957,182925100
2015-07-01,173.00018310546875,173.44206207348822,172.21646939711758,173.1919387824699,135979900
2015-07-02,172.84181213378906,173.6422043099479,172.4249441241193,173.47545965044043,104373700
2015-07-06,172.3498992919922,173.1252676311306,171.35775146051736,171.55785267148914,117975400
2015-07-07,173.43373107910156,173.55878636499753,170.17382092755489,172.5499731339721,173820200
2015-07-08,170.52406311035156,172.38329126489245,170.2906179932704,172.09982401155173,164020100
2015-07-09,170.83242797851562,172.87509047910896,170.7240509958635,172.61662174374763,144113100
2015-07-10,172.98353576660156,173.4004037522597,170.87418477691543,172.82512389656327,129456900
2015-07-13,174.89279174804688,175.0011687694546,174.20078939102447,174.24247873239707,106069400
2015-07-14,175.65145874023438,175.959949648478,174.79271185218707,174.85107946681126,81709600
2015-07-15,175.59310913085938,176.15171062773106,175.11787358650312,175.6931533625977,97914100
2015-07-16,177.00216674804688,177.00216674804688,176.40187577162789,176.6436536296121,106683300
2015-07-17,177.15223693847656,177.21060456995625,176.58530251623148,176.99382504937782,89030000
2015-07-20,177.24400329589844,177.73590467723835,176.9271921414085,177.37740416189777,70446800
2015-07-21,176.54360961914062,177.36901289331283,176.2434641305146,177.11054402998832,77965000
2015-07-22,176.22679138183594,176.56029344734014,175.8266016250339,175.85994547068282,88667900
2015-07-23,175.23460388183594,176.4601966622729,174.876103554315,176.3601524260903,90509100
2015-07-24,173.4170684814453,175.3930185080703,173.08357920770112,175.3346636099752,117755000
2015-07-27,172.4082794189453,173.041926985497,171.96640031164114,172.5333474647767,132361100
2015-07-28,174.5259552001953,174.66768879097515,172.4166041766928,173.24199465957545,123544800
2015-07-29,175.72657775878906,175.9516773670981,174.50931734159477,174.65105096520566,105791300
2015-07-30,175.7681884765625,175.9349330931648,174.60095071674886,175.217919792156,91304400
2015-07-31,175.5013885498047,176.29343502740363,175.21792142675645,176.2684239707699,103266900
2015-08-03,174.9095001220703,175.52646944872632,173.95904142640262,175.46811453396106,113965700
2015-08-04,174.567626953125,175.29297311573126,174.08405860412074,174.83441582600307,81820800
2015-08-05,175.1429443359375,176.17676893261617,174.85946440032282,175.4597553953376,85786800
2015-08-06,173.70884704589844,175.43467341761115,173.12522184868564,175.32628370010627,116030800
2015-08-07,173.3753204345703,173.7004768189987,172.4748844342003,173.55041051316837,117858000
2015-08-10,175.559814453125,175.64318042898392,174.4842877735788,174.4842877735788,80270700
2015-08-11,173.97567749023438,174.64266878819345,173.21697472978343,174.22580081719414,126081400
2015-08-12,174.18409729003906,174.36752020008473,171.21599961373644,172.6750373934088,172123700
2015-08-13,173.9673309326172,174.7093553533563,173.42539498015836,174.025685828599,89383300
2015-08-14,174.60101318359375,174.67604637963953,173.63387625077044,173.77560986168024,72786500
2015-08-17,175.576416015625,175.576416015625,173.55044416331853,174.0090013897043,79072600
2015-08-18,175.06785583496094,175.6514684043163,174.83441080721877,175.30130086270307,71692700
2015-08-19,173.68386840820312,175.09287138975742,172.87514356925766,174.32583589007928,172946000
2015-08-20,170.05715942382812,173.65889288945445,169.99879178827263,172.1748435960607,194327900
2015-08-21,164.93798828125,170.0321155609395,164.67953216633668,168.18955347177467,346588500
2015-08-24,157.9929656982422,164.64617515076566,152.07343524562975,156.31716098493249,507244300
2015-08-25,156.13377380371094,162.953729466756,155.8419610598146,162.937051181498,369833100
2015-08-26,162.1282501220703,162.40337170840206,157.05079003103154,160.14395508139316,339257000
2015-08-27,166.13856506347656,166.26362036631141,162.75359916753715,164.2626591901485,274143900
2015-08-28,166.14694213867188,166.61383235613175,165.01306044406743,165.49662894695211,160414400
2015-08-31,164.80453491210938,166.02179463627746,164.25426629480884,165.1713806569764,163298800
2015-09-01,159.8855743408203,162.38678262332616,159.01848167867516,161.01111043486603,256000400
2015-09-02,162.92041015625,162.96209951477195,160.42753408958737,162.26175136829886,160269300
2015-09-03,163.0370635986328,165.1214034229012,162.54516245333764,163.62900898451664,152087800
2015-09-04,160.5692138671875,161.62806215377893,159.75215614582967,160.78599337005926,207081000
2015-09-08,164.6044921875,164.75457128266729,162.72025340947818,163.3622336908571,116025700
2015-09-09,162.40350341796875,166.30539628102588,162.03667009809143,166.1803409130913,149347700
2015-09-10,163.2871856689453,164.42939981290357,161.9532031029294,162.21165920366735,158611100
2015-09-11,164.02920532226562,164.09590572079074,162.18664338818505,162.89532399093918,119691200
2015-09-14,163.42056274414062,164.25429861131062,162.93699441456607,164.20427649476838,79452000
2015-09-15,165.46327209472656,165.90515121022568,163.37893184357856,163.92085522015572,113806200
2015-09-16,166.89723205566406,167.08900045592938,165.4215287987995,165.76336354174293,99581600
2015-09-17,166.5220947265625,169.1567036506817,166.14691605513212,166.7638853009481,276046600
2015-09-18,163.8008575439453,166.5078213622885,163.3902112311698,164.01876403278732,223657500
2015-09-21,164.64732360839844,165.66975777619078,163.5997355626022,164.63055861904252,105726200
2015-09-22,162.51025390625,162.97119523935484,161.37885361480554,162.4851128142571,153890900
2015-09-23,162.25042724609375,163.14715588396928,161.67215665007348,162.67783852718148,92790600
2015-09-24,161.6637420654297,162.1246832489856,159.70266079859564,161.0351893936544,159378800
2015-09-25,161.62191772460938,163.42376437043987,160.75031715338602,163.12205844777677,155054800
2015-09-28,157.565673828125,160.83415735794168,157.2555917492138,160.72520407056442,178515900
2015-09-29,157.6577911376953,159.01547380900044,156.6604853688763,157.78350936374622,159045600
2015-09-30,160.5994873046875,160.76709888185067,158.76411048308307,159.5435100714665,163452000
2015-10-01,161.0184783935547,161.32018426471683,159.08253771523917,160.9765723137938,131079000
2015-10-02,163.4237060546875,163.44884714027629,158.49584867228302,159.04060203189462,211003300
2015-10-05,166.33181762695312,166.5581001942391,164.53834765158405,164.64730088545105,126320800
2015-10-06,165.76197814941406,166.75928420829425,165.09990800289916,166.1977784415177,110274500
2015-10-07,167.11964416503906,167.4716322461538,165.50216142426532,166.6922200188745,124307300
2015-10-08,168.62814331054688,168.91308416476795,166.4323902644095,166.73409610650796,153055200
2015-10-09,168.72874450683594,169.20643806817367,168.1001915975367,168.77065059171088,107069200
2015-10-12,168.88796997070312,169.089098705504,168.37674645651603,168.8041578059088,56395600
2015-10-13,167.82363891601562,169.42435684319722,167.65602735233972,168.15886204336746,88038700
2015-10-14,167.0190887451172,168.34324186332964,166.72577169998368,167.76497108768604,99106200
2015-10-15,169.58358764648438,169.5919637486582,167.3124107390394,167.68116384176335,134142200
2015-10-16,170.35458374023438,170.37133594189658,169.22318351896553,169.9858306966226,114580100
2015-10-19,170.4384002685547,170.4384002685547,169.39920099152405,169.7092829967101,76523900
2015-10-20,170.220458984375,170.83224672217682,169.7511416628866,170.00256531023766,78448500
2015-10-21,169.16444396972656,170.79028911776948,168.9968197301105,170.6394426476359,102038000
2015-10-22,172.02232360839844,172.23184120585051,169.16451329798593,170.11152414267062,174911700
2015-10-23,173.907958984375,174.27671195318962,172.89390110807238,173.69006531550164,144442300
2015-10-26,173.4805450439453,173.7906269501931,173.11179208087373,173.73196868130663,69033000
2015-10-27,173.14535522460938,173.48057828002285,172.46650743729634,172.81011938125604,77905800
2015-10-28,175.11483764648438,175.1399787397741,172.8185325397445,173.48060264294352,135906700
2015-10-29,175.01429748535156,175.38305062187098,174.49469776822517,174.61202714912287,90525500
2015-10-30,174.260009765625,175.52550452719265,174.10078709710965,175.20703361427752,131076900
2015-11-02,176.32164001464844,176.51439263594077,174.46112260790636,174.5868408471371,86270800
2015-11-03,176.83285522460938,177.3859847602942,175.74336114194094,175.9696437316192,95246100
2015-11-04,176.2964324951172,177.25183192874763,175.76006812514808,177.12612652482335,96224500
2015-11-05,176.12049865722656,176.8160986601643,175.23214603282946,176.3551573584658,78408700
2015-11-06,176.0283660888672,176.2630376522921,174.70422562205908,175.77695510652651,110471500
2015-11-09,174.3856964111328,175.56737878519792,173.43867273416632,175.4165194582403,131008700
2015-11-10,174.78799438476562,174.82152436849697,173.6398418068349,173.90801773697598,75874600
2015-11-11,174.1007537841797,175.10643573134107,174.03370661597697,175.05615355217398,67846000
2015-11-12,171.6703338623047,173.5308511321067,171.65358166199235,173.06153376457812,121315200
2015-11-13,169.7427978515625,171.5278921550629,169.65899847215078,171.2597162378276,153577100
2015-11-16,172.3240203857422,172.38269144815004,169.44105635054686,169.55839847536257,117645200
2015-11-17,172.1983184814453,173.51408230141928,171.70386003645876,172.63411865075938,121123700
2015-11-18,174.93045043945312,175.07292088872342,172.6341454727028,172.67603876700397,121342500
2015-11-19,174.7796173095703,175.1986525882852,174.48628749929313,174.81313450517308,88220500
2015-11-20,175.41651916503906,176.09535416536397,175.03939003018522,175.53384851339226,94011500
2015-11-23,175.2154083251953,175.97804277333833,174.75446698536746,175.47520813820526,64931200
2015-11-24,175.4500732421875,175.85234352208911,173.82421434316055,174.20971963158328,98874400
2015-11-25,175.4248809814453,175.77686897218496,175.1650684470999,175.57572749693176,51980100
2015-11-27,175.62603759765625,175.82717910489592,175.03939085313215,175.51708434940895,37317800
2015-11-30,174.8969268798828,175.90260887737918,174.78797362760773,175.78527952413694,112822700
2015-12-01,176.5646514892578,176.681993612213,175.2488877171369,175.5254524613775,97858400
2015-12-02,174.76283264160156,176.8328677084274,174.51140894509155,176.51439684031868,108441300
2015-12-03,172.315673828125,175.28243773375337,171.59493269576072,175.0142618268885,166224200
2015-12-04,175.6763153076172,175.9696450663858,172.31565756611263,172.31565756611263,192913900
2015-12-07,174.6119384765625,175.76846670439733,173.64815003410706,175.34943158713938,102027100
2015-12-08,173.43870544433594,174.561716961954,172.4581643919731,173.05320013551412,103372400
2015-12-09,172.08938598632812,174.88853826661926,171.11722117910855,172.8017509958119,162401500
2015-12-10,172.53355407714844,173.8409418923696,171.92176624832106,172.15642494397923,116128900
2015-12-11,169.18966674804688,171.08370136373824,168.87957198536282,170.42163133411054,211173300
2015-12-14,170.0444793701172,170.17019760312135,167.5721742429756,169.34889219017325,182385200
2015-12-15,171.82952880859375,172.73464614189828,170.01929414198472,171.5529641133116,154069600
2015-12-16,174.3437957763672,174.645501651764,171.6368317866301,172.95259575159645,197017000
2015-12-17,171.68710327148438,174.72091403822824,171.6703382828012,174.65386687143496,173092500
2015-12-18,168.6284942626953,171.08178369521318,168.46831115642496,170.94690416829022,251393500
2015-12-21,170.01956176757812,170.19660966654243,168.6875281416203,169.80037124585664,99094300
2015-12-22,171.5623779296875,171.85745350417912,169.918416684498,170.9047934316117,111026200
2015-12-23,173.68687438964844,173.72902987741492,172.4728683806468,172.56560530811353,110987200
2015-12-24,173.40016174316406,173.9481571567803,173.180971296144,173.43389126673273,48539600
2015-12-28,173.0039825439453,173.0461251635995,171.93329500535015,172.7089070220809,65899900
2015-12-29,174.85028076171875,175.17907297379065,174.06624274218123,174.09995941293676,92640700
2015-12-30,173.61097717285156,174.6901035548786,173.46765881575018,174.60579258526704,63317700
2015-12-31,171.87428283691406,173.57726411896667,171.87428283691406,172.9365444743356,114877900
2016-01-04,169.47154235839844,169.47996830831684,167.42290449220576,169.02472259585497,222353500
2016-01-05,169.75814819335938,170.21339382314133,168.65374434447867,169.7918648509552,110845800
2016-01-06,167.6168212890625,168.6622051229766,166.58828935540473,167.21214413008352,152112600
2016-01-07,163.59542846679688,166.45339493899422,163.20761607684997,164.67454181615454,213436100
2016-01-08,161.7997589111328,165.11298495531275,161.51312215609832,164.55656335032836,209817200
2016-01-11,161.95986938476562,163.05584733382375,160.02927226678258,162.7186164227053,187941300
2016-01-12,163.26666259765625,164.01698392014976,161.14215222113893,163.40155500404893,172330500
2016-01-13,159.1946258544922,164.27826399602048,158.8152523697894,163.93260716736214,221168900
2016-01-14,161.8081512451172,162.92942017466441,158.20830205788596,159.80168151270632,240795600
2016-01-15,158.3347625732422,159.13566531111854,156.40416490555924,157.4579876827775,324846400
2016-01-19,158.54554748535156,160.27381963470282,156.97745847695202,160.14736603081948,195244400
2016-01-20,156.51368713378906,158.07334932609,152.61033797531212,155.9909953751776,286547800
2016-01-21,157.3905487060547,159.2284095391439,155.66227669927426,156.98588434296087,195772900
2016-01-22,160.61936950683594,160.82169513810132,159.2367552823463,159.9955021276728,168319600
2016-01-25,158.19140625,160.3074772476961,157.99750650746512,160.11357750516123,130371700
2016-01-26,160.34970092773438,160.62791173616895,158.5118398383817,158.8490580439721,141036800
2016-01-27,158.6045379638672,161.4962213181551,157.70245954537472,159.82696974006484,185681700
2016-01-28,159.43072509765625,160.3496553813156,157.78676430027338,160.14732966105083,143798800
2016-01-29,163.3172149658203,163.452107348204,160.07987497288508,160.1979025914594,210529300
2016-02-01,163.25820922851562,164.04226001473677,161.73227600136582,162.31398819603547,136061600
2016-02-02,160.31593322753906,161.84186634784507,159.79322845197512,161.8334403978046,182564900
2016-02-03,161.27699279785156,161.6816570229346,157.73615188427675,161.36972968943766,205054900
2016-02-04,161.52993774414062,162.49944941735478,160.14732296923702,160.77961654673646,139531800
2016-02-05,158.45274353027344,161.58892022049545,157.82045005021325,161.01564697331523,180788300
2016-02-08,156.31985473632812,156.9099929217756,154.1110463004901,156.61493026107567,191526700
2016-02-09,156.32823181152344,157.60125756788545,154.448216157082,154.58310851845235,184513100
2016-02-10,156.19338989257812,158.7815717708362,156.06692344935064,157.1544756864922,148214100
2016-02-11,154.16162109375,155.20701788010714,152.66940449594475,153.72322723314252,219058900
2016-02-12,157.3399658203125,157.35681772325216,155.0890018292547,155.93206008196765,127632400
2016-02-16,159.99551391601562,160.0208046217872,158.18294472749776,159.1440301389423,120250700
2016-02-17,162.60906982421875,162.98001749067555,161.03254224177735,161.15900869027703,136009500
2016-02-18,161.94308471679688,162.93790031655604,161.63115722577803,162.87888005390369,102343000
2016-02-19,161.86715698242188,162.01890126735088,160.56041434022336,161.1674172080311,114793000
2016-02-22,164.21087646484375,164.3541948162909,163.37624420918957,163.44369040940836,103640300
2016-02-23,162.1369171142578,163.8230330766072,162.01887664741122,163.55324834789022,111455300
2016-02-24,162.87884521484375,163.1570559705891,159.60778807514922,160.7121922829566,150812200
2016-02-25,164.8516082763672,164.86004709204892,162.56692757101848,163.32567486757412,110728300
2016-02-26,164.47222900390625,165.81268851853963,164.3120458800102,165.71996446159756,129833700
2016-02-29,163.18231201171875,165.43327543273068,162.98841226463242,164.48905454530703,125918100
2016-03-01,167.01828002929688,167.10259100476583,163.93268356943548,164.4047941583446,141799700
2016-03-02,167.7685546875,167.81913611307817,166.29320307592653,166.70630615822336,102415000
2016-03-03,168.42616271972656,168.44302748531464,167.0182570982276,167.59153048775184,95172200
2016-03-04,168.97412109375,169.7497458306991,167.79384495325377,168.62003825160113,129293600
2016-03-07,169.10902404785156,169.51370120479942,167.9793292621422,168.05520140505269,100219000
2016-03-08,167.2627716064453,168.54422390123773,167.1026013256396,168.03839660932854,123974900
2016-03-09,168.08892822265625,168.43457226724504,167.288012735809,168.07206345871057,94801200
2016-03-10,168.22381591796875,169.5137067095646,166.40282010875242,168.57791165780847,156838700
2016-03-11,170.93846130371094,170.98061678289588,168.20696120355464,169.67387411243973,137964500
2016-03-14,170.7192840576172,171.17452982159008,170.10385517875008,170.43264735941028,73612000
2016-03-15,170.4410400390625,170.74454144381465,169.49681916385336,169.75816509438127,93169100
2016-03-16,171.4274444580078,171.8321216399689,169.91837600042388,169.96053148155067,129303200
2016-03-17,172.51495361328125,173.02078066833934,170.9468653009185,171.34310356927125,134278500
2016-03-18,173.19293212890625,173.531889532325,172.70143484267174,173.01497108735393,138372400
2016-03-21,173.4386749267578,173.66747828660118,172.70143545996896,172.9302388198123,72926700
2016-03-22,173.34544372558594,173.91320443773537,172.5065197008016,172.66751604840624,97471900
2016-03-23,172.2014923095703,173.1505835166322,172.03200065368247,172.96415303947393,81052500
2016-03-24,172.12515258789062,172.1590560787583,170.95574076081914,171.17606172988638,84360900
2016-03-28,172.2268524169922,172.75224015887895,171.7777281349806,172.54038859451902,62408200
2016-03-29,173.8199920654297,173.93015903226305,171.51504568353033,171.8201124967345,92922900
2016-03-30,174.5827178955078,175.30300577426357,174.21832632004393,174.81999071796844,86365300
2016-03-31,174.15899658203125,174.91318788914268,173.9979872697719,174.48948461704867,94584100
2016-04-01,175.34532165527344,175.5317520880499,172.85394489943778,173.16749404386812,114423500
2016-04-04,174.7775421142578,175.4724214579797,174.47247534171535,175.26903929948693,63497000
2016-04-05,173.03196716308594,174.78609221725483,172.77774258019787,173.4387187374672,99662200
2016-04-06,174.92161560058594,174.98094025112778,172.85394205681024,173.03190307804113,91839800
2016-04-07,172.8285369873047,174.1928618424129,172.09976694798488,173.83695269721892,113859000
2016-04-08,173.29458618164062,174.4385898444838,172.76071608159464,174.0064043614394,95040600
2016-04-11,172.8878936767578,174.62507974786493,172.79467843595503,173.93020014726278,83757500
2016-04-12,174.4979248046875,174.7775704690855,172.6166815572068,173.0573365069002,115350600
2016-04-13,176.260498046875,176.34524384309321,175.27750370447308,175.41309180626502,96336400
2016-04-14,176.2689971923828,176.76897678579215,175.92157040221767,176.3198524369293,65212900
2016-04-15,176.0740509033203,176.40453878852895,175.75203242477122,176.26895069962492,75761600
2016-04-18,177.311279296875,177.3451698557611,175.41308473943926,176.07406054605502,82531000
2016-04-19,177.87063598632812,178.12486054643134,177.05713291047573,177.73506076061824,88316100
2016-04-20,178.0400848388672,178.73495134365143,177.4384206222998,177.91296612418077,81100300
2016-04-21,177.08251953125,178.16719870773824,176.8113432719301,178.05703173609004,85695000
2016-04-22,177.08251953125,177.3536828601742,176.1842708004453,176.7266103886894,99251700
2016-04-25,176.77748107910156,176.81985399272102,175.87074986315722,176.4808836141633,66166500
2016-04-26,177.04013061523438,177.54857959028388,176.56558513473195,177.14181523808645,75864200
2016-04-27,177.40447998046875,177.79427956252962,176.30284941612052,176.65875844206843,77329400
2016-04-28,175.79443359375,177.751940069478,175.37921278398585,176.65032222852545,97216200
2016-04-29,174.84536743164062,175.52329515077844,173.74373650434114,175.1758554167909,142424100
2016-05-02,176.235107421875,176.4130555222075,174.91315552639526,175.34532812902663,62188000
2016-05-03,174.70130920410156,175.24364879119557,173.9555874229489,175.00637602999169,106422100
2016-05-04,173.72671508789062,174.43854601924568,173.2267486060506,173.70977627624188,92243800
2016-05-05,173.69287109375,174.54874680549554,173.26916794192456,174.19283770960945,67619200
2016-05-06,174.32843017578125,174.37080307810095,172.76920564141264,172.9217325732904,89315000
2016-05-09,174.47247314453125,174.9046456791933,174.02334886427658,174.20130986701582,74374900
2016-05-10,176.64181518554688,176.65876692961356,175.1080120725116,175.1758061183862,77472200
2016-05-11,174.9894561767578,176.7181598849642,174.9894561767578,176.18430254014646,81727000
2016-05-12,175.040283203125,175.82837796577218,174.03186740714267,175.65888632277918,89586300
2016-05-13,173.5149383544922,175.29449705429184,173.19293269930267,174.74368803932327,96474600
2016-05-16,175.2266387939453,175.7011841586057,173.62504172302076,173.684366358799,77486800
2016-05-17,173.59120178222656,175.24364163397829,173.0658010349655,174.95552656862571,114924900
2016-05-18,173.64205932617188,174.81995377820982,172.55738010114683,173.2437772589709,120062100
2016-05-19,173.0403594970703,173.32847452848824,171.83704413315402,172.92172313528684,115430500
2016-05-20,174.13356018066406,174.650478644596,173.59968996682053,173.65053228615866,104990400
2016-05-23,173.89630126953125,174.4301585955466,173.70987079682823,174.15051288649207,58682600
2016-05-24,176.15036010742188,176.4639092607521,174.684350690245,174.70977184721838,93537800
2016-05-25,177.34523010253906,177.76046393971208,176.15038384221432,176.82831162377144,76621400
2016-05-26,177.39602661132812,177.70957572593335,177.0824904271165,177.48077241103627,55280700
2016-05-27,178.15869140625,178.167160813654,177.50618498513825,177.55702729034823,64211200
2016-05-31,177.8197479248047,178.54004850476804,177.26045662250806,178.42988153996555,109879400
2016-06-01,178.18414306640625,178.36209116510832,177.0147181247832,177.20961797158864,69936200
2016-06-02,178.7264862060547,178.74342502410155,177.31131907541297,177.78586458863467,63044700
2016-06-03,178.1925811767578,178.5400208346773,176.98926588067863,178.16716002426546,101757100
2016-06-06,179.0993194580078,179.45522853801452,178.38748836760095,178.548497626974,64887000
2016-06-07,179.3789520263672,179.9382432647417,179.22642510520694,179.25184625873365,60974800
2016-06-08,179.9636688232422,180.0907875243807,179.38743875534112,179.51454452608584,66170900
2016-06-09,179.71792602539062,179.83656238777846,178.96373495084086,179.23489823755855,73786900
2016-06-10,178.01463317871094,178.68407841192564,177.47228077761466,178.3451210916334,113829200
2016-06-13,176.64181518554688,178.2688334953607,176.55708232599773,177.4129579106792,117751200
2016-06-14,176.29441833496094,176.8876131477305,175.34532732316208,176.26052776899468,125059300
2016-06-15,176.04867553710938,177.413000326839,175.86224509898022,176.29441769806408,109124500
2016-06-16,176.5740509033203,176.74354251177266,174.21826236624872,176.04866312222205,149533100
2016-06-17,175.91644287109375,176.49566953304955,175.26054315288454,176.47011618017717,117055700
2016-06-20,177.04937744140625,178.5485639825912,176.96419092301392,177.87563727878802,82789600
2016-06-21,177.5519561767578,177.96082289803414,176.98975631147866,177.43270284148394,72461700
2016-06-22,177.26234436035156,178.4548777236498,177.1175246684293,177.73083125459377,95560500
2016-06-23,179.5707550048828,179.62186172192614,178.2589682760942,178.7189417271232,102731400
2016-06-24,173.12249755859375,179.6047957109169,172.67955111125858,173.45470414468605,333444400
2016-06-27,170.02194213867188,171.72556876131333,169.2127090948055,171.71704230971076,230775800
2016-06-28,173.0884552001953,173.11400855868138,171.31668202520586,171.62333532467787,159382400
2016-06-29,176.03573608398438,176.26571631196322,174.383216236283,174.48542967094025,137328600
2016-06-30,178.43783569335938,178.48894240865778,175.9505425669414,176.5042289771642,165021900
2016-07-01,178.8125762939453,179.29811592351382,178.27592996602945,178.43777650921896,106055300
2016-07-05,177.52645874023438,178.09717223865232,176.9301918760397,177.98643232185802,109803700
2016-07-06,178.59115600585938,178.71040933220064,176.3764365193641,177.03233631305994,96021500
2016-07-07,178.48043823242188,179.43446496128354,177.71381146782082,178.77005163259213,85593800
2016-07-08,181.13807678222656,181.38510989572447,179.54519021349057,179.77518342317939,133971000
2016-07-11,181.7769775390625,182.34770396496492,181.393664101889,181.5981040006141,73633900
2016-07-12,183.0972900390625,183.39542993187803,181.802530015398,182.7395299662686,101275600
2016-07-13,183.0717010498047,183.52316102982908,182.58617425894235,183.51464757652928,87324100
2016-07-14,184.0938262939453,184.56232605592496,183.70199958220616,184.332332900474,91230900
2016-07-15,183.8468780517578,184.85201157224094,183.40393146762003,184.6560981398424,107155400
2016-07-18,184.34092712402344,184.50277373745146,183.71058057636697,183.96612717664067,58725900
2016-07-19,184.1534881591797,184.1875549664378,183.67647487174233,183.92349496786622,54345700
2016-07-20,184.92013549804688,185.15864216846145,184.15350877137692,184.15350877137692,58159500
2016-07-21,184.22164916992188,185.0308691313322,183.77870265512237,184.80940237275158,67777300
2016-07-22,185.04795837402344,185.0990651013502,184.0768915618901,184.3409516515061,62787500
2016-07-25,184.5453338623047,184.89458041130248,183.96610709603976,184.84347369635424,55873100
2016-07-26,184.63050842285156,184.98826840194747,183.78720868792976,184.44310848175783,70080500
2016-07-27,184.43458557128906,185.07344542926506,183.66794594313563,185.00529881803118,84083900
2016-07-28,184.6475830078125,184.93719642657732,183.77872975387785,184.23870324264314,65035700
2016-07-29,184.94569396972656,185.30345398524094,184.10240714659952,184.38350708685488,79519400
2016-08-01,184.7923583984375,185.3971384940866,184.34089844051198,185.00531169925665,73311400
2016-08-02,183.6083221435547,184.69864190641763,182.77354891834582,184.54530878477047,92295500
2016-08-03,184.14495849609375,184.20459165480156,183.25056509657313,183.548691897201,53993600
2016-08-04,184.34092712402344,184.65609389903167,182.5010071992208,184.25574059138555,46585500
2016-08-05,185.8485565185547,185.8911497686357,184.34085684724045,184.34085684724045,71892200
2016-08-08,185.73793029785156,186.13828366978038,185.47387020097128,186.03605721467292,39906500
2016-08-09,185.8485565185547,186.34260962469725,185.52487641273615,185.80597626610873,51251700
2016-08-10,185.38861083984375,186.0359841455934,185.03936433382066,185.95932408260404,57941100
2016-08-11,186.2489776611328,186.49601080319758,185.65271093524512,185.9167709854497,72504300
2016-08-12,186.0871124267578,186.3000657210769,185.6867591936269,185.94229274869974,61313500
2016-08-15,186.62371826171875,186.9729647321316,186.4448447996487,186.4533582510116,49813500
2016-08-16,185.66123962402344,186.27453326544062,185.66123962402344,186.2063996367809,53213600
2016-08-17,186.0104522705078,186.14674550776292,184.86051219996892,185.69528553228906,75134300
2016-08-18,186.42782592773438,186.46189273466416,185.87415258107467,185.98487945182433,52989300
2016-08-19,186.1552734375,186.3341599500134,185.47383319350868,185.95936001723447,75443000
2016-08-22,186.1468048095703,186.3767980960037,185.55053795367138,185.91681152313694,61368800
2016-08-23,186.52151489257812,187.05816130293945,186.4618817369218,186.76002151993063,53399200
2016-08-24,185.56752014160156,186.4704400993404,185.15012697348288,186.3767401227276,71728900
2016-08-25,185.4397430419922,185.85713621615523,185.03087631886928,185.18419646592582,69224800
2016-08-26,185.09048461914062,186.64930433578445,184.20460460957435,185.627131094704,122506300
2016-08-29,186.00193786621094,186.26599788851843,185.18419144450021,185.21827125245898,70502200
2016-08-30,185.6952667236328,186.19783336276384,185.14159337511722,185.9167334635116,58114500
2016-08-31,185.16714477539062,185.4823114783603,184.3919916975407,185.36305815850932,85269500
2016-09-01,185.1756591796875,185.46527252972356,184.0171927819061,185.15861927743916,97844200
2016-09-02,186.0104522705078,186.43635888870114,185.43973896184536,186.02749217457432,79293900
2016-09-06,186.57266235351562,186.64932242955953,185.57604237202705,186.29156241038206,56702100
2016-09-07,186.55563354492188,186.73452006397048,185.95085335663944,186.41082683790157,76554900
2016-09-08,186.1296844482422,186.49597085702842,185.8230311980916,186.22338441350036,74102900
2016-09-09,181.67478942871094,184.86909018010326,181.64923606251122,184.81798344770388,221589100
2016-09-12,184.2812957763672,184.68164908797755,180.84848903883682,180.9166356660939,168110900
2016-09-13,181.63214111328125,183.26762104268442,181.01032106144442,183.00356100687588,182828800
2016-09-14,181.56399536132812,182.88430854433517,181.01032192860217,181.68324870057552,134185500
2016-09-15,183.3783416748047,183.76165500904514,181.22325535365334,181.40214184170566,134427900
2016-09-16,182.66946411132812,182.94342749776695,181.9845817718176,182.76363739250482,155236400
2016-09-19,182.70370483398438,183.96219630356973,182.3783765984122,183.32010935228303,80250500
2016-09-20,182.7123260498047,183.7139804812361,182.67808714811602,183.55988582869148,69665300
2016-09-21,184.76702880859375,184.9468059187469,182.72946780486996,183.41436346743492,110284400
2016-09-22,185.93128967285156,186.23093553533752,185.52892712117182,185.77719504411826,76678700
2016-09-23,184.91250610351562,185.67444884801776,184.81833281764258,185.5374671479672,73630900
2016-09-26,183.41432189941406,184.2618684960777,183.21740578661957,184.08209142666828,89827300
2016-09-27,184.55294799804688,184.6471082252483,182.8835112062276,183.2516479102736,78494800
2016-09-28,185.468994140625,185.623101833831,183.81669631342595,184.77554217943597,87411000
2016-09-29,183.79103088378906,185.66592756757993,183.2431170045198,185.26355188369342,128070600
2016-09-30,185.17791748046875,185.87992589879707,184.37316624574723,184.62143417016583,117202900
2016-10-03,184.73272705078125,184.95531252922103,184.09919644758304,184.7669790094918,83512100
2016-10-04,183.79103088378906,185.06664880326937,183.20032164251694,184.8440632803247,119948100
2016-10-05,184.604248046875,185.03230593275967,184.3474107026862,184.41590153202253,72816000
2016-10-06,184.73272705078125,184.95531252922103,183.8423720737274,184.38171632211893,62927400
2016-10-07,184.09921264648438,185.17792736477304,183.37152175103935,185.00670674603865,89788300
2016-10-10,185.05804443359375,185.52034134257795,184.91250627588957,185.05804443359375,51855000
2016-10-11,182.72088623046875,184.69852575481207,181.99319525091576,184.63003488674283,130367400
2016-10-12,182.96055603027344,183.48278731258375,182.36126437989276,182.85781322727746,73866100
2016-10-13,182.36123657226562,182.8577853439333,180.8202384585352,181.63354592151325,101357000
2016-10-14,182.45545959472656,183.79956814610816,182.37841228068805,183.33725813528716,93346200
2016-10-17,181.8219451904297,182.686617766202,181.642155057929,182.42978031832754,58275700
2016-10-18,182.96055603027344,183.47421779207957,182.5838629003062,183.41429646501757,76869700
2016-10-19,183.44857788085938,183.7567802347023,182.86642513654303,183.22599237214368,66519200
2016-10-20,183.1061248779297,183.66259514566121,182.44691178997869,183.09755535598893,73639800
2016-10-21,183.1917266845703,183.27734352328338,182.14726395608955,183.10612290915276,89089100
2016-10-24,183.97079467773438,184.33893140659717,183.6197839291966,184.06496797457876,60146600
2016-10-25,183.35435485839844,184.04780670068533,183.19169073474242,183.79096929824388,66542300
2016-10-26,182.98622131347656,183.56837386828238,182.29275644560417,182.53248092126256,75705500
2016-10-27,182.49827575683594,183.73964154554864,182.42122843952794,183.70540264784358,77220200
2016-10-28,181.95892333984375,183.14892428259796,181.24835842102084,182.4725982624079,140623200
2016-10-31,181.96743774414062,182.51535139937488,181.80477363248966,182.2927529041506,61272500
2016-11-01,180.6490478515625,182.34416708158656,179.44193411679908,182.2927891440418,122781800
2016-11-02,179.56179809570312,180.7261165309572,179.12517051792338,180.34085382978796,103330800
2016-11-03,178.7399139404297,179.98984916370236,178.4659635880447,179.77582014393815,88939300
2016-11-04,178.5430450439453,179.6902376740761,178.39750685026877,178.85124741387716,109122100
2016-11-07,182.4811248779297,182.51537683425684,178.54299901440498,178.54299901440498,109794900
2016-11-08,183.30299377441406,183.86803345879056,181.82191678048162,182.08731064527544,106772100
2016-11-09,185.24635314941406,185.8627576109567,181.78763777483698,181.81332020546031,258429000
2016-11-10,185.7086639404297,186.8986645476055,184.25326948797823,186.0339921705313,172113300
2016-11-11,185.28060913085938,185.52032054765516,184.3388894401023,184.9895328480777,100552700
2016-11-14,185.42617797851562,186.00834370377714,184.68136117179486,185.80287114251522,94580000
2016-11-15,186.87303161621094,186.87303161621094,185.6059833757356,185.81144289060984,91652600
2016-11-16,186.52195739746094,186.7531123363409,186.13670787485518,186.25656357218344,65617700
2016-11-17,187.48086547851562,187.54078681133552,186.56481500049895,186.67611427140054,69797200
2016-11-18,187.06137084960938,187.72058391490273,186.88158071787657,187.54936330481615,86265800
2016-11-21,188.47393798828125,188.49962042400998,187.48940978323023,187.63494794012425,72402600
2016-11-22,188.8420867919922,189.02186385363086,188.11438289752599,188.78215239591617,67429000
2016-11-23,188.94483947753906,188.99620435852816,188.13153171418705,188.32843477907736,56620200
2016-11-25,189.6468048095703,189.68104369898273,189.21017732398442,189.28723768592408,37872300
2016-11-28,188.7564697265625,189.61258580686132,188.65373997718095,189.33863545407894,76572500
2016-11-29,189.12457275390625,189.57831315059707,188.49104226452081,188.79068806458108,69886700
2016-11-30,188.6708221435547,189.90363110303045,188.61088776147022,189.74096699542022,113291800
2016-12-01,187.97740173339844,188.97048639352258,187.6178215074796,188.97048639352258,79040500
2016-12-02,188.07156372070312,188.55955612953525,187.71199655470292,188.06300726316525,74840300
2016-12-05,189.20162963867188,189.54407080184095,188.7050808077716,188.90198382342916,67837800
2016-12-06,189.80091857910156,189.8351705352663,188.91056366822536,189.3899865481813,59877400
2016-12-07,192.28366088867188,192.34358221640227,189.5269662940269,189.6468220127813,110738100
2016-12-08,192.75453186035156,193.22539832109896,191.99258906506745,192.2579960253395,99714400
2016-12-09,193.9188232421875,193.93594921927246,192.94285156103166,192.9771035152016,88005800
2016-12-12,193.69625854492188,194.304106695277,193.27675697280102,193.82467072858418,102016100
2016-12-13,194.989013671875,195.48556261678567,194.33837008714514,194.35549606822372,110477500
2016-12-14,193.3795623779297,195.3914279318601,192.94293468555736,194.68941932844947,142501800
2016-12-15,194.1756591796875,195.0317751413727,193.38803406253228,193.6191890299093,124972600
2016-12-16,193.79595947265625,194.69157562905485,193.47733362447477,194.6312879603211,156420200
2016-12-19,194.2178497314453,194.63982380919117,193.83032948958675,193.97672544138717,90341100
2016-12-20,194.9671173095703,195.1135264473923,194.51932242546528,194.75182675903397,89838800
2016-12-21,194.424560546875,195.010144436063,194.424560546875,194.8379146533777,67909000
2016-12-22,194.08871459960938,194.39873347530573,193.6925742594399,194.27817130921775,56219100
2016-12-23,194.37281799316406,194.38142487987872,193.94223713229957,194.13168062201768,36697800
2016-12-27,194.85516357421875,195.2512908050914,194.62264611418124,194.63987303648184,42672500
2016-12-28,193.24478149414062,195.13072870792,193.13283934987078,195.1135149259041,64095000
2016-12-29,193.20169067382812,193.66671234975908,192.7624896651442,193.3136327930532,48696100
2016-12-30,192.4955596923828,193.61507303026372,191.80662739674145,193.52895156569957,108998300
2017-01-03,193.9681396484375,194.4762220905839,192.79695876636885,193.7958967308444,91366500
2017-01-04,195.1221160888672,195.26851207345445,194.28678777541126,194.29539466616654,78744400
2017-01-05,194.9671173095703,195.1221333389085,194.17484966043173,194.85517515869023,78379000
2017-01-06,195.6646728515625,196.12969466640834,194.53653931091543,195.07907571181272,71559900
2017-01-09,195.01876831054688,195.54407769928036,194.9843144691566,195.40628861430002,46939700
2017-01-10,195.01876831054688,195.87131035074572,194.63123486650335,195.03598209095162,63771900
2017-01-11,195.56993103027344,195.56993103027344,194.2695677639523,194.93266630385088,74650000
2017-01-12,195.0790252685547,195.268481958282,193.7270077721798,195.0531914599818,72113200
2017-01-13,195.52688598632812,195.82828488116763,195.21686705944367,195.25130776674516,62717900
2017-01-17,194.83787536621094,195.2942901114259,194.45035514823618,194.88954297656923,61240800
2017-01-18,195.26849365234375,195.31155438264042,194.53650065817047,195.08764384121375,54793300
2017-01-19,194.5451202392578,195.483783712224,194.11453921786523,195.34599463170878,66608800
2017-01-20,195.2598876953125,195.75074323022767,194.59678923838771,195.22543385479455,129168600
2017-01-23,194.7518310546875,195.3202012743101,193.99401723548334,195.2599267517825,75061600
2017-01-24,196.00048828125,196.41384238690753,194.855141175314,194.967083306671,95555300
2017-01-25,197.6969757080078,197.6969757080078,196.7841329083282,196.9477557982735,84437700
2017-01-26,197.49024963378906,197.81749534333207,197.21467153306085,197.55052413064394,59970700
2017-01-27,197.18028259277344,197.7141988777078,196.9994327741686,197.5678029008803,59711100
2017-01-30,195.95745849609375,196.5172086621444,194.97573412744237,196.49137484772928,79737300
2017-01-31,195.94020080566406,196.0004884566942,194.89820208042732,195.4665590486064,75880800
2017-02-01,196.01771545410156,196.8530437527953,195.43213152610113,195.94021401779992,79117700
2017-02-02,196.14686584472656,196.43105087203583,195.32876460020597,196.01768366488298,69657600
2017-02-03,197.49888610839844,197.67973590662965,196.74107249844477,197.05109133806323,80563200
2017-02-06,197.14578247070312,197.4902551061586,196.8099298638137,197.09411486045667,57790100
2017-02-07,197.1544189453125,197.77445660056662,196.96496226507992,197.53333230577763,57931200
2017-02-08,197.41278076171875,197.54194980504766,196.61189327221177,197.15442953477168,51566200
2017-02-09,198.58396911621094,198.88536794214565,197.41278823132038,197.41278823132038,65955200
2017-02-10,199.36761474609375,199.59152528133336,198.60118107303498,198.92842684589928,66015900
2017-02-13,200.4527130126953,200.71106428018317,199.83267522684102,199.85850903956066,55182100
2017-02-14,201.2536163330078,201.26223636534405,199.92743224225052,200.27189188807773,71109000
2017-02-15,202.30413818359375,202.4935948399048,200.98656161761318,201.03822922564584,86785800
2017-02-16,202.13197326660156,202.51088670074023,201.38276642928537,202.33003687434092,84722400
2017-02-17,202.45059204101562,202.45059204101562,201.4516408656272,201.46886778666237,77204100
2017-02-21,203.65621948242188,203.8284492656725,202.81227120600053,202.82089123635168,88946100
2017-02-22,203.4753875732422,203.6992849971404,203.08786724175664,203.251490149344,62115200
2017-02-23,203.61317443847656,204.00930165644274,202.8553475654405,203.9920878749946,74615900
2017-02-24,203.87152099609375,203.91456858901134,202.72617382226116,202.76923455546964,82381600
2017-02-27,204.19012451171875,204.36235428548795,203.53564611528,203.78537731620193,56515400
2017-02-28,203.63900756835938,204.05236170667933,203.2514872424162,203.81123736430177,96961900
2017-03-01,206.4894561767578,206.95449108934181,205.27521440981133,205.29244133183443,149158200
2017-03-02,205.18907165527344,206.30858487370685,205.1374040381639,206.2999648439958,70246000
2017-03-03,205.31825256347656,205.48187545397204,204.72404865179934,205.1029620528857,81974300
2017-03-06,204.70684814453125,205.0599146181717,204.10402416355956,204.52599832218158,55391500
2017-03-07,204.09544372558594,204.75854230642355,203.88876006472563,204.40546264673017,65103700
2017-03-08,203.7164764404297,204.64653295819397,203.57868736958557,204.38818173543348,78168800
2017-03-09,203.97482299804688,204.30206874874492,203.01032580477525,203.83703393035415,90683900
2017-03-10,204.68963623046875,204.97382132054474,203.74235259688214,204.93076058441957,81991700
2017-03-13,204.79293823242188,204.8359989615552,204.30208271311278,204.62931534588895,57256800
2017-03-14,204.00930786132812,204.3021129786375,203.39789009404342,204.25043221184765,59880800
2017-03-15,205.77464294433594,206.196617025459,204.34511097020146,204.5776283732928,96081800
2017-03-16,205.36988830566406,205.98992593114556,205.04265571575678,205.91242451303236,78344000
2017-03-17,205.00927734375,205.82229351135118,205.00927734375,205.6320125701059,89002100
2017-03-20,204.7843780517578,205.2946708714881,204.3951718875136,205.0092494983875,52537000
2017-03-21,202.15499877929688,205.51084696603522,202.02526782257343,205.38976034060923,131809300
2017-03-22,202.63075256347656,202.9161739384226,201.56691885500925,202.1896540008086,97569200
2017-03-23,202.41452026367188,203.54754820347628,202.04261597089257,202.63074737271714,100410300
2017-03-24,202.26747131347656,203.28805685215687,201.48905906185442,202.71722735977934,112504900
2017-03-27,202.05990600585938,202.31938117796201,200.32144478844586,200.59820862722134,87454500
2017-03-28,203.53028869628906,203.95408544436285,201.6447811726046,201.75722350860326,93483900
2017-03-29,203.72052001953125,203.95404898429783,203.01994632268642,203.24483095448198,61950400
2017-03-30,204.36917114257812,204.5681095486267,203.48697420143966,203.65995321749898,56737900
2017-03-31,203.89352416992188,204.55949417887837,203.84161857669875,204.0318994928165,73733100
2017-04-03,203.53890991210938,204.14434319591695,202.3107414799695,203.94541794497783,85546500
2017-04-04,203.66860961914062,203.75510573102278,202.8728955401492,203.2534573165046,56466200
2017-04-05,203.06321716308594,205.32062888253068,202.85563437139967,204.34327805151034,108800600
2017-04-06,203.63400268554688,204.1529397226664,202.76043689726544,203.2015485558876,69135800
2017-04-07,203.4264678955078,204.11839730552617,202.9421212677317,203.3832198328587,74412300
2017-04-10,203.54751586914062,204.34322992033026,203.01992127898242,203.56481773040326,67615300
2017-04-11,203.30532836914062,203.4091131345447,201.81768514357137,203.16693988363363,88045300
2017-04-12,202.41452026367188,203.21889197199712,202.1896488213487,203.02861106024082,81864400
2017-04-13,201.0998992919922,202.81242786863328,201.0998992919922,202.07725025970024,92880400
2017-04-17,202.88156127929688,202.88156127929688,201.4198640325367,201.61878926097052,68405400
2017-04-18,202.2761688232422,202.81242112623795,201.59289684029733,202.1464378130178,83225800
2017-04-19,201.9042205810547,203.21022752414882,201.67933594893105,202.83832324402883,68699900
2017-04-20,203.54751586914062,203.9886275478921,202.19826103462543,202.51827288199158,92572200
2017-04-21,202.89886474609375,203.52159986940245,202.5010142602025,203.46970747536926,110389800
2017-04-24,205.1302947998047,205.3378775376991,202.87288366533352,205.13893913150542,119209900
2017-04-25,206.3239288330078,206.669886959925,205.68389178100873,205.77038791146632,76698300
2017-04-26,206.19418334960938,207.17153418835883,206.15094848210717,206.28932381353593,84702500
2017-04-27,206.3671875,206.66989757723962,205.83093521903572,206.5142203713662,57410300
2017-04-28,205.91737365722656,206.65253780806938,205.78762949122824,206.62659161436042,63532800
2017-05-01,206.4363555908203,206.8601655092565,206.02120320380425,206.4363555908203,66882500
2017-05-02,206.51417541503906,206.6957987823536,206.1076674249198,206.5747121383258,57375700
2017-05-03,206.26336669921875,206.60933800312412,205.58873915342298,206.51419754423213,73137700
2017-05-04,206.5055694580078,206.64395799930222,205.6579627381305,206.56611939387074,61462700
2017-05-05,207.31861877441406,207.33592064420543,206.43640817949168,206.87752007568278,62001300
2017-05-08,207.2839813232422,207.50885278980158,206.86017139275205,207.3618199234985,48385700
2017-05-09,207.09371948242188,207.74240093927168,206.7477481202938,207.54347565445931,51363200
2017-05-10,207.465576171875,207.465576171875,206.84284106061338,207.0504238301856,54293800
2017-05-11,207.0418243408203,207.20615908597674,205.96068859369421,207.0158781386859,62358300
2017-05-12,206.69583129882812,207.08503748747037,206.4277117732625,206.79097176249238,53912700
2017-05-15,207.8374786376953,207.95856527850188,207.10230126300635,207.1196031252513,61918900
2017-05-16,207.64724731445312,208.15754019413583,207.25804110448254,208.1315939933016,51241800
2017-05-17,203.96273803710938,207.64724366280345,203.90218810458956,207.64724366280345,172174100
2017-05-18,204.7843780517578,205.63198464016048,203.625390695013,203.8848658703277,107047700
2017-05-19,206.11634826660156,206.78233152544618,205.21684920841886,205.26874160827177,115011400
2017-05-22,207.16287231445312,207.32720702890853,206.55743904866105,206.62662010978983,61010600
2017-05-23,207.6212921142578,207.78562684405628,207.15423412457204,207.53479598358814,48341700
2017-05-24,208.1056671142578,208.20945192723073,207.51752238000833,207.85484941708714,46927700
2017-05-25,209.1002655029297,209.377042546185,208.40834928970304,208.6159188746887,64071700
2017-05-26,209.05706787109375,209.22138942265474,208.83218318403254,208.91002179226535,46629900
2017-05-30,208.87542724609375,209.12624493362787,208.5813614889964,208.73703870247456,35201900
2017-05-31,208.82354736328125,209.2041092823247,208.13161780115303,209.169505545616,91796000
2017-06-01,210.4840850830078,210.50138694434958,208.9964417464966,209.2818630700956,68962000
2017-06-02,211.18470764160156,211.3403980348541,210.24196054050776,210.53602626420476,88666100
2017-06-05,211.02902221679688,211.2971417307393,210.8300837666508,211.01172035211985,44698800
2017-06-06,210.3544158935547,211.02038598008141,210.27656409337987,210.466845031661,50375400
2017-06-07,210.7436981201172,210.96856967489853,210.02582217538276,210.6918056995878,54144300
2017-06-08,210.84735107421875,211.32305329395197,210.31975646641533,210.83870674202495,65950700
2017-06-09,210.52734375,211.91118918567153,209.26457175746387,211.11547509073324,132256400
2017-06-12,210.4840850830078,210.53597746957973,209.63647864160833,210.28515986866427,86108100
2017-06-13,211.51341247558594,211.56530488286464,210.6744500313574,211.0204082115211,60067000
2017-06-14,211.2452392578125,211.79012259331708,210.423565693046,211.78147826011883,78602300
2017-06-15,210.8387451171875,210.95983177720848,209.61922098575457,209.89598483832128,66464900
2017-06-16,210.88479614257812,211.0499322546097,210.00698339029083,210.99778680066592,84553100
2017-06-19,212.64044189453125,212.70127383885932,211.61486597329232,211.7104703959348,65123800
2017-06-20,211.20635986328125,212.29276764813338,211.18898688722953,212.28408116010755,56906400
2017-06-21,211.15426635742188,211.71050674963394,210.6849439141061,211.5975293302492,55977600
2017-06-22,211.05865478515625,211.6583541315483,210.88483215505542,211.16295897267005,44148100
2017-06-23,211.3107147216797,211.64097374946985,210.73708809083058,211.11950584472999,66986800
2017-06-26,211.4497528076172,212.39711064820162,211.2411709623493,211.97992043403343,56700500
2017-06-27,209.74623107910156,211.5279424723989,209.72884484149196,211.23242948028994,82247700
2017-06-28,211.62353515625,211.82343046133272,210.52842769837758,210.76309547675208,70042600
2017-06-29,209.76364135742188,211.82346647947858,208.55555631046235,211.77132102248703,106949700
2017-06-30,210.1547088623047,210.94561685345673,209.9635000455028,210.57188570723025,86820700
2017-07-03,210.51112365722656,211.52800001408386,210.51112365722656,211.09343678832516,39153800
2017-07-05,210.9977569580078,211.20633874428205,210.0677856214937,210.87607982874368,54427600
2017-07-06,209.06834411621094,210.35464738842117,208.88582174928314,210.23297023107446,65400800
2017-07-07,210.42420959472656,210.571959502796,209.07706091762392,209.64200107863726,57972300
2017-07-10,210.6501007080078,211.02383184860827,210.119933226095,210.42413268328576,36663300
2017-07-11,210.49368286132812,210.80656883325656,209.32905690096658,210.65011921638546,50354600
2017-07-12,212.07550048828125,212.24063660467954,211.45842825120994,211.45842825120994,59610400
2017-07-13,212.43186950683594,212.54486018070784,211.85824290969333,212.08422425743714,39471600
2017-07-14,213.42269897460938,213.77904401869978,212.3362908610297,212.43189530549742,60262700
2017-07-17,213.3966064453125,213.72687872498506,213.2227838156278,213.34446098258874,33531900
2017-07-18,213.50955200195312,213.5616974536571,212.64911226339612,212.98807096128579,42742500
2017-07-19,214.66554260253906,214.6742290926207,213.81378914912898,213.82248890102755,51034300
2017-07-20,214.76113891601562,215.0392524680929,214.21358503979766,214.91757530246852,47135200
2017-07-21,214.5699005126953,214.59597324018205,213.9615015064993,214.1874828271371,82340800
2017-07-24,214.51779174804688,214.65684189782053,214.04845604938308,214.4917057542839,46622300
2017-07-25,215.0392303466797,215.36950258874876,214.81326227999904,215.26519841336034,54915600
2017-07-26,215.04794311523438,215.36082915600542,214.78721579943908,215.32606993450494,47575400
2017-07-27,214.84803771972656,215.54334147361757,213.52696191351524,215.50858225374023,70766600
2017-07-28,214.59596252441406,214.72632615533806,213.91804511998137,214.36998121506053,50088400
2017-07-31,214.47427368164062,215.0913458501037,214.26567862172752,214.99574143870353,65838700
2017-08-01,214.95233154296875,215.10876791760106,214.43085043723022,215.074008699399,55050400
2017-08-02,215.05661010742188,215.19567349587365,214.12663861669216,215.08268283502977,47211200
2017-08-03,214.63941955566406,214.9696785049686,214.3612927964457,214.9436057790186,40856000
2017-08-04,215.03053283691406,215.3607918002414,214.64811515765828,215.12613725672801,60191800
2017-08-07,215.43031311035156,215.43031311035156,214.99574999792543,215.10005416294103,31995000
2017-08-08,214.900146484375,216.33421271848638,214.52642857179112,215.11742804149972,61719400
2017-08-09,214.89146423339844,214.9436096862463,213.85720187920182,214.2135468227478,62632600
2017-08-10,211.8582305908203,214.18749606416483,211.8060851326242,214.05711915685916,120479500
2017-08-11,212.17111206054688,212.76212485168887,211.84953956734344,212.0842073860186,74869900
2017-08-14,214.2744140625,214.491695659703,213.41398742513857,213.4487466454919,73291900
2017-08-15,214.2483673095703,214.67424406597993,213.94418099369304,214.65685782278703,55242700
2017-08-16,214.62203979492188,215.16959358002424,214.19616315519622,214.76978966703544,56715500
2017-08-17,211.2759552001953,214.32659766663252,211.2759552001953,214.01371159986505,128490400
2017-08-18,210.9456787109375,212.23198209604297,210.50241575027266,211.1108015904025,136748000
2017-08-21,211.11080932617188,211.3715499134438,210.18085092114322,210.8848412235054,65469700
2017-08-22,213.31837463378906,213.47481101197403,211.67572635376834,211.6931125941719,63140100
2017-08-23,212.5535430908203,212.97941978670568,212.205897847276,212.35364773887312,50203800
2017-08-24,212.05813598632812,213.0923851691312,211.84954089488582,212.93594879691088,50741700
2017-08-25,212.5535430908203,213.46612843239413,212.40579319922318,212.8490428740146,64445900
2017-08-28,212.56224060058594,213.10978119030355,212.14505039855294,213.08370846040347,40565600
2017-08-29,212.80560302734375,213.0663303362766,211.1368686792757,211.24985935435748,51135700
2017-08-30,213.8137969970703,214.08323734129397,212.6057117405338,212.78823413348303,62030800
2017-08-31,215.10012817382812,215.34348253957418,213.84858385752375,214.43089703711738,103803900
2017-09-01,215.404296875,215.83017361111806,215.25654696944488,215.47382858264075,62007000
2017-09-05,213.85719299316406,215.12612309426453,212.8924623701218,214.9001417922281,91398800
2017-09-06,214.5873260498047,214.91759836128475,214.00501289028102,214.53518058205896,57916900
2017-09-07,214.5612030029297,214.90886147607426,214.15271258561899,214.89147523696337,58034700
2017-09-08,214.3091583251953,214.76979418966545,214.06580402931732,214.27438584760446,63832800
2017-09-11,216.59495544433594,216.67317362286178,215.56069310000328,215.5780660762442,71364800
2017-09-12,217.32505798339844,217.35981720404104,216.7775041101089,216.96002648847752,56896000
2017-09-13,217.42930603027344,217.46407850587528,216.92521122855646,217.03820188154188,59228000
2017-09-14,217.35980224609375,217.55971085193482,216.93393882890064,217.10776144378448,95446300
2017-09-15,217.65243530273438,217.73977127387886,217.11090696769054,217.21571546411664,95432400
2017-09-18,218.11538696289062,218.46475755030053,217.73107132015954,218.01930805220786,46235200
2017-09-19,218.3336639404297,218.42101321790437,218.01049560350478,218.3598660581464,47108100
2017-09-20,218.41232299804688,218.525874420639,217.4166023016523,218.4210659244812,59574100
2017-09-21,217.82708740234375,218.34241353480814,217.65240215902375,218.25507757696303,48211400
2017-09-22,217.87078857421875,218.03674424025084,217.50394552028905,217.53014764359605,51214000
2017-09-25,217.42532348632812,217.96686512666057,216.68290778788798,217.61748127360232,57064400
2017-09-26,217.5563201904297,218.09784843533004,217.32048778509616,217.85328643262474,54082000
2017-09-27,218.40357971191406,218.78789527725007,217.37291402963743,218.25509657578533,81001400
2017-09-28,218.66558837890625,218.7441947367933,218.03671086055107,218.12404681566025,44778800
2017-09-29,219.43423461914062,219.5128543148782,218.47345902225527,218.65687388117044,85578000
2017-10-02,220.3862762451172,220.3862762451172,219.48662123661734,219.66131981077575,59023000
2017-10-03,220.85792541503906,220.8841275353606,220.30765423302748,220.3862739216219,66810200
2017-10-04,221.1199493408203,221.36451133717839,220.59588030426494,220.70943170529875,55953600
2017-10-05,222.43011474609375,222.44757394086622,221.15488716333428,221.45185340602157,63522800
2017-10-06,222.17681884765625,222.46505550467177,221.7226398677804,221.98466107631256,80646000
2017-10-09,221.80995178222656,222.46503138780173,221.54791727447073,222.40389755498163,35803100
2017-10-10,222.3951416015625,222.77072748378887,221.83614090399251,222.377682408996,43057400
2017-10-11,222.74459838867188,222.74459838867188,222.13319325771235,222.29913560726172,47674300
2017-10-12,222.41265869140625,222.77950172323375,222.1768262682205,222.43013121510202,47065100
2017-10-13,222.68341064453125,222.96291769784074,222.41264651640637,222.84936629148,54800400
2017-10-16,222.9804229736328,223.17258078058654,222.56991856164902,222.91055952349745,38221700
2017-10-17,223.13758850097656,223.1812631411833,222.70959835115698,222.92795822456165,31561000
2017-10-18,223.35598754882812,223.55687493585796,223.1638297603191,223.51320028799114,40888300
2017-10-19,223.41708374023438,223.45202878369093,222.1593420560092,222.57858928408425,61903800
2017-10-20,224.570068359375,224.5962971394155,223.39967568822829,224.21198153918792,89176400
2017-10-23,223.6966094970703,224.9194462959128,223.61800312947534,224.89324417338113,63915300
2017-10-24,224.0897216796875,224.32554083897202,223.73160814911358,224.1246667365228,66935900
2017-10-25,222.9804229736328,223.87133523063355,221.85369158525188,223.75778380080655,103715300
2017-10-26,223.2686004638672,223.86253292591013,223.14631946711546,223.59178214127675,69798000
2017-10-27,225.0941162109375,225.2513555999806,223.27737353607554,224.01105961565028,85562500
2017-10-30,224.25559997558594,224.99802890928333,223.95863373315882,224.01103797268954,54285700
2017-10-31,224.60496520996094,224.85827013194742,224.307998974472,224.63116732911413,60304800
2017-11-01,224.90194702148438,225.72298235215794,224.5351173279343,225.38235477957573,54202700
2017-11-02,224.98928833007812,225.1290418553702,223.7664783028467,224.8320756098468,56449500
2017-11-03,225.74044799804688,225.7841093106653,224.7359712552437,225.14648888383707,59589700
2017-11-06,226.08982849121094,226.2208390901341,225.53955732047456,225.60942075481384,49652600
2017-11-07,225.93264770507812,226.52658027431363,225.4260377772938,226.1946689399576,57502200
2017-11-08,226.31692504882812,226.41301726687485,225.47843048486277,225.75793755793842,50469600
2017-11-09,225.4959259033203,225.68808369230456,223.91497561583995,225.11161032535176,95085500
2017-11-10,225.42599487304688,225.60069343322567,224.79711737376437,225.11156945103457,59984700
2017-11-13,225.63563537597656,225.86273819686548,224.70979155194425,224.74473659867962,50228600
2017-11-14,225.11160278320312,225.2164112727262,224.0547216515681,224.83209570763378,61315200
2017-11-15,223.98486328125,224.66614513383567,223.27737930569037,224.14207601909382,80811500
2017-11-16,225.8889617919922,226.25581817943672,224.8845115087638,224.92817282988813,67777000
2017-11-17,225.22509765625,225.86271808991955,225.14649129953867,225.53954973835357,75756800
2017-11-20,225.60939025878906,225.80154799632177,225.22507478372367,225.46966340899763,48075500
2017-11-21,227.08551025390625,227.26895172710366,225.5744770902016,226.37802644373392,69176800
2017-11-22,226.88467407226562,227.22530164809308,226.7187184194679,227.0942910420056,45033400
2017-11-24,227.40872192382812,227.5135570664607,227.23404999662972,227.3738035315452,27856500
2017-11-27,227.29518127441406,227.749360239689,227.09428058415776,227.4523939944793,52274900
2017-11-28,229.60107421875,229.62727634177566,227.6620371490641,227.75812937033317,98971700
2017-11-29,229.46131896972656,230.26489516197006,229.01588288160568,229.73208312406396,77512100
2017-11-30,231.47021484375,232.37857274930585,230.2998090900364,230.37841544790612,127894400
2017-12-01,230.9898223876953,231.7322513570046,227.75811195549682,231.25187025317766,164390900
2017-12-04,230.71031188964844,233.03363739793878,230.65788099918234,232.6056605919785,94040600
2017-12-05,229.8805694580078,231.59250360309943,229.74955884962907,229.8805694580078,77994500
2017-12-06,229.9242401123047,230.35224365740348,229.4613181737277,229.97664435778418,75898600
2017-12-07,230.64923095703125,230.96365645856784,229.6622398184337,230.64923095703125,77218600
2017-12-08,231.906982421875,231.91569869326315,230.61428207474475,231.60127319694897,76563900
2017-12-11,232.60574340820312,232.66689058947009,231.88080012619886,232.60574340820312,83077500
2017-12-12,233.01620483398438,233.48786966002598,232.64063222031234,233.39177744765638,85195800
2017-12-13,232.989990234375,233.69747410791436,232.9026409519702,233.2607543511489,102905400
2017-12-14,232.03794860839844,233.40051214201415,231.98554436904854,233.28696073833632,100666700
2017-12-15,233.97023010253906,234.43551820355714,232.9869817978599,233.03965390050294,144610300
2017-12-18,235.45384216308594,235.80499837293848,235.2607022289418,235.36604641274744,83653600
2017-12-19,234.54962158203125,235.74355815250783,234.479374259354,235.6996736694623,82382900
2017-12-20,234.4268035888672,235.56806855686088,234.12831931710755,235.51539643781595,76751500
2017-12-21,234.90953063964844,235.62065749788633,234.66371860165978,235.04999848871375,67032300
2017-12-22,234.8481903076172,234.96232215444573,234.3126547474633,234.92719848045695,78720900
2017-12-26,234.5672149658203,234.78669100611233,234.3038544340734,234.44429552333253,45244400
2017-12-27,234.68133544921875,235.04127935287949,234.40918731573265,234.73400755302202,57751000
2017-12-28,235.16421508789062,235.20812637677773,234.79551029370862,235.18179032005045,45116100
2017-12-29,234.27752685546875,235.7611872545007,234.0844136307907,235.74363881357894,96007400
2018-01-02,235.95433044433594,235.98945411816476,234.75160583295255,235.13788587052997,86655700
2018-01-03,237.4467010498047,237.595956521271,236.12105740806095,236.12105740806095,90070400
2018-01-04,238.44749450683594,238.93035778564,237.50815758078866,238.08757744045107,80636400
2018-01-05,240.03652954101562,240.1594221725427,238.7460095567062,239.23763366582364,83524000
2018-01-08,240.47549438476562,240.6335106872347,239.65026241653015,239.9399589710568,57319200
2018-01-09,241.01980590820312,241.64311033514758,240.6159507209364,240.89688647081562,57254000
2018-01-10,240.65101623535156,240.9144034840324,239.59754761513196,240.26473637048736,69574300
2018-01-11,242.4069061279297,242.4069061279297,241.03737770393656,241.20418164712254,62361500
2018-01-12,243.98709106445312,244.1538681759935,242.37172413060318,242.67023506663259,90816100
2018-01-16,243.15309143066406,245.89214784344935,242.4595397134825,245.24250740468787,106555100
2018-01-17,245.470703125,245.856982994558,243.1530506991537,244.0836267144975,113258800
2018-01-18,245.0581817626953,245.77804281728476,244.56653078153596,245.35666596416098,100728000
2018-01-19,246.17308044433594,246.17308044433594,245.05815193414344,245.6375450366647,140920100
2018-01-22,248.1747589111328,248.1747589111328,245.90975090331943,245.96244980743063,91322400
2018-01-23,248.7014617919922,248.99115835882742,247.89377822587898,248.21859845859058,97084700
2018-01-24,248.60482788085938,249.93925899787192,247.42843983241525,249.34226396533919,134816100
2018-01-25,248.7102813720703,249.56184962807964,247.92017284798752,249.46529301349233,84587300
2018-01-26,251.5897216796875,251.63363295548834,249.2896174392641,249.54421710609475,107743100
2018-01-29,249.92181396484375,251.45814663904255,249.76379760546135,251.0191944464143,90118300
2018-01-30,247.35829162597656,249.97442894951632,246.88421586467027,248.0957279260588,131796400
2018-01-31,247.481201171875,248.7102617559007,246.41015692190018,248.20987669807295,108364800
2018-02-01,247.20022583007812,248.4995335490144,246.41011749473475,246.75251295523756,90102500
2018-02-02,241.8187255859375,246.0151066419787,241.78360191588195,245.883399577148,173174800
2018-02-05,231.7052459716797,242.1698756837403,231.1609496616137,240.06291099027115,294681800
2018-02-06,236.2703857421875,236.77079761721302,227.11385043179706,228.20244317759622,355026800
2018-02-07,234.98866271972656,239.10600936031682,234.9096277538574,235.7173115220127,167376100
2018-02-08,226.17442321777344,235.42753934624014,226.13929955438024,235.28707148417266,246449500
2018-02-09,229.57192993164062,231.42429478550562,222.039510890829,228.95738632420708,283565300
2018-02-12,232.94305419921875,234.4091657307602,229.7123737697383,231.61741052872057,143736000
2018-02-13,233.52247619628906,234.06677241807566,231.16091216963022,231.74033205487234,81223600
2018-02-14,236.67422485351562,237.03416884340766,232.03010345121902,232.038891067794,120735700
2018-02-15,239.69412231445312,239.70290992752416,235.9542427906361,238.41239000673542,111200300
2018-02-16,239.76437377929688,241.70456111309323,239.02693755677285,239.07084883629025,160420100
2018-02-20,238.26315307617188,240.25601241008334,237.47304479191206,238.81623691260538,86369700
2018-02-21,237.0779571533203,241.17778049482195,236.98140057622757,238.7020848614056,98883700
2018-02-22,237.3852996826172,239.71174054605476,236.71811068253444,237.99984336345477,110511300
2018-02-23,241.1690216064453,241.1690216064453,238.13148100019365,238.60555670362223,92766400
2018-02-26,243.96963500976562,244.06621842836591,241.65198125307916,242.24016221617225,86491400
2018-02-27,240.92327880859375,244.8650874678141,240.86181907554146,244.1539603124492,99099200
2018-02-28,238.48263549804688,242.46832748149382,238.1666028924506,242.0205878320597,121907800
2018-03-01,235.01492309570312,239.81705928396283,233.52247550556922,238.27193959455408,176855100
2018-03-02,236.22645568847656,236.78832724910447,232.48660193015064,233.34693091903503,139083200
2018-03-05,238.9567413330078,239.57128497673156,234.9359251780348,235.04129618469474,97307400
2018-03-06,239.5624542236328,240.01019384890736,238.07000666705412,239.93115891026687,79213200
2018-03-07,239.4746551513672,239.82581139761658,237.2096745902801,237.4028145444429,87063500
2018-03-08,240.6334686279297,240.75636124453487,239.15859647965954,240.15060539944153,66901200
2018-03-09,244.82118225097656,244.82118225097656,241.72218096140145,242.038240459574,113625300
2018-03-12,244.5138702392578,245.73416994766413,244.12759024461914,245.11086546193317,71924800
2018-03-13,242.93373107910156,246.1732007843176,242.32797483884045,245.67278879601167,91968900
2018-03-14,241.68701171875,244.07491217662238,241.1339545863704,243.8905597991625,105895100
2018-03-15,241.4236297607422,242.83704251505435,240.92321798909455,242.1961896626177,83433000
2018-03-16,241.68539428710938,242.73428632376158,241.63251123474083,241.94980954895198,100343700
2018-03-19,238.41529846191406,241.86165405267454,236.76704728781232,240.93617376844998,109208400
2018-03-20,238.82081604003906,239.45543966554663,238.1421052648597,238.8119932303427,59757300
2018-03-21,238.3623809814453,240.8656103103378,238.1508488096181,238.77664941714096,78709600
2018-03-22,232.40411376953125,236.98748341572107,232.1308487161802,236.14132741776228,148785900
2018-03-23,227.4505157470703,233.17095224027113,227.25660218969375,232.84483100714124,183534800
2018-03-26,233.67333984375,233.95540081601212,228.64925990705333,231.04672437365164,141956100
2018-03-27,229.6980743408203,235.1364210790614,228.14676641865353,234.60759055905518,129941400
2018-03-28,229.01943969726562,231.49625564922073,227.91766425018125,229.83035826179815,146452300
2018-03-29,231.94570922851562,233.80551974952124,229.0282106570557,230.1564273834921,111601600
2018-04-02,226.93930053710938,231.92814298876075,224.47132084605792,231.41690411803935,186286300
2018-04-03,229.84793090820312,230.32390533759397,226.38395605270182,228.1732379441203,119956900
2018-04-04,232.30711364746094,233.01223907187764,226.17243637884116,226.30464403356794,123715300
2018-04-05,234.14047241210938,235.02189260297175,232.97699130445676,234.06112092397936,82652600
2018-04-06,228.9224853515625,233.67332686335382,227.4064413333874,232.18375127749687,179521200
2018-04-09,230.05067443847656,233.43532481155327,229.11637116929023,230.37679561184027,105442900
2018-04-10,233.70852661132812,234.49300338650028,231.79586011923547,232.93287264449012,103529000
2018-04-11,232.48336791992188,234.14044196708517,232.1572467955175,232.22774856614302,91140200
2018-04-12,234.39610290527344,235.33922911812886,233.62927151869874,233.80556634497947,68890500
2018-04-13,233.70852661132812,235.8151334939362,232.70372171705588,235.70054458081614,85079200
2018-04-16,235.6300506591797,236.39690882957498,234.51947949635002,235.33919382812687,63405300
2018-04-17,238.15090942382812,238.7502686624216,236.88166227221376,237.39287411717692,64682000
2018-04-18,238.3272247314453,239.12929345575915,237.86886900462565,238.5916400362949,57303900
2018-04-19,237.00509643554688,237.87769384781993,235.97382294019738,237.67495751316204,77655900
2018-04-20,234.99549865722656,237.15498956882317,234.1140781869942,236.93463445126508,99953100
2018-04-23,234.96017456054688,236.12365560791923,233.88484090745573,235.56835661263662,65558000
2018-04-24,231.79591369628906,236.20301507306138,230.29748846866164,235.98266000422277,112885500
2018-04-25,232.3688507080078,232.8095608821234,229.91850321587756,231.73422698132876,103840900
2018-04-26,234.73101806640625,235.559555230159,232.95055889473045,233.3912690074155,67731900
2018-04-27,234.9513702392578,235.6388769306565,234.0170669637368,235.3391972855658,57053600
2018-04-30,233.14443969726562,236.1236439446799,233.07391102580115,235.56834497682607,82182300
2018-05-01,233.5587158203125,233.66448193214373,231.02901745124638,232.58032548825824,74203400
2018-05-02,231.98980712890625,234.17571200711808,231.60198008945386,233.36482048739748,86368900
2018-05-03,231.47857666015625,232.1308190231915,228.3318999811481,231.1612782885642,136311500
2018-05-04,234.4753875732422,235.15409832989712,230.18287558263515,230.50899674677927,91222100
2018-05-07,235.26870727539062,236.2382480408607,234.55473211897424,235.2422657435835,55304900
2018-05-08,235.26870727539062,235.63006591048455,233.70857620233372,234.89849893127885,67499200
2018-05-09,237.54278564453125,237.8689068720325,235.4185593613736,235.93859414290463,59666100
2018-05-10,239.76393127441406,240.09007936810895,238.17738555381095,238.2831516820096,72063900
2018-05-11,240.49554443359375,240.75995977528183,239.3761233898816,239.8873622488972,59871500
2018-05-14,240.610107421875,241.579648169337,240.06360427665848,240.92740579766743,54790600
2018-05-15,238.95303344726562,239.40253948036187,238.00990733079024,239.38492075905984,87036100
2018-05-16,239.95782470703125,240.41618042257653,238.96181558524657,238.98828401389073,53942600
2018-05-17,239.75509643554688,240.83043006232478,238.97944242294543,239.69339057117915,56536400
2018-05-18,239.15573120117188,239.77273610113608,238.8031685006823,239.41135059102103,64368000
2018-05-21,240.9539031982422,241.4915836580867,240.2487776004452,240.63660474887874,58025900
2018-05-22,240.283935546875,241.72947751252565,239.95781439332927,241.4738581359053,52966400
2018-05-23,240.945068359375,240.97153679431813,238.85610630888422,239.01478242446296,64694200
2018-05-24,240.451416015625,240.82162432927402,238.67095692322204,240.54838622347975,76043800
2018-05-25,239.87843322753906,240.50423385832602,239.37601740197113,239.87843322753906,56374800
2018-05-29,237.11964416503906,239.0147190473101,236.00907304336295,238.25668371463993,115908600
2018-05-30,240.283935546875,240.72464562438188,238.35365015429863,238.424151931224,69678400
2018-05-31,238.81202697753906,240.1782177330343,238.21266760730978,239.87853804791965,93519900
2018-06-01,241.15655517578125,241.45623479489305,240.03713438510212,240.10766305948604,71258400
2018-06-04,242.30245971679688,242.5580791614445,241.73836465484743,241.9763384764614,45385200
2018-06-05,242.47877502441406,242.85777936821506,241.66785636206006,242.43468786192366,51135000
2018-06-06,244.50599670410156,244.61176284099088,242.46991787253975,243.0869228694796,62732200
2018-06-07,244.47946166992188,245.28155709966063,243.57160014374352,244.9907003344517,72969400
2018-06-08,245.20228576660156,245.25516882630356,243.85371394658182,244.0211859352413,72139700
2018-06-11,245.5284423828125,246.24239069067596,245.30808730263703,245.42267624813843,58892500
2018-06-12,245.84567260742188,246.20703112820215,245.2022263385827,245.9426158937768,72329000
2018-06-13,245.06124877929688,246.33931878526906,244.85851245663383,246.08369940431285,79070600
2018-06-14,245.67822265625,246.20705317244978,245.0876593814196,245.92501919674507,77097600
2018-06-15,245.36489868164062,245.70134676711317,243.7889263493762,244.89564925179792,120041600
2018-06-18,244.86016845703125,244.98413436209893,243.43472266632747,243.91280739262805,52917600
2018-06-19,243.92169189453125,244.14303644252993,242.17749577551783,242.59362460653927,97531500
2018-06-20,244.33782958984375,245.00186325793013,244.00138154154413,244.60343224923864,53785500
2018-06-21,242.80618286132812,244.34675977179316,242.31037307991147,244.3290349098526,71061400
2018-06-22,243.248779296875,244.17844254707023,243.0274347639137,244.06333906679495,54898500
2018-06-25,239.93746948242188,242.25715582365535,238.2552564656156,242.09779424744752,137854200
2018-06-26,240.46865844726562,241.318613720225,239.7515044638951,240.50408113101963,68547400
2018-06-27,238.47662353515625,242.47852327145034,238.32609735255744,241.05307733908927,105110700
2018-06-28,239.84011840820312,240.60153070616383,237.71518906963607,238.4235078556914,76650500
2018-06-29,240.18536376953125,242.29256791699456,240.07026029632775,240.92907811223688,97592500
2018-07-02,240.69883728027344,240.85822584666744,238.3791513670578,238.6182207068534,63554800
2018-07-03,239.848876953125,241.69047818709535,239.42391283727818,241.5930725641536,42187100
2018-07-05,241.8055419921875,241.8675249290411,239.90198493714215,240.9733116355928,56925900
2018-07-06,243.8508758544922,244.22271956770294,241.4514814771822,241.83221463826726,66493700
2018-07-09,246.046630859375,246.09975139725194,244.80710660957607,244.85136471793945,50550400
2018-07-10,246.9319610595703,247.0293667064297,246.20594449060724,246.4981344115885,51966800
2018-07-11,245.12579345703125,246.17056025929276,244.82476811387056,245.38256069839704,77054700
2018-07-12,247.34808349609375,247.40120402224898,245.7809739353221,246.3830245781455,60124700
2018-07-13,247.5427703857422,247.84379558873528,246.7193755346506,247.17092684893302,48216000
2018-07-16,247.321533203125,247.72879959326502,246.87884412092146,247.5871628642055,48201000
2018-07-17,248.32205200195312,248.71162061414097,246.49817487198345,246.5512954082271,52315500
2018-07-18,248.84434509277344,248.9505861324455,247.9589670693822,248.40165608107782,44593500
2018-07-19,247.90582275390625,248.56099378205835,247.42771110168124,248.18028775324512,61412100
2018-07-20,247.62254333496094,248.33086203476083,247.4631817598543,247.70222412251422,82337700
2018-07-23,248.08297729492188,248.28659698414955,247.07363319847968,247.41894365871448,47047600
2018-07-24,249.33135986328125,250.17248002160983,248.46370645742684,249.49074848563848,68026900
2018-07-25,251.45623779296875,251.77496093318197,249.03914590130603,249.08340399758183,78882900
2018-07-26,250.86305236816406,251.54478384538666,250.64170782132058,250.73911347212268,57919500
2018-07-27,249.1630859375,251.2879877104607,248.2422852620333,251.19058208133256,76768700
2018-07-30,247.86158752441406,249.40213663305357,247.33919071533526,249.2427750741446,63742500
2018-07-31,249.0833740234375,249.69428698825837,248.24228115824914,248.62298720311097,68570500
2018-08-01,248.6672821044922,249.79172959266052,248.0209733790744,249.28705758708554,53853300
2018-08-02,250.02195739746094,250.19015439375062,247.1621761469714,247.36582285557148,63426400
2018-08-03,251.09323120117188,251.14635172489284,249.96878373668994,250.14587016215646,53935400
2018-08-06,252.01405334472656,252.3239140861713,250.7391066281403,251.12867518151927,39400900
2018-08-07,252.8463134765625,253.2270466660811,252.545288108283,252.67811646394784,43196600
2018-08-08,252.73995971679688,253.13839056693948,252.2795729505159,252.67800380065847,42114600
2018-08-09,252.39476013183594,253.1915950768919,252.2619588109262,252.80202652249167,35717000
2018-08-10,250.7036590576172,251.5004939215106,249.99534038558284,250.96042626495432,77076000
2018-08-13,249.76516723632812,251.58904395946368,249.4729773325625,250.97813090933042,65732900
2018-08-14,251.3588104248047,251.59787977889283,250.10158878762996,250.49115727172162,43842000
2018-08-15,249.48190307617188,250.15479924873915,248.04759451431187,250.01313547453537,102925400
2018-08-16,251.5005340576172,252.36821443698148,250.88075849812859,250.91618119228193,69967900
2018-08-17,252.3859405517578,252.82862970967778,250.88964903642022,251.29691549621805,65618500
2018-08-20,252.92604064941406,253.19164334186442,252.38594581529497,252.8374974120631,39807500
2018-08-21,253.51918029785156,254.37799819792022,252.96138773126302,253.43949950542424,67272000
2018-08-22,253.36865234375,253.8910221589118,252.84625550899398,253.11188513982498,44993300
2018-08-23,253.0322265625,254.0504060210551,252.7134763814482,253.1915881432276,49204900
2018-08-24,254.55511474609375,254.69677851147446,253.55463297906772,253.60775351363543,57487400
2018-08-27,256.5647888183594,256.67102983578684,255.59086779262861,255.7502293187698,57072400
2018-08-28,256.6888427734375,257.1315318443619,256.2284288471343,257.0252637708789,46943500
2018-08-29,258.07000732421875,258.3001872470909,256.66225944752415,256.90130179728936,61485500
2018-08-30,257.0252685546875,257.96376724094705,256.4320803195823,257.5919235454238,61229500
2018-08-31,257.0341796875,257.47686885054827,256.1311035219384,256.61805079345055,66140800
2018-09-04,256.5914001464844,256.94554594826343,255.59091866725385,256.617960406128,57594400
2018-09-05,255.90084838867188,256.44094311621893,254.89153133691732,256.23729641245575,72452400
2018-09-06,255.13055419921875,256.3080951728007,254.1035123702836,256.007069863912,65909900
2018-09-07,254.63473510742188,255.6086563759925,253.84673566570757,254.08580503411685,73524800
2018-09-10,255.07752990722656,255.90978778914595,254.8827455727432,255.6441580496112,50210900
2018-09-11,255.91854858398438,256.36123766786574,254.0858363116095,254.43111974684635,50530500
2018-09-12,255.98057556152344,256.58262633443366,255.19260290689724,255.9274550238903,59810800
2018-09-13,257.4945068359375,257.68045569530796,256.75965488471724,257.0429823679138,51034200
2018-09-14,257.538818359375,257.88410181150124,256.75968121049704,257.698179952664,55079900
2018-09-17,256.17523193359375,257.5209965808677,255.9007669530286,257.48560091985763,68244000
2018-09-18,257.5653991699219,258.1585874876803,256.3612706566257,256.3878309242925,61930400
2018-09-19,257.8397521972656,258.2558808895619,257.4944418480969,257.6184077230567,49080600
2018-09-20,259.92926025390625,260.2480103827484,257.8574789850048,259.097029795445,100360600
2018-09-21,259.69183349609375,260.78578814845525,259.53175051533134,260.670163615046,105479700
2018-09-24,258.8291015625,259.25601660965026,258.2510060962114,259.1137115939335,53409600
2018-09-25,258.5890197753906,259.3894618716786,258.3488952890775,259.2827398777616,44370000
2018-09-26,257.81524658203125,259.9141847464246,257.3972340300499,258.7313131778317,79739700
2018-09-27,258.53564453125,259.62069664612955,258.0109099954677,258.2866175118633,59249500
2018-09-28,258.56231689453125,259.060370917637,257.877499398238,257.9130552985251,70091400
2018-10-01,259.4605712890625,260.5278181370274,258.79353183087005,259.79851514867977,62078900
2018-10-02,259.3094482421875,260.0209463727001,258.9359212233382,259.3094482421875,47258200
2018-10-03,259.4516296386719,260.776805810469,259.0958807429701,260.3587933939966,64694600
2018-10-04,257.4239501953125,259.02483453770105,255.8408438062701,258.971473535749,111545900
2018-10-05,255.9830780029297,258.1620573579353,254.56005501363472,257.64622543454266,105951700
2018-10-08,255.9830780029297,256.3388269647769,253.9196960255473,255.2982334309201,87742200
2018-10-09,255.6095733642578,256.90806953987845,255.04925574862452,255.60069795928243,74339000
2018-10-10,247.51612854003906,255.17375659636278,247.14260159596967,255.10259051241061,214731000
2018-10-11,242.06422424316406,248.04977526262698,240.4544104484742,246.43108606352877,274840500
2018-10-12,245.42611694335938,246.44000303227887,242.2420993529125,246.1553929525463,183186500
2018-10-15,244.0475616455078,246.39555418191674,243.95861759938708,245.07035032111582,102263700
2018-10-16,249.38385009765625,249.75740419174008,245.53282033386319,246.00419386811836,118255800
2018-10-17,249.42835998535156,250.05091401359377,246.8580209490984,249.41945743831997,110626000
2018-10-18,245.8262939453125,249.09035262690333,244.55447843294348,248.4944520427115,134557500
2018-10-19,245.6929473876953,248.4055645473369,244.99922721015955,246.4756116171026,139901600
2018-10-22,244.59007263183594,246.68010818995015,244.0564355596308,246.35994223177246,82415800
2018-10-23,243.3449249267578,244.46556013102136,238.89799429639206,240.97918171628453,146352700
2018-10-24,235.97193908691406,243.47836034056346,235.42052401836114,243.09590366941856,177806700
2018-10-25,240.20535278320312,241.7440002948675,236.78123848445856,237.8040269298721,138061500
2018-10-26,235.98080444335938,241.0236356256426,233.2770902132027,236.5055661327389,201574600
2018-10-29,234.67340087890625,240.35659102695715,231.10698111147096,239.06697033859635,160749100
2018-10-30,238.15084838867188,238.4621388764539,234.0152094564338,234.50438797777792,157116000
2018-10-31,240.69451904296875,243.0069278938109,240.24092353238416,240.7122969905174,128296300
2018-11-01,243.2559356689453,243.45160164415518,240.47215357969245,241.5572054164194,99495000
2018-11-02,241.81512451171875,244.7856699043476,239.76952083310158,244.35875493810283,122634100
2018-11-05,243.14926147460938,243.70067647437028,241.33490636095422,242.30433388342226,65622500
2018-11-06,244.68789672851562,244.8479797106511,243.02474908298626,243.08701262334208,60085900
2018-11-07,249.9264373779297,250.0064788829452,246.4311288074337,246.85804397609732,102752100
2018-11-08,249.4727783203125,250.11313733964522,248.33436530171073,249.12590474479975,65584900
2018-11-09,247.03590393066406,248.35217805236317,245.630658624312,248.1654145619431,98812600
2018-11-12,242.4199676513672,246.7690514205457,241.9041085312186,246.52892695269585,99673600
2018-11-13,241.96633911132812,244.8746213934451,241.24593866399726,242.88240555311336,98176600
2018-11-14,240.31214904785156,244.23431809199508,238.75572328236524,243.83411060887397,125335900
2018-11-15,242.82020568847656,243.28270387403552,237.47501319005792,239.04921696143316,135101400
2018-11-16,243.4516143798828,244.35877823500198,241.21034452079422,241.72620354692577,126668000
2018-11-19,239.33377075195312,243.14034163054626,238.41770428548043,242.8468290600021,103061700
2018-11-20,234.90464782714844,237.46608408810766,234.0419422412269,236.00747788431894,136021300
2018-11-21,235.705078125,237.5994747294918,235.6962027211134,236.4521591402249,75563700
2018-11-23,234.13088989257812,235.52723257807557,233.97080690927402,234.06862635176773,42807900
2018-11-26,237.91082763671875,238.13317420460353,235.98975003316443,236.38108216399485,79981400
2018-11-27,238.71119689941406,238.71119689941406,236.27428794556133,236.8790639113208,75502400
2018-11-28,244.2075958251953,244.2075958251953,238.64893332775299,239.77847091805359,127629600
2018-11-29,243.67401123046875,245.07032676690406,242.29544650287454,243.43385961483304,82346400
2018-11-30,245.1592559814453,245.71957352817088,243.20262298270973,243.52278892831978,98204200
2018-12-03,248.405517578125,249.38384767989874,246.81353606087058,249.27712569459774,103176300
2018-12-04,240.35658264160156,248.00530818364757,240.04529209231492,247.57839310389085,177986000
2018-12-06,239.9918670654297,240.1074915650488,233.41041740788427,236.50548984099865,204185400
2018-12-07,234.41555786132812,241.2193577514811,233.5795325527952,239.65402914964648,161018900
2018-12-10,234.8601837158203,235.82961126558462,230.01301882509009,234.23760261616204,151445900
2018-12-11,234.91355895996094,238.23985434553188,233.44607729820376,238.0530908610672,121504400
2018-12-12,236.09640502929688,239.24483913662817,236.01636354460717,237.88407961308872,97976700
2018-12-13,236.01637268066406,237.90186677142725,234.90464011376045,237.03916121383372,96662700
2018-12-14,231.65841674804688,234.82462934138096,231.1070016654421,233.87297962557628,116961100
2018-12-17,227.1136474609375,231.8184942160514,225.48606918040167,230.7067615302446,165492300
2018-12-18,226.86459350585938,229.41714067784332,225.26369591406458,228.75010114550832,134515100
2018-12-19,223.46714782714844,230.70675017805107,221.7684306807493,226.9446507542669,214992800
2018-12-20,219.82952880859375,223.78729366508378,217.58827236195947,222.22197924177337,252053400
2018-12-21,215.32534790039062,223.38552036390047,214.68124937399995,220.72861735508985,255345600
2018-12-24,209.6358184814453,215.45058694361018,209.57320499611265,213.84034063943142,147311600
2018-12-26,220.2276153564453,220.2276153564453,209.11693755623702,211.09396462178614,218485400
2018-12-27,221.91842651367188,222.11522151944322,213.76880366004917,216.99823741467299,186267300
2018-12-28,221.63214111328125,224.89735185930846,220.46918466599615,223.26922375327266,153100200
2018-12-31,223.57337951660156,223.81491988199966,221.38166176077164,223.2513302461389,144299400
2019-01-02,223.80592346191406,224.72735303150918,220.02185547983245,220.04869177649815,126925200
2019-01-03,218.46531677246094,222.36568485027112,217.9822360854176,222.06151737501295,144140700
2019-01-04,225.78297424316406,226.42707273146465,221.11326702808634,221.48898887122783,142628800
2019-01-07,227.5631866455078,228.96766966524018,225.15676508760038,226.0513447804907,103139100
2019-01-08,229.70120239257812,230.1842830382069,227.22322663887434,229.74594775444223,102512600
2019-01-09,230.77468872070312,231.61559568579878,229.18233820602435,230.40790782738253,95006600
2019-01-10,231.58876037597656,231.83924156023605,228.56507710144314,229.24496630174812,96823900
2019-01-11,231.67828369140625,231.7051199930724,229.9338421818793,230.51531358491874,73858100
2019-01-14,230.26478576660156,231.06990195416668,229.37916069032022,229.78170513390126,70908200
2019-01-15,232.9038543701172,233.2169627574834,230.6316140537097,230.6405685877629,85208300
2019-01-16,233.46746826171875,234.35309361191258,233.12752353728553,233.33325943861294,77636700
2019-01-17,235.23867797851562,236.09749417495806,232.5549387905483,232.59968415725848,96118400
2019-01-18,238.36973571777344,238.83493470526588,235.2744971259349,237.0457750313044,127900300
2019-01-22,235.14920043945312,237.11728664606434,233.53896794342953,236.9025962600359,115531200
2019-01-23,235.64125061035156,236.87577500924823,233.18115634601335,236.17800390992494,86030300
2019-01-24,235.76651000976562,236.34800875620095,234.4514765300922,235.46235613492826,59204100
2019-01-25,237.76141357421875,238.58443898655247,235.86490880279874,237.60932299896712,96883400
2019-01-28,235.95437622070312,236.01697605824288,234.19205292689497,235.62338606355894,85613700
2019-01-29,235.64125061035156,236.66105730917477,234.80929801123665,236.09749501004995,66136300
2019-01-30,239.37164306640625,240.2125502350187,236.3927044417232,237.15310270700996,92473700
2019-01-31,241.47390747070312,241.95698818402894,239.0943220389077,239.30903974505677,104012100
2019-02-01,241.59014892578125,242.60998270784233,240.8029145607659,241.67065780851223,85782500
2019-02-04,243.28990173339844,243.35252886814231,240.96398891789138,241.63492373195646,60744800
2019-02-05,244.30972290039062,244.61387672404788,243.21833456825289,243.71929701903028,79552800
2019-02-06,243.98768615722656,244.52443949783932,243.25415146881173,244.0324315275162,58347800
2019-02-07,241.6617889404297,242.92312237490376,240.0068109279789,242.37744182669658,95482000
2019-02-08,241.9569091796875,242.05529981672302,239.59520628605011,240.41823140666887,75788900
2019-02-11,242.0911407470703,242.8694206752519,241.56334202911273,242.61001223279428,68021400
2019-02-12,245.2042694091797,245.5799775461956,243.6298006053734,243.70138226031133,72270200
2019-02-13,246.0004425048828,246.84134953696977,245.61577981797595,246.03623333401944,65277200
2019-02-14,245.4548797607422,246.58205936572446,244.1040551420994,244.91812626787365,83234400
2019-02-15,248.1295928955078,248.16538373135367,247.0203226879647,247.22605856815875,97088700
2019-02-19,248.5589141845703,249.21193973325734,247.32439013308087,247.33334466401604,59120800
2019-02-20,249.06002807617188,249.51627262512798,248.02231197095585,248.5232746010028,76610800
2019-02-21,248.17431640625,248.7826240600063,247.21710955964718,248.4247976342912,64214700
2019-02-22,249.71299743652344,249.90977876755096,248.15641015139627,248.79155411176745,78114600
2019-02-25,250.0529022216797,251.6542074923286,249.97239332656173,251.13536329032226,69030700
2019-02-26,249.87396240234375,250.75063287485753,249.49822698526583,249.7039901065705,56844100
2019-02-27,249.7666778564453,250.1155497637619,248.2279995898932,249.15834287634237,56921600
2019-02-28,249.30149841308594,249.99034234875845,248.97946278114267,249.5519796714006,69268300
2019-03-01,250.8580322265625,251.26953121285604,249.42669935637187,250.87591399104352,78880500
2019-03-04,249.945556640625,252.155169537898,247.6554348483589,251.91364285291863,106494600
2019-03-05,249.6056671142578,250.2676747866207,249.05998649422446,250.07086612193086,59114600
2019-03-06,248.09381103515625,249.730907404324,247.77177540211915,249.72195286993642,75039800
2019-03-07,246.0183868408203,247.78963728117097,245.17747968817417,247.646501244507,94885100
2019-03-08,245.52630615234375,245.69627845814716,243.7013834485637,244.16655500631896,85795800
2019-03-11,249.0867156982422,249.24773345455228,246.21512317578097,246.24195946849932,65098900
2019-03-12,250.02610778808594,250.54497937737827,249.45359089347113,249.64144501353428,79667500
2019-03-13,251.6811065673828,252.61147731037204,250.7507358243936,250.91178095520416,80639200
2019-03-14,251.52011108398438,252.1284189198113,251.08177562881707,251.7079652361397,67518400
2019-03-15,252.7626953125,253.57135794452324,251.88213571458323,252.07084468455997,81309000
2019-03-18,253.67921447753906,253.97574152070632,252.75373970095887,252.97836976731972,62199800
2019-03-19,253.7421112060547,255.50320320501433,252.85258493986163,254.7394829347921,90268100
2019-03-20,252.9783477783203,254.7304731119043,251.87318549711011,253.5264593513431,84609200
2019-03-21,255.83558654785156,256.23990405923104,252.11570091924966,252.16064336761528,79550400
2019-03-22,250.91180419921875,255.00006076580144,250.8489011946462,254.47893103524282,122659300
2019-03-25,250.7230682373047,251.7563609170328,249.46514552195487,250.57030774799213,85575200
2019-03-26,252.59193420410156,253.54436319608845,251.19024521888866,252.47512221855817,68125900
2019-03-27,251.2710723876953,253.16696354366036,249.72561713767948,252.5829037004117,72224700
2019-03-28,252.2235565185547,252.67281654526613,250.74999788968225,251.9001024612373,56238500
2019-03-29,253.81393432617188,254.13738835770084,252.6099208410579,253.73307081828966,82186800
2019-04-01,256.8239440917969,257.1204710295328,255.539067150015,255.80863958619787,77617900
2019-04-02,256.9498291015625,257.1834531340026,256.1591269185293,257.0127320980904,40070400
2019-04-03,257.3541564941406,258.55817021900583,256.7521359213784,258.16281915464305,68243200
2019-04-04,258.0370788574219,258.28866346963747,256.9858253573542,257.6776761857805,48997500
2019-04-05,259.2859191894531,259.3398281950125,258.41435370537175,258.7018866821242,58621700
2019-04-08,259.483642578125,259.59146060914446,258.2077318961907,258.8636614791043,53566300
2019-04-09,258.1539001464844,258.8457509997036,257.6058158512069,258.52229680983504,66142300
2019-04-10,259.0343933105469,259.1242508136989,258.1538336527132,258.5671452624204,52601500
2019-04-11,258.96240234375,259.5284742454136,258.3963304420864,259.5194802721649,55093100
2019-04-12,260.71466064453125,260.99319975147006,259.0074775121329,260.57089410213314,69727800
2019-04-15,260.5438537597656,260.88529575789886,259.7441577724898,260.7864442960236,49596700
2019-04-16,260.71466064453125,261.47840840448066,260.12163393988806,261.4244993786644,52153200
2019-04-17,260.07666015625,261.8557124477344,259.6633211574548,261.8287579409137,58268300
2019-04-18,260.5887756347656,260.8583481027852,259.36680152584245,260.6606725944999,68708500
2019-04-22,260.8134460449219,260.96620654252615,259.73523826780877,259.8250957710666,40160100
2019-04-23,263.1585998535156,263.39222387949684,260.9482478452623,261.1818444505832,52246600
2019-04-24,262.5746154785156,263.4102328349155,262.4308489299954,263.07778468800365,50392900
2019-04-25,262.41278076171875,263.06871029746924,261.22675508512435,262.47568374884355,57770900
2019-04-26,263.6347961425781,263.7066656882998,261.68499538422964,262.4577369591944,50916400
2019-04-29,264.0480651855469,264.56922213553327,263.6347536677554,263.72461115092415,57197700
2019-04-30,264.182861328125,264.47039433172,262.29599111609195,263.706646787458,81111700
2019-05-01,262.1971130371094,265.0184789347916,262.18811906270474,264.8118094680611,71671900
2019-05-02,261.6310729980469,262.99684108288136,260.1395263594633,262.0803330426567,65030200
2019-05-03,264.19183349609375,264.47037250137964,261.7388640340087,263.10463197802125,56543700
2019-05-06,263.10467529296875,263.54494138916215,259.58246426144535,259.8969517961515,107198100
2019-05-07,258.71087646484375,261.29861864665406,256.80601830897126,260.70559211160116,144729900
2019-05-08,258.35150146484375,260.0586842910349,257.75847486656824,258.35150146484375,91568300
2019-05-09,257.56982421875,258.17181744485043,254.55078184893665,256.28494681196247,103471100
2019-05-10,258.8636779785156,259.6184316644171,253.65224430825242,256.6353379863347,112429300
2019-05-13,252.35841369628906,254.7215266168045,251.52279634725463,253.7601306768394,127290500
2019-05-14,254.6405792236328,256.16807429211826,253.24788410051545,253.37366265002794,77003200
2019-05-15,256.1321716308594,256.7701133090534,252.8076358497461,253.0143053717125,73956400
2019-05-16,258.5042419433594,259.8609886388919,256.76111076781007,256.83298031022184,76749600
2019-05-17,256.8328857421875,259.31280906245,256.18595041606017,256.2039383605327,100353000
2019-05-20,255.13475036621094,256.9407568168034,254.38896345332793,255.2335743986409,62877600
2019-05-21,257.43499755859375,257.8123606375981,256.57239853669876,256.82398306292055,46847100
2019-05-22,256.6443176269531,257.59674680267347,256.16810303909295,256.48259057914987,49482500
2019-05-23,253.5084686279297,254.46986427419012,252.09778552084444,254.42494923843603,98733800
2019-05-24,254.08355712890625,255.3594679586929,253.46357595804218,254.94612889767544,55268100
2019-05-28,251.7204132080078,255.31449378901283,251.70245267653993,254.36206462869922,70029400
2019-05-29,250.0312042236328,251.01058794348035,248.6295149162675,250.6062703090443,104972900
2019-05-30,250.714111328125,251.62162558081897,249.61791549539754,250.7859808850597,62523800
2019-05-31,247.33563232421875,248.99790008924552,247.30867781649005,248.1712769051262,86862800
2019-06-03,246.7067108154297,248.4857633553792,245.3768909783469,247.37160702364017,96428000
2019-06-04,252.06182861328125,252.1966011366948,248.54861192613726,248.99787195128627,77231900
2019-06-05,254.2452850341797,254.27223954514707,251.87320580706177,253.67921288320204,71169700
2019-06-06,255.8985595703125,256.5724497666044,253.89487693589513,254.54181262116182,69430400
2019-06-07,258.45928955078125,259.53752459010883,256.74311294719047,256.91383395209493,74272200
2019-06-10,259.6453552246094,261.3076228990596,259.5554977301904,260.0047577816279,60799100
2019-06-11,259.5824279785156,261.8287280257867,258.9354924680753,261.46033152755564,58641300
2019-06-12,259.1241455078125,259.9058533683014,258.6119826265788,259.3487754640748,47096300
2019-06-13,260.1935119628906,260.55294204090757,259.33094010111313,260.03178488018204,48945200
2019-06-14,259.9059753417969,260.5079685515309,259.1422276479497,259.9059753417969,52324700
2019-06-17,260.0047912597656,260.76853892968074,259.8340702245848,260.13956380841864,39205700
2019-06-18,262.7272644042969,263.7785449569694,261.4603478082686,261.81977777473696,85434800
2019-06-19,263.3203125,263.85043609708407,261.8916687545038,262.862058449699,78674400
2019-06-20,265.8361511230469,266.240496147716,263.3832087300726,265.9979055853094,116570000
2019-06-21,265.4497375488281,266.82212083031214,265.2330527028107,265.5671176917623,83309500
2019-06-24,265.1247253417969,265.97341688825486,264.9712218644644,265.6574273212025,47582700
2019-06-25,262.5243835449219,265.2059687471691,262.41604112123906,265.1788831412484,82028700
2019-06-26,262.2625427246094,263.92385754593755,262.1542002988309,263.41824118962137,51584900
2019-06-27,263.1924743652344,263.6980906365372,262.64172460878746,263.02092303525444,40355200
2019-06-28,264.5468444824219,265.0434231006258,263.6529919480454,264.1676184518848,59350900
2019-07-01,266.948486328125,268.08613665460155,265.74762708261784,267.86942429707057,78705600
2019-07-02,267.643798828125,267.6979700486466,266.06374060351243,266.9034220756254,61504500
2019-07-03,269.7835998535156,269.8016752933706,268.1764562858047,268.3209220345233,40898900
2019-07-05,269.47662353515625,269.63916472557844,267.2645588956779,268.5556853748782,51677300
2019-07-08,267.995849609375,269.2960135747465,267.454110031467,268.1674009349462,45841800
2019-07-09,268.3299560546875,268.6278977139199,266.7860214397084,266.84019265047795,41101300
2019-07-10,269.61199951171875,270.56005064904815,268.8626128525521,269.3953147050236,58448500
2019-07-11,270.24407958984375,270.4878500388574,269.24188463431943,270.253117309667,50826100
2019-07-12,271.4538879394531,271.5261345736811,270.42460761085414,270.731586921279,40326000
2019-07-15,271.5442199707031,271.8873226456437,271.03860367732375,271.8873226456437,33900000
2019-07-16,270.66845703125,271.66164188673037,270.3614776311971,271.45396719521267,36650100
2019-07-17,268.8265686035156,270.8039007082595,268.8265686035156,270.641387055438,36036300
2019-07-18,269.81072998046875,270.18995607768375,267.8875965462523,268.33000403131257,51392600
2019-07-19,268.3118896484375,270.93026568631416,268.1403383081677,270.903180082799,58678600
2019-07-22,268.970947265625,269.51268682028854,268.194475028688,268.7091014293009,43638100
2019-07-23,270.8941650390625,270.8941650390625,269.259935864137,270.090607031503,44564500
2019-07-24,272.1673278808594,272.1673278808594,270.04552959092644,270.1358241561639,47213200
2019-07-25,270.8670959472656,271.76998626708985,270.06351033668966,271.71581505222247,55394100
2019-07-26,272.681884765625,272.88052171662747,271.4268541311043,271.55327198811625,45084100
2019-07-29,272.18536376953125,272.68197007942166,271.63461378772524,272.56458990519246,38126500
2019-07-30,271.51715087890625,271.9234625037329,270.4065859773304,270.7858119974368,45849000
2019-07-31,268.54656982421875,271.9504828061591,266.53314273076955,271.76085606462857,104245200
2019-08-01,266.2081298828125,271.65255641303344,265.4135821381002,268.700115526861,142646600
2019-08-02,264.2037658691406,265.5581013739478,262.650793388134,265.314330902532,116749700
2019-08-05,256.25836181640625,260.22203637331984,254.36228645172406,260.1136939331715,178745400
2019-08-06,259.8517150878906,260.06842741136916,256.6735524016881,258.14526742033206,120711700
2019-08-07,260.00531005859375,260.7727722927134,254.6511774136103,256.7819852077057,140572300
2019-08-08,265.10662841796875,265.10662841796875,260.94431762874206,261.4950674503696,87713900
2019-08-09,263.3008117675781,264.76348934990085,261.5221171331934,264.1675785656176,93730000
2019-08-12,260.0956115722656,263.2918233491414,259.1475602385619,261.80205988649254,65527600
2019-08-13,264.1405029296875,265.58513268360247,259.4545008367751,259.79760350315723,94299800
2019-08-14,256.33056640625,260.7005524202266,256.20417608457865,260.09563131231886,135622100
2019-08-15,257.00775146484375,257.9016317136364,254.96723786093705,257.2154261800236,99556600
2019-08-16,260.7998046875,261.23317429061143,257.06182653655287,258.6599596100818,83018300
2019-08-19,263.94189453125,264.6190622184229,263.13833653723043,263.81550422440336,53571800
2019-08-20,261.9194030761719,263.9689538188934,261.79301278192634,263.4362519312439,51596400
2019-08-21,264.0503234863281,264.42048432378965,263.39120353747325,264.0774090977041,49524700
2019-08-22,263.9689636230469,265.38650783914835,262.1993065597355,264.75450123640525,51666400
2019-08-23,257.1882629394531,264.3301272824833,255.94227013252467,262.6688127245855,149161500
2019-08-26,260.0323486328125,260.0323486328125,257.8473424684489,259.3732289407894,72423800
2019-08-27,259.0120544433594,261.79297112248156,258.2536301365124,261.4227829094938,66668900
2019-08-28,260.8359680175781,260.99848164367427,257.5494344017355,258.3530199208042,59696700
2019-08-29,264.16754150390625,264.69123312905583,262.38884711906564,263.39106933739487,57899400
2019-08-30,264.0503234863281,265.6664775551436,263.1203474237136,265.6484296655696,62901200
2019-09-03,262.5063171386719,263.2647416845759,261.17906729483354,262.3528412178477,69101400
2019-09-04,265.48590087890625,265.50394876745247,263.9238905677633,264.67330502987176,46887300
2019-09-05,268.8988037109375,269.81070420416734,265.44975604997495,267.9688277765969,83258100
2019-09-06,269.10638427734375,269.74745608960535,268.537586657619,269.2147542351201,49584300
2019-09-09,269.2418212890625,270.1808070929539,268.3028079311537,270.09054013205395,51260300
2019-09-10,269.1787414550781,269.24195040123317,267.22849472451674,268.4834981554338,57947100
2019-09-11,271.0928039550781,271.1740607730114,268.83557827685104,269.4856603743414,68821100
2019-09-12,272.03173828125,273.08810416057753,271.2371906654044,271.995614965798,72908700
2019-09-13,271.8512268066406,272.8263637238987,271.4810384912023,272.4742232943265,62104800
2019-09-16,271.0115051269531,271.8963473751053,270.3704608488334,270.7225736719622,58191200
2019-09-17,271.6977233886719,271.78799036288956,270.6413297609149,270.8128810983628,41475500
2019-09-18,271.8601989746094,271.96854137173096,269.27791910913567,271.30942171721796,73375800
2019-09-19,271.8421936035156,273.24169007108816,271.5081286082832,272.2485052514616,76560500
2019-09-20,270.55780029296875,272.7256865360811,269.7686626835575,272.4444725268905,89565000
2019-09-23,270.4942626953125,271.21084760193804,269.6416243712935,269.89559997751627,43476800
2019-09-24,268.3717041015625,271.97273161522907,267.41022319495477,271.5827026529989,94869400
2019-09-25,269.9590759277344,270.40352627736024,266.97484206860895,268.4533536576858,71854000
2019-09-26,269.396728515625,270.17678656371356,267.9907970655747,269.9681805505696,56179700
2019-09-27,267.94549560546875,270.258515016911,266.394430888546,270.1496445739282,84746600
2019-09-30,269.1881103515625,269.8956158448682,268.4171317139182,268.4624736286267,51662400
2019-10-01,265.9861755371094,270.72102824217234,265.76849006877796,270.06794415591315,88242400
2019-10-02,261.28765869140625,264.4170262525811,259.99964920337914,264.4079467960568,122539500
2019-10-03,263.4283142089844,263.4555248952082,258.3487738908161,261.0608737824399,85278800
2019-10-04,266.9930725097656,267.2470481606347,264.02696908285304,264.081418140647,65091200
2019-10-07,265.8410949707031,267.81850652842235,265.5599086250279,266.19486160761295,59610500
2019-10-08,261.7140197753906,264.7254656083408,261.677729624761,263.9907492254181,95708100
2019-10-09,264.19921875,265.13348895657083,263.1016844718949,263.72755776070306,62359400
2019-10-10,265.9861755371094,266.86602454663546,263.954370682643,264.1176347838915,55296300
2019-10-11,268.74365234375,270.9750115009524,268.61667837739276,268.7345728885581,98720400
2019-10-14,268.44439697265625,269.0974812285745,268.09970977074494,268.4262380580679,40394800
2019-10-15,271.10198974609375,271.84578529470946,269.3695025112143,269.48742469346604,46754500
2019-10-16,270.6665954589844,271.35596965464424,270.2312245406846,270.63938477659065,48928200
2019-10-17,271.4647521972656,272.33552152206926,270.77537815444816,271.82757044249564,45736600
2019-10-18,270.27667236328125,271.57376153444164,269.42403373913845,270.92975667791666,64304000
2019-10-21,272.1087951660156,272.3083493813206,271.1563936773508,271.59179224199676,39048600
2019-10-22,271.2200012207031,272.93433011116593,271.1292896905478,272.6440642871781,48594700
2019-10-23,272.0090637207031,272.0634850874928,270.75731692201106,270.965950615548,34352200
2019-10-24,272.4535217285156,273.0884746005034,271.62809406743776,272.94334172458434,35453100
2019-10-25,273.5691833496094,274.11342465074256,271.8276167222357,271.88203808422276,45205400
2019-10-28,275.1112365722656,275.61013608971376,274.75749763127527,274.7847083190437,42147000
2019-10-29,275.0296325683594,275.95485140942054,274.7121560578241,274.8391577345471,44284900
2019-10-30,275.8731994628906,276.24506964645207,273.92299861636155,275.22916703094626,49643900
2019-10-31,275.1384582519531,275.8641227568858,273.68718460462867,275.8641227568858,69053800
2019-11-01,277.68731689453125,277.7326588147076,276.41741095435447,276.5807027657832,71141500
2019-11-04,278.8028869628906,279.3743389032854,278.4309892289629,279.2382855082534,60606900
2019-11-05,278.4945983886719,279.30189498204095,278.2043325788355,279.0025497152499,42933200
2019-11-06,278.55810546875,278.8302123707764,277.61475540627197,278.4946046311865,46487100
2019-11-07,279.53765869140625,280.8710375909936,279.0659976008694,279.89142527025837,54272300
2019-11-08,280.2270812988281,280.2815026770793,278.4945936077772,279.1930197495144,49032100
2019-11-11,279.6919250488281,279.86426864392786,278.71228485760133,278.848365987301,35797300
2019-11-12,280.28143310546875,281.1794133049867,279.5104268632624,280.054668191953,46484600
2019-11-13,280.3722229003906,280.77133147412957,279.0660544192944,279.2928193961337,53917700
2019-11-14,280.7803649902344,280.862024736105,279.4560653623706,280.0910183287371,51219900
2019-11-15,282.8120422363281,282.8573841312861,281.4242425393096,282.1135888214449,62023600
2019-11-18,283.020751953125,283.25659632840035,282.1227717261377,282.5763015670428,49228000
2019-11-19,282.93914794921875,283.62852223373176,282.2951432620522,283.619442778009,67804700
2019-11-20,281.886962890625,282.86660297199927,280.3358983899287,282.34957224467774,79406200
2019-11-21,281.4333801269531,282.1046230732926,280.63519090852355,281.99578034720054,54664700
2019-11-22,282.0592041015625,282.3131796450668,281.05238138021787,282.1771262612713,44850200
2019-11-25,284.2453918457031,284.2453918457031,282.9845928218921,282.9845928218921,48647200
2019-11-26,284.8893127441406,285.07073576578375,283.9641217688007,284.2815982160428,37569000
2019-11-27,286.1592712402344,286.1592712402344,285.15242034281846,285.37010586387197,44444600
2019-11-29,285.0979919433594,285.8417876970087,284.87122697075444,285.59686381058185,36592700
2019-12-02,282.67608642578125,285.4153966404745,282.24976727728045,285.3518958206147,75767800
2019-12-03,280.7803649902344,280.862024736105,278.58529565869156,279.9640166629559,73941700
2019-12-04,282.5127868652344,283.11144954756696,281.47875327303325,281.82344036418806,49080000
2019-12-05,283.020751953125,283.2293856451966,281.7145837968173,283.21125441681573,40709000
2019-12-06,285.6059265136719,286.0050350565463,284.9165521793852,284.9256316357635,48927000
2019-12-09,284.7078857421875,285.887052207936,284.63530546909504,285.21583692878045,34838500
2019-12-10,284.3903503417969,285.3155410223452,283.73726642574576,284.6534053349827,52649800
2019-12-11,285.1977233886719,285.4516989977195,284.3087949163725,284.8439568182491,53429100
2019-12-12,287.6558532714844,288.43591134323987,284.9709642525427,285.2067809563498,96389600
2019-12-13,287.8282470703125,289.0527834416107,286.6490526203965,287.42005905278955,81503900
2019-12-16,289.8055725097656,290.3951557751756,287.76468819631657,289.55159690245364,82749700
2019-12-17,289.8691101074219,290.4859041346796,289.78747804627915,290.1865865771561,61097700
2019-12-18,289.8872985839844,290.4859614985211,289.83287719914233,290.2591965012545,48133000
2019-12-19,291.07550048828125,291.14808077783215,289.823753465592,290.07772911648044,85310500
2019-12-20,292.3515625,293.48183740439526,291.13013011229833,292.10543451333706,147142100
2019-12-23,292.7982177734375,293.19016437902224,292.6523713537724,293.1354754488179,52990000
2019-12-24,292.807373046875,293.0716936318886,292.50655608135855,293.02612879098643,20270000
2019-12-26,294.3660583496094,294.3751824445798,293.1810943326841,293.1901906102919,30911200
2019-12-27,294.29302978515625,295.14985992527306,293.7643609710234,295.09517100716806,42528800
2019-12-30,292.670654296875,294.5119413986182,292.1875500985432,294.3752190438764,49729100
2019-12-31,293.3816833496094,293.62781144325504,291.82299263179215,292.1693745285005,57077300
2020-01-02,296.12530517578125,296.1435533670269,293.9923531023892,294.9129966046256,59151200
2020-01-03,293.8829650878906,295.0041439336054,292.688876931802,292.74356586892327,77709700
2020-01-06,295.0040588378906,295.08609221990963,292.0142494450799,292.13275138044804,55653900
2020-01-07,294.1747131347656,294.9130417417363,293.7280496413541,294.43903377463585,40496400
2020-01-08,295.7424621582031,296.95477064555246,294.11995883928836,294.3660590478099,68296000
2020-01-09,297.7477111816406,297.8206482880284,296.7176901384193,297.30107572009905,48473300
2020-01-10,296.89093017578125,298.48608887965315,296.42607426931494,298.3311461832845,53029300
2020-01-13,298.932861328125,298.9419576082333,297.08247766903025,297.5108929899719,47086800
2020-01-14,298.47698974609375,299.5434516916106,297.9209485381816,298.4952101168568,62832800
2020-01-15,299.15155029296875,299.90809914567166,298.30384393795646,298.38587734482564,72056600
2020-01-16,301.6399841308594,301.6399841308594,300.30004962435345,300.52792945323296,54050300
2020-01-17,302.5788269042969,302.7884585291991,301.5761501633732,302.3509470912397,95846000
2020-01-21,301.9863586425781,302.7885001455664,301.5488471444855,301.62175645504635,77742400
2020-01-22,302.0228271484375,303.49038781097767,301.8678844320141,302.84318902456715,48914900
2020-01-23,302.3692321777344,302.77942705597485,300.2636244798141,301.37567931823935,51963000
2020-01-24,299.6801452636719,303.1074662187742,298.3948999055085,303.0254328321711,87578400
2020-01-27,294.8764953613281,296.3531521856209,294.1108224827082,294.4480801750021,84062500
2020-01-28,297.96661376953125,298.8416646744203,294.9677069156235,296.2985175568416,63834000
2020-01-29,297.72039794921875,299.55256045074896,297.5198626116515,299.324680649757,53888900
2020-01-30,298.6866455078125,298.89630496665,294.91296997027223,295.6603946749964,75491800
2020-01-31,293.26312255859375,298.22178991387807,292.3516032332454,298.0668193889295,113845600
2020-02-03,295.44158935546875,297.30109625380913,294.6212276647578,294.73972960780577,69083000
2020-02-04,299.9445495605469,300.81050405404096,298.7231169921296,299.04215432222543,62573200
2020-02-05,303.4083557128906,303.6180152040548,301.4121536768775,302.8705625667215,65951100
2020-02-06,304.42919921875,304.6206104661579,303.3535853975724,304.365386197161,50359700
2020-02-07,302.8066711425781,304.4382703838826,302.25975409202255,303.3718085617881,64139400
2020-02-10,305.0672607421875,305.13107376686384,301.88606741089336,301.92253597033135,42070000
2020-02-11,305.5960388183594,307.2002942348692,305.0673419265735,306.4164008111858,54864500
2020-02-12,307.5648498535156,307.77448148627434,306.6624268441835,307.02702899526753,43992700
2020-02-13,307.2366943359375,308.20290257264736,305.8694153801374,306.1428600443528,54501900
2020-02-14,307.72894287109375,307.8474448392001,306.4528213248784,307.64690946641167,64582200
2020-02-18,306.9359436035156,307.7927740817303,305.5504162851949,306.73540821888315,57226200
2020-02-19,308.4034118652344,309.0779271915285,307.61951868249895,307.9020874174254,48814700
2020-02-20,307.1365051269531,308.6769752996938,304.1558185736376,307.8565854998732,74163400
2020-02-21,303.9735107421875,306.0973387829116,303.1531209980254,305.7874255135602,113788200
2020-02-24,293.89215087890625,304.046464384972,292.81653664920486,294.5484460794996,161088400
2020-02-25,284.9864807128906,295.88824287722144,284.11143004396996,295.2775405729495,218913200
2020-02-26,283.9382629394531,289.9633921811157,283.2090586238566,286.38112799579915,194773800
2020-02-27,271.1861572265625,283.99299421889395,271.1861572265625,278.43272007694435,284353500
2020-02-28,270.04681396484375,271.53259540965934,260.2753224373834,263.155727800716,384975800
2020-03-02,281.74151611328125,281.80532914475464,268.40598340350584,271.8241810091955,238703600
2020-03-03,273.6746520996094,286.0713249612982,271.240910200409,282.1153329998057,300139100
2020-03-04,285.177978515625,285.39676211227726,276.4911987598748,279.03434596352906,176613400
2020-03-05,275.6981201171875,281.1763600202487,273.4649145191371,277.9951665598652,186366800
2020-03-06,271.1405029296875,272.343714991951,264.5502366862195,267.21185726562237,228667200
2020-03-09,249.9659881591797,259.04471406948755,249.25500410266218,250.94129282702897,309417300
2020-03-10,262.90045166015625,262.9915813511426,249.30056924454237,259.4549092564181,276444100
2020-03-11,250.08441162109375,256.9937432117131,246.9123423892593,255.8634682272535,255316300
2020-03-12,226.1570587158203,243.06574485920348,225.7650981762707,233.34894558391483,392220700
2020-03-13,245.49044799804688,247.45933353297968,226.5308388762867,239.81167127714295,329566100
2020-03-16,218.62789916992188,234.1692913616769,216.35821121478764,219.84020754106757,297240000
2020-03-17,230.43215942382812,233.50398995722412,216.09395990061728,223.35875837217998,262070500
2020-03-18,218.76463317871094,226.39404531004064,207.84463580030425,215.34643578529358,327597100
2020-03-19,219.22955322265625,225.49170173938887,211.67306257425594,218.08104364257395,289322000
2020-03-20,209.78199768066406,224.14949538908877,209.50693107809147,222.37074721498362,347158800
2020-03-23,204.41822814941406,210.58882164978553,200.11806218300114,209.22268050674896,326025200
2020-03-24,222.93922424316406,223.81027088011052,214.36641010403872,214.9348708645978,235494500
2020-03-25,226.27667236328125,235.0420516206146,219.8218472180857,224.51626550550066,299430300
2020-03-26,239.48890686035156,240.9558914934752,228.34881392408727,228.77974835482536,257632800
2020-03-27,232.35556030273438,239.13129805518238,230.18256074726233,232.21803399813555,224341200
2020-03-30,239.90145874023438,240.61662346155654,232.45640344110245,234.44602980585432,171369500
2020-03-31,236.32566833496094,241.44184313996882,234.92284395447982,238.90209724302795,194881100
2020-04-01,225.68980407714844,236.24309237023044,223.62682592656952,227.36769465180856,189554600
2020-04-02,230.8977508544922,231.67708998353663,224.2595386780604,224.80967193777292,177660400
2020-04-03,227.56027221679688,232.26386743063676,224.83713961830722,229.91664470662855,135561200
2020-04-06,242.84463500976562,244.80677011871967,227.54193143111638,236.40815247528656,188061200
2020-04-07,243.0922393798828,252.16933982804701,242.87219727816253,251.41749200591784,201427200
2020-04-08,251.25241088867188,253.05866406664575,243.20221247709344,245.68694732221695,153774500
2020-04-09,255.0758056640625,257.82644327518784,252.57271536480266,254.50731705377976,189999200
2020-04-13,252.74700927734375,254.44324196832764,248.8502713568677,254.10400102631928,114839100
2020-04-14,260.2012634277344,261.2189863290575,252.6095016366842,257.6248340505204,134143400
2020-04-15,254.67242431640625,260.3387321420968,252.5635849639978,254.49821499657006,121775000
2020-04-16,255.90103149414062,256.7537225719264,252.83865783107498,255.9468642691427,131798300
2020-04-17,262.8143615722656,263.4194774380583,258.9267733430212,261.6590844120488,146684800
2020-04-20,258.1841125488281,262.95189746439894,257.9640704078135,259.11931962908403,100109300
2020-04-21,250.34474182128906,254.929138502849,249.4095069904513,253.72802881075526,126385700
2020-04-22,255.90103149414062,257.6430966582761,253.89306348455668,255.21337198348687,92951600
2020-04-23,255.8826904296875,260.33873886010645,255.58013253954968,257.17549374033564,104709700
2020-04-24,259.4493408203125,260.1186727932332,255.35088916404356,257.39554010912246,85063200
2020-04-27,263.190185546875,264.3087793852271,260.96217561684955,261.420615255831,77896600
2020-04-28,261.97991943359375,267.1786091367333,261.6773336103177,266.83019054311086,105270000
2020-04-29,268.8381042480469,270.36930460637325,266.2708540447239,267.29775412605306,118745600
2020-04-30,266.3350524902344,268.93898579069054,264.6021375509596,267.46279588157535,122901700
2020-05-01,259.2843017578125,266.5001372793607,258.1198471539412,261.5948274910563,125180000
2020-05-04,259.99951171875,260.3020696248995,255.92856473218876,257.40472721224256,80873200
2020-05-05,262.4017028808594,265.20735144767355,260.1278320243504,262.81430977989436,79569900
2020-05-06,260.6229553222656,264.4830095523587,260.192020908388,264.09793589455825,73632600
2020-05-07,263.7678527832031,265.6933050734505,263.2635803176103,263.8320410550969,75250400
2020-05-08,268.1322326660156,268.5998501465137,265.76666797978606,266.89443979354115,76452400
2020-05-11,268.1872253417969,269.56254444611375,265.7850057832069,266.20676247386785,79514200
2020-05-12,262.8419189453125,269.78267708892804,262.70436460396604,269.37009800773325,95870800
2020-05-13,258.1932373046875,263.31858964743844,255.7726623265701,262.2825114779081,144721100
2020-05-14,261.2831115722656,261.41146013220174,250.29888679853764,255.7635079143885,121977900
2020-05-15,262.4842224121094,262.5300551877956,257.95483612918537,258.8992207520091,111146300
2020-05-18,270.47930908203125,272.0838473562467,268.37049854257606,268.6913838126776,119703800
2020-05-19,267.70123291015625,271.58879193513707,267.6829053984864,269.88340997902395,95189300
2020-05-20,272.2488708496094,273.1107393357214,271.00192885833945,271.23114860505166,85861700
2020-05-21,270.36944580078125,272.9275475763484,269.27835689934,272.12068909653203,78293900
2020-05-22,270.8828125,271.05702179895974,268.8473394108852,270.08513201578137,63958200
2020-05-26,274.22027587890625,277.07178533427884,270.9011769612808,276.8333877387792,88951400
2020-05-27,278.3004455566406,278.33712857289146,272.1940244647287,277.0076420479935,104817400
2020-05-28,277.7868957519531,281.33521382254526,277.11756385460404,279.3272461114309,90405200
2020-05-29,279.02471923828125,279.61150744849493,274.5778489741923,277.3193091660714,119090800
2020-06-01,280.15252685546875,280.7576706979194,277.8695057987693,278.38295609279857,55758300
2020-06-02,282.47222900390625,282.5180897682759,279.7399459537755,281.06940446353366,74267200
2020-06-03,286.2314147949219,287.1849772402928,284.17761381806736,284.4526664557033,92567600
2020-06-04,285.4795227050781,286.98321817364206,283.3890390401753,285.2503028822557,75794400
2020-06-05,292.7962341308594,294.56580447547407,290.79744395981476,290.86163222663976,150524700
2020-06-08,296.3354187011719,296.52795553104175,293.0621526886974,293.60310815038525,73641200
2020-06-09,294.12579345703125,296.4088145420949,292.81463445829365,293.67650345846687,77479200
2020-06-10,292.48443603515625,295.59266964831977,291.7692714487275,294.70329579254934,95000800
2020-06-11,275.62310791015625,286.2039042091924,275.07300264511355,285.57125517345406,209243600
2020-06-12,278.92388916015625,283.3890875968667,273.78020888553783,282.61891221793167,194678900
2020-06-15,281.52783203125,282.65560386034076,272.07480686820895,273.24841147874247,135782700
2020-06-16,286.94659423828125,289.4038525103005,282.0963219351536,289.2571484357814,137627500
2020-06-17,285.75457763671875,288.2576679504427,285.0210574809537,287.96425988813667,83398900
2020-06-18,285.86456298828125,286.3413300443272,283.78325751672384,284.24169706401284,80828700
2020-06-19,284.23095703125,289.5169952642536,282.2878135586834,289.323611161699,135549600
2020-06-22,286.05438232421875,286.45036871018254,282.4904486423991,283.6323733290194,74649400
2020-06-23,287.3711853027344,289.6274357096655,286.9659809185993,288.6973036318922,68471200
2020-06-24,280.0408020019531,285.9530836646762,278.2081916960514,285.3360587710118,132813500
2020-06-25,283.0429992675781,283.31007226818923,277.4530430466422,279.469847494696,89468000
2020-06-26,276.3202819824219,282.1589024781775,275.7401296700566,281.94708210428337,127961000
2020-06-29,280.3815612792969,280.5196928041572,275.28890629956817,277.5727838921979,79773300
2020-06-30,283.9731140136719,285.66762102118946,279.7921834155964,279.94872310498295,113394800
2020-07-01,285.9621887207031,287.2238644355757,284.62688035991766,285.087337333443,72396500
2020-07-02,287.5369873046875,290.7325599973722,286.87392810290646,289.3880053272748,69344200
2020-07-06,291.975830078125,292.55601050927066,290.6036769406393,291.3496151795207,61713800
2020-07-07,288.9644470214844,292.408657022588,288.5868688394488,290.43791531370204,82910000
2020-07-08,291.17462158203125,291.2851267804882,287.9698584105039,289.728779659392,54638600
2020-07-09,289.51690673828125,292.0217935870357,286.10951418011626,291.782346987709,83354200
2020-07-10,292.4731140136719,292.74018697945144,288.02511114921197,289.45251680342045,57550400
2020-07-13,289.9406433105469,297.1882340667077,289.2868020526864,294.81228763297554,102997500
2020-07-14,293.6980285644531,294.4715932767716,287.3252886428625,288.52246610391046,93657000
2020-07-15,296.396240234375,297.4921303782736,294.0202658653574,296.91194993690715,87196500
2020-07-16,295.42010498046875,295.871343992354,293.85453943512255,294.49919068416483,54622500
2020-07-17,296.2764587402344,297.059241275674,294.4530388686995,296.4238083554755,62774900
2020-07-20,298.6708679199219,299.4168060932532,295.2634745052949,296.0094126786261,56308800
2020-07-21,299.3062744140625,301.07441359288947,298.3208896684092,300.6323928502155,57292200
2020-07-22,301.0100402832031,301.3231758826921,298.83669598418305,298.94720120561465,57792900
2020-07-23,297.4184875488281,301.35080976950474,296.0555523114501,300.6509058773969,75738000
2020-07-24,295.5028991699219,296.52510025578465,294.001804800679,295.56736989715625,73766600
2020-07-27,297.65789794921875,297.8328739008944,295.40164684860423,296.193647698937,48293000
2020-07-28,295.77001953125,298.04467867981947,295.47532024869815,296.9303522871835,57495000
2020-07-29,299.4076232910156,299.9693955729184,296.60803622504216,296.64488066256155,48454200
2020-07-30,298.33941650390625,298.7538392190765,294.36108771702493,296.4423351178069,61861700
2020-07-31,300.69683837890625,300.7981535361253,295.9172923240878,300.1258761780566,84986800
2020-08-03,302.787353515625,303.5516998495723,301.8111868221174,302.3545227663099,53077900
2020-08-04,303.9568786621094,303.9568786621094,301.930856580021,301.930856580021,41917900
2020-08-05,305.8447570800781,306.1026399985558,304.988313743364,305.2553866917395,42697700
2020-08-06,307.8891906738281,308.00891400036295,304.9422824929676,305.2646080403921,43679400
2020-08-07,308.1102294921875,308.39571060773704,306.0197365507583,306.9222424636981,57308300
2020-08-10,309.0311279296875,309.21529387333,306.62752769620295,308.5614527808773,44282100
2020-08-11,306.480224609375,310.84537688701096,305.7527226498275,310.2099438612299,69601100
2020-08-12,310.75323486328125,311.5267992817978,308.88378049251634,308.911406789461,53774400
2020-08-13,310.1914978027344,311.4992082489788,309.2705836615696,309.9888955675153,41816100
2020-08-14,310.2007141113281,310.734860048338,309.0771977415584,309.80472777793506,47260400
2020-08-17,311.18609619140625,311.5820825212489,310.2099294645962,311.2137224910681,35481000
2020-08-18,311.8583984375,312.2820111007127,309.98891563003593,311.58210731482745,38733900
2020-08-19,310.5598449707031,312.75159673010216,309.9980728045905,312.23588712741235,68054200
2020-08-20,311.5268249511719,312.0056901723592,308.70883001435334,308.83774337602864,42207800
2020-08-21,312.6319274902344,312.85293788001695,310.8545419255064,311.1953037485117,55106600
2020-08-24,315.7998962402344,315.87355700727335,312.604322979584,315.0631480494956,48588700
2020-08-25,316.9049987792969,316.9878776871024,315.2013018413242,316.3616627587458,38463400
2020-08-26,320.08209228515625,320.34913711570266,316.9509902417963,317.4943261404444,50790200
2020-08-27,320.7820739746094,322.227916207643,319.1244394337551,320.94785991195465,58034100
2020-08-28,322.85400390625,322.98294535067055,320.6161897272106,321.8041766053933,48588900
2020-08-31,321.6845397949219,323.5171500758055,321.4543112428884,322.6422984405211,66099200
2020-09-01,324.7143859863281,324.8156730688066,321.62009934150035,322.51338733167165,54908700
2020-09-02,329.4110412597656,330.37798998883557,325.4787193923163,326.6206721827685,69540000
2020-09-03,318.0745849609375,328.19542353260755,315.49600820932886,327.7257482737778,148011100
2020-09-04,315.4775695800781,320.32155893623025,308.3865193279406,318.7560217314167,139156300
2020-09-08,306.85784912109375,315.5420924165605,306.553959764829,310.08104920352173,114465300
2020-09-09,312.91748046875,315.37630593191915,309.98895161129644,310.85461330882225,91462300
2020-09-10,307.4840087890625,315.4406916483202,306.52625029812896,314.78685053527204,90569500
2020-09-11,307.640625,310.32048895230275,304.8226295252226,309.2614431412323,84680200
2020-09-14,311.692626953125,313.4607946662511,307.78795955439836,310.79933901286097,65605700
2020-09-15,313.26739501953125,314.97106380213984,311.70182964170226,314.14224664496544,52920900
2020-09-16,312.02410888671875,315.9287755119788,311.7478178059842,314.50136995908423,82096000
2020-09-17,309.2798767089844,310.99279204056324,306.65526515012664,307.1801930827134,91523300
2020-09-18,305.7192077636719,310.1942716478776,303.2412847248806,310.0833240814501,105877900
2020-09-21,302.3166198730469,302.4645593357365,297.4717223903731,301.14238742219266,99450800
2020-09-22,305.3956298828125,305.9503960005501,301.2904001147618,303.7960885735042,63612100
2020-09-23,298.3131408691406,306.22771947563723,297.8138486616711,305.9503223752341,93112200
2020-09-24,299.1083068847656,302.1594777085532,295.68727323191223,297.0002185553226,76681300
2020-09-25,303.9439392089844,304.7298270780176,297.38852490576954,298.25762343564503,71069400
2020-09-28,308.99224853515625,309.70418077413325,307.10605558287943,308.09538490645014,64584600
2020-09-29,307.3095397949219,309.5285759012924,306.61608924814516,308.78890660469386,51304000
2020-09-30,309.6395568847656,312.7831937729049,307.78110035892524,307.9752586146386,104081100
2020-10-01,311.62738037109375,313.1991843917802,309.7504423645945,312.22836509125534,88698700
2020-10-02,308.6686706542969,311.5996670640401,306.2184846303253,306.6900399805022,89431100
2020-10-05,314.1422424316406,314.32714558258357,310.67499091510314,310.7212096486976,45713100
2020-10-06,309.6764221191406,316.3705485681372,309.16790315798374,314.28094252067115,90128900
2020-10-07,315.06689453125,315.87129250041943,312.5981986311307,312.62593551915137,56999600
2020-10-08,317.85919189453125,317.9239207082548,316.08394633419226,316.99932011187576,45242500
2020-10-09,320.6977233886719,321.1600236881462,318.8855141153723,319.50498071538817,59528600
2020-10-12,325.8570861816406,327.3271982165751,322.74118568464945,323.2312230296276,80388500
2020-10-13,323.7303771972656,325.8939389787219,322.7687847777624,325.718262626604,73255500
2020-10-14,321.6962585449219,325.39466069842285,320.96584443553525,324.30363883511666,57727900
2020-10-15,321.2987365722656,321.77951876830656,317.2582361118935,317.7944920914556,60357700
2020-10-16,321.1044616699219,324.30357096252817,320.9287853470718,322.64852844457636,89501900
2020-10-19,316.22265625,322.9907111121093,315.3257925506402,322.36198948401005,68425600
2020-10-20,317.4893493652344,320.7254513716909,316.8051539703146,317.5633049958053,60051900
2020-10-21,316.8883972167969,319.60672543903087,316.583263194965,317.44313504454004,63575000
2020-10-22,318.62664794921875,319.2091509309516,314.96523691392366,317.10106236922707,55399300
2020-10-23,319.7083740234375,319.9025322364598,317.258188232449,319.84705846131055,49143900
2020-10-26,313.80023193359375,317.11954492115404,310.31446938243005,316.3336287158571,91473000
2020-10-27,312.7184143066406,314.475149793473,312.5057460118679,314.14230712329396,65994100
2020-10-28,302.0299377441406,312.74605184793154,301.5399007132188,307.05976563946336,127094300
2020-10-29,305.09967041015625,308.2617881868608,300.57836060996675,302.26114022168764,90597700
2020-10-30,301.9190673828125,304.8315534323046,298.27613900813606,303.5278632885841,120287300
2020-11-02,305.3031005859375,307.30021286282704,302.56626275236454,305.3031005859375,86068300
2020-11-03,310.69354248046875,312.7461569674992,305.3863439975958,308.5299804346644,93294200
2020-11-04,317.6372375488281,321.70547377095147,313.9850545875487,315.15928696801785,126959700
2020-11-05,323.83203125,325.635013295376,322.5560781983881,322.9074308608974,82039700
2020-11-06,323.7580261230469,325.0062421007633,321.4372704720032,323.5453579081126,74973000
2020-11-09,327.8262939453125,336.90587604645594,327.36399377580295,336.5267865214705,172304200
2020-11-10,327.3456115722656,328.39964160698554,324.08177251066513,326.83706430106344,85552000
2020-11-11,329.77734375,330.6002236995473,328.28872195189047,329.52768350264563,58649000
2020-11-12,326.57818603515625,329.82354332955566,324.7752317067129,328.7694850499286,67546200
2020-11-13,331.0994567871094,331.8391259274995,327.96504743366876,328.48282147525566,62892200
2020-11-16,335.232421875,335.42658008620566,332.4771021299016,333.762310414162,74541100
2020-11-17,333.4294738769531,334.63147162301595,331.3213855742676,332.82848911220765,66111000
2020-11-18,329.41668701171875,334.2431030727179,329.3796950886092,333.69759212727365,70591300
2020-11-19,330.8035583496094,331.1733928980095,327.44725409515723,328.7879360767462,59940900
2020-11-20,328.5382995605469,330.7481084092092,328.46434393216515,330.5446951604477,70417300
2020-11-23,330.5077819824219,331.76525369706286,328.1130693839732,330.34136061648553,63230600
2020-11-24,335.83331298828125,336.3788237645019,332.19964067978594,333.05025713144613,62415900
2020-11-25,335.3155517578125,335.7778519127398,334.22453016415915,335.7501150321066,45330900
2020-11-27,336.2494812011719,336.7210082758483,335.24164181075275,336.40664748720786,28514100
2020-11-30,334.7608947753906,335.74096916518056,332.08881368370197,335.47282708749947,83872700
2020-12-01,338.4222412109375,339.9570813197066,337.4144301223281,338.00618794494244,74231400
2020-12-02,339.13427734375,339.2914436515928,336.7395650672134,337.31281295054083,45927000
2020-12-03,339.0417785644531,340.4286793920205,337.94150165059074,339.03252352963375,62882000
2020-12-04,341.9635314941406,341.9635314941406,339.53182744457604,339.6242931462519,50749900
2020-12-07,341.2608642578125,341.75090149337296,339.99416583098116,341.1961354377298,48944300
2020-12-08,342.2593994140625,342.8233922079248,339.9478980295718,339.99411677063375,42458900
2020-12-09,339.18963623046875,343.0729406811119,338.35750157794257,342.9157744265064,74098300
2020-12-10,339.0788269042969,340.1236019996459,336.95222835158745,337.82135527213035,57735400
2020-12-11,338.6811828613281,339.08800937588853,335.8704174000004,337.38674768616795,57698600
2020-12-14,337.16485595703125,341.9172883370529,336.98917958686485,340.84477647871296,69216200
2020-12-15,341.7230529785156,341.7230529785156,338.3297853661233,339.69817587761173,63865300
2020-12-16,342.2593994140625,343.17474493301853,341.05740176418556,341.93578357691985,58420500
2020-12-17,344.17327880859375,344.3766920459077,343.0730019635639,343.8959099470601,64119500
2020-12-18,342.7990417480469,344.6282701572163,340.79338813671035,344.46113944048307,136542300
2020-12-21,341.5733947753906,351.415944151772,336.1600082036477,338.8899235370573,96386700
2020-12-22,340.9976501464844,342.0097572148125,339.87412260631737,341.8983367429737,47949000
2020-12-23,341.30419921875,343.20769903686835,340.97920384235437,341.9634561227385,46201400
2020-12-24,342.6318664550781,342.6597215709097,341.1926382423749,341.77759567483866,26457900
2020-12-28,345.57537841796875,345.9653500649846,344.5539768762825,345.1760839492796,39000400
2020-12-29,344.9161682128906,347.27467258670123,344.33118227864804,347.09824735774396,53680500
2020-12-30,345.4082946777344,346.4389909289521,345.0183229457008,345.7332900123292,49455300
2020-12-31,347.1631774902344,347.8874388872676,344.70254763729105,345.2132342407314,78520700
2021-01-04,342.4369201660156,348.62101162593734,338.75060828235917,348.49100217915696,110210800
2021-01-05,344.7953796386719,345.88178590422,341.74976397277425,341.79620806023695,66426200
2021-01-06,346.85675048828125,350.0416701451585,342.743317442046,343.29115366008426,107997700
2021-01-07,352.0101623535156,352.75298437501374,349.0481120785787,349.2245372676321,68766800
2021-01-08,354.0158386230469,354.2293850911422,350.1531015213458,353.3937031789076,71677200
2021-01-11,351.62945556640625,353.38438462890787,350.7287689918053,350.84948394564515,51034700
2021-01-12,351.70379638671875,352.7159036317569,349.4660070637659,351.8152452148604,52547700
2021-01-13,352.65093994140625,353.6444582491231,350.8495663690164,351.62953817301246,45303600
2021-01-14,351.4158630371094,353.89508169750326,351.0816016465891,353.3936612748807,49989100
2021-01-15,348.85321044921875,350.5988454547158,346.9961266104406,349.80031300572944,107160000
2021-01-19,351.5923156738281,352.13088573862603,349.82809207789774,351.3044700083426,51233300
2021-01-20,356.4579162597656,357.29359819142803,353.48657123958117,353.87654291716206,61836100
2021-01-21,356.7828063964844,357.44209131852733,355.86355930325504,357.0149417906809,47840100
2021-01-22,355.52008056640625,356.68075778914084,354.55438918277406,354.9350947122526,52860500
2021-01-25,356.9222106933594,357.27503278883,351.4159360582794,356.25365943655754,70402000
2021-01-26,356.3651428222656,358.2779370791173,356.1330073218045,357.8693763313574,42665300
2021-01-27,347.6553039550781,353.1429888444501,345.4268095254111,353.05012900637144,123351100
2021-01-28,350.645263671875,354.6379822958076,349.02960991918064,349.46599738570745,94198100
2021-01-29,343.62548828125,349.75387014169314,341.95409595375736,348.7881786860428,126765100
2021-02-01,349.34527587890625,350.375943628793,343.9133009262217,347.01462699809997,75817600
2021-02-02,354.28509521484375,355.8357724135965,349.42883997274356,352.52087154806475,64450700
2021-02-03,354.5636291503906,356.2814368432758,353.2915316437675,355.1114653148641,52427100
2021-02-04,358.5935974121094,358.64001317221204,354.6751494739212,355.59439688401244,47142600
2021-02-05,360.0049743652344,360.710675281438,358.54718510912704,360.4599791681368,48669800
2021-02-08,362.6048583984375,362.6512741525483,360.59920475972706,361.4534473259199,38365200
2021-02-09,362.36346435546875,362.95774475328056,361.3606516052226,361.76918395765694,35551100
2021-02-10,362.20556640625,364.24836966450124,359.8099410732521,364.09979957873327,59154400
2021-02-11,362.7904968261719,363.7004778361302,360.36701674347415,363.2826227627068,42913300
2021-02-12,364.5827331542969,364.8241347977366,361.9177938941386,361.99209312046787,50593300
2021-02-16,364.2669372558594,366.0033342269587,363.55197027023985,365.8083200461877,50972400
2021-02-17,364.3504638671875,364.6011599060725,361.5091004089487,362.5212357222634,52290600
2021-02-18,362.7997741699219,363.542596113311,360.03271000764204,361.75051763067523,59712800
2021-02-19,362.15911865234375,364.3411973179349,361.71340843442175,364.05335165745737,83241000
2021-02-22,359.3735656738281,361.77848576262124,359.1042805920692,359.401420796986,67414200
2021-02-23,359.8099670410156,361.15636405887625,353.0316228676275,357.1729115862207,107284100
2021-02-24,363.77471923828125,364.20186876131584,357.7391990571621,358.7234508505205,72433900
2021-02-25,355.0094299316406,363.87702252268934,353.5702012493284,362.51206472788135,146670500
2021-02-26,353.1801452636719,358.0271345906392,351.20237503364604,356.8850463128118,152701600
2021-03-01,361.7413330078125,362.98560406297776,353.3751899411778,358.03645997578053,105348800
2021-03-02,358.9186096191406,362.1963615356677,358.41718903694675,361.9642260505401,79595300
2021-03-03,354.1643981933594,359.1877840030245,354.06224386816876,358.22212100889243,119940200
2021-03-04,349.7817077636719,356.5600515760826,345.306129482108,353.9787065028338,183433000
2021-03-05,356.21649169921875,357.2657484566025,346.01182648724296,353.27300175449477,152039600
2021-03-08,354.44293212890625,359.97703262153334,354.1643809589317,357.17284694203045,123149200
2021-03-09,359.5035095214844,362.04770476168795,357.77640719038783,358.2778276525571,113633600
2021-03-10,361.7413330078125,363.4312860296286,360.43211389392627,361.8434873497362,109899400
2021-03-11,365.4090576171875,367.3775617218999,363.7469598417814,364.201964598063,86245000
2021-03-12,365.9011535644531,366.04042915723414,363.2455378059453,364.0533645809201,64653600
2021-03-15,368.0832824707031,368.34327305827475,364.01626458616573,366.15189953144346,73427200
2021-03-16,367.6189270019531,369.4017110962296,366.84822156602263,368.69603871329787,73722500
2021-03-17,368.87249755859375,369.67102984650717,365.19545189698175,366.3375684287189,97959300
2021-03-18,363.5055236816406,368.37107323916246,362.8276780230335,366.291148848804,115349100
2021-03-19,362.8329162597656,364.7799210991891,360.662312193328,363.20554373191754,113624500
2021-03-22,365.7301025390625,367.10885537239466,363.2893600550484,363.3452527508921,73778600
2021-03-23,362.8515625,366.5406230570263,362.0690362260645,365.09668084256,90686600
2021-03-24,361.0070495605469,365.87923909623805,360.9604817803928,364.248968775631,97588600
2021-03-25,363.0379638671875,363.829786798647,357.634764555162,359.5724734221165,116128600
2021-03-26,368.8882751464844,369.2888490443927,363.58756519155156,364.18376357430776,114409100
2021-03-29,368.701904296875,369.60554090899944,365.93510175704296,367.4163152580118,108107600
2021-03-30,367.7237243652344,368.3944651831491,366.1306971541533,367.4349359437374,76262200
2021-03-31,369.2142639160156,370.77001997622074,368.26405952663214,368.2920058783888,112734200
2021-04-01,373.2014465332031,373.25736766767085,370.93770669938243,371.14265609357545,99682900
2021-04-05,378.55804443359375,379.0983784802134,375.7819453604423,375.8564594894642,91684800
2021-04-06,378.3345642089844,379.3779328430627,377.66382316855356,377.9992079036005,62021000
2021-04-07,378.7723083496094,379.1169894924743,377.7103185696919,378.16678511784755,55836300
2021-04-08,380.5702819824219,380.626174688792,379.089068404298,380.0206514166771,57863100
2021-04-09,383.3370361328125,383.50474266034735,380.3280415787718,380.4491519037927,61104600
2021-04-12,383.476806640625,383.7469452179368,382.13532496213276,382.74084817389485,56704900
2021-04-13,384.61334228515625,385.2375154018544,382.9923969687516,383.37434940887186,56551000
2021-04-14,383.2997741699219,385.63802778616787,382.75944019749284,384.5853346192152,61659900
2021-04-15,387.4173889160156,387.687555926274,385.38654494981597,385.433112724498,60229800
2021-04-16,388.71234130859375,389.3178645876654,387.28702042046496,388.70301638087244,82037300
2021-04-19,386.8025817871094,388.2279026853113,385.4797498055928,387.7807610260529,78498500
2021-04-20,383.9706115722656,386.6908182521964,382.4986943815011,385.59155703811007,81851800
2021-04-21,387.60369873046875,387.80864810285476,383.21592286206607,383.3556830388797,66793000
2021-04-22,384.06365966796875,388.2651075101176,383.0016699793457,387.43601353904774,97582800
2021-04-23,388.22784423828125,389.63454349879055,384.548108882875,384.6226230049808,73209200
2021-04-26,389.038330078125,389.60661044348035,388.29307511302295,388.87997690212677,52182400
2021-04-27,388.9544982910156,389.53210359386003,387.8179659687333,389.33645070740164,51303100
2021-04-28,388.8427734375,390.34263698563,388.3769818956655,389.2247259133634,51238900
2021-04-29,391.32073974609375,391.9355879172904,387.9484139465216,391.56296041556226,78544300
2021-04-30,388.74957275390625,389.90475500080083,387.8552610382918,389.057011063111,85527000
2021-05-03,389.5880432128906,391.1158246327663,389.0943053331574,390.73387217038277,68128300
2021-05-04,387.18450927734375,388.09747082223015,383.5047736052085,387.6037329855272,101591200
2021-05-05,387.3056945800781,389.05707545067736,386.7467390041926,388.82417966319684,60162200
2021-05-06,390.39849853515625,390.52890537303807,385.3772524687335,387.38015025282107,74321400
2021-05-07,393.2397766113281,393.89189602548134,390.48229913565626,391.16236490015007,67733800
2021-05-10,389.3458251953125,393.81741249794896,389.22471484913274,393.59384166171475,81852400
2021-05-11,385.87103271484375,386.85850853881635,382.00496848744234,384.836989107153,116888000
2021-05-12,377.6730651855469,384.3618242624742,376.3595297518344,383.09488503627756,134811000
2021-05-13,382.2098388671875,384.1382223326197,379.17286945378146,379.2194656575238,106394000
2021-05-14,388.07879638671875,388.92654024691893,384.91142017662577,384.93936652675745,82201600
2021-05-17,387.0913391113281,387.9018401628468,385.07911651757036,386.97025720812496,65129200
2021-05-18,383.75628662109375,387.59440386559174,383.597905008926,387.3521831986254,59810200
2021-05-19,382.7501525878906,382.92715562063444,377.5985000735296,379.07974196431326,106467100
2021-05-20,386.8677978515625,388.1254406224363,383.5047967743601,383.62587868681237,78022200
2021-05-21,386.55096435546875,389.58793334205984,386.09449788680337,388.3489123133246,76578700
2021-05-24,390.4916687011719,391.5629834929008,388.54463516280316,388.7868558465473,51376700
2021-05-25,389.6252746582031,391.9262858634761,389.0476977323679,391.57227976579446,57451400
2021-05-26,390.39849853515625,390.90153289083105,389.1781270673312,390.21217056143115,43088600
2021-05-27,390.6034240722656,391.9355808710809,390.3239321287522,391.4232216191229,56707700
2021-05-28,391.30206298828125,392.42927026125136,391.06916727892735,392.1684282039611,58520200
2021-06-01,390.9574890136719,393.79880607447905,390.5196438229263,393.6590742965092,54216600
2021-06-02,391.5722961425781,392.410743642536,390.60347022695476,391.6095674253817,49097100
2021-06-03,390.1190490722656,391.25558160462,387.79941622388145,389.26200853094554,58138800
2021-06-04,393.6869812011719,393.9850945840739,390.18422002621526,391.96354696648706,55938800
2021-06-07,393.304931640625,393.8545620629477,392.3733488713357,393.67755906241075,51555000
2021-06-08,393.3889465332031,394.2553120728137,391.56305144947635,394.16214806830806,47134300
2021-06-09,392.80194091796875,394.30180423460956,392.5783701098852,394.2272616788116,48436300
2021-06-10,394.6278381347656,395.5780709347275,392.7087795402519,394.0223149057569,51020100
2021-06-11,395.2799377441406,395.39172314331665,393.89188832161483,395.17747727144723,45570800
2021-06-14,396.1650695800781,396.2675300829562,394.15284651314926,395.39183962522804,42358500
2021-06-15,395.4383544921875,396.3512876197017,394.56266421460623,396.3140447697688,51508500
2021-06-16,393.2304992675781,395.8016775286566,391.19035858653814,395.5781066988787,80386100
2021-06-17,393.10003662109375,394.07818729216916,390.63134762723126,392.8205731235447,90949700
2021-06-18,387.79693603515625,390.5166859456781,387.5913161649363,389.8250684379665,118676300
2021-06-21,393.3487548828125,393.53569247568294,388.7410312975445,389.5541556334539,72822000
2021-06-22,395.4516296386719,396.28346475320944,392.61969941589416,393.33938339648705,57700300
2021-06-23,394.9749755859375,396.33017311106846,394.8908622379778,395.52640432656335,49445400
2021-06-24,397.3115234375,397.73209014648296,396.8628904252522,397.1152589733079,45110300
2021-06-25,398.7228088378906,399.1714418641056,397.73210252899935,398.05922899461444,58129500
2021-06-28,399.52667236328125,399.69489908000827,398.0499680897806,399.2462945020696,53159600
2021-06-29,399.7415771484375,400.5453458904214,399.20883078354126,399.9098038354574,35970500
2021-06-30,400.0780029296875,400.75093815402226,399.25552337520446,399.2835611544407,64827900
2021-07-01,402.2931213378906,402.4520211210759,400.7696685970019,400.83509959729395,53441000
2021-07-02,405.3680725097656,405.72323677808726,402.37724253484845,403.45209077508554,57697700
2021-07-06,404.6296691894531,405.63908633581775,401.90056347036705,405.42411100289456,68710400
2021-07-07,406.0597229003906,406.3401292771382,403.3025789263996,405.3120296077387,63549500
2021-07-08,402.7510070800781,403.5080555398632,399.57324040832856,400.75088402251015,97595200
2021-07-09,407.05029296875,407.3493815946714,402.5547222376829,404.2557567096167,76238600
2021-07-12,408.5083923339844,408.76076088893643,406.5363351584208,406.9662573135737,52889600
2021-07-13,407.11578369140625,409.2187027689948,406.85408823599073,407.72328794262097,52911300
2021-07-14,407.72332763671875,409.29352904474496,406.48028123314407,408.8075027783235,64130400
2021-07-15,406.3307800292969,407.0597909836697,404.4334804606937,406.3868556009662,55126400
2021-07-16,403.1435852050781,407.5550430583768,402.7510563008199,407.5083229344722,75874700
2021-07-19,397.19000244140625,403.20902632092094,394.38611039278754,398.3302530154178,147987000
2021-07-20,402.8819274902344,404.1530401378472,397.0591676686946,397.85360950811923,99608200
2021-07-21,406.14373779296875,406.2839552086843,402.8351658262947,404.078212041571,64724400
2021-07-22,406.9942932128906,407.23730633204167,405.3400070746696,406.3213579405747,47878500
2021-07-23,411.1814270019531,411.51788035862415,408.2373460404216,408.91960818789283,63766600
2021-07-26,412.1907958984375,412.2001513321197,410.54586536220575,410.59258548528925,43719200
2021-07-27,410.312255859375,411.1814556139232,407.48965273178777,411.15341783224966,67397100
2021-07-28,410.1439514160156,411.51785959844165,408.72332311063053,410.93839316496434,52472400
2021-07-29,411.8450012207031,412.91982079238494,411.05991487644866,411.06927031045103,47435300
2021-07-30,409.84490966796875,411.29357581662805,409.1532635675781,409.28412555399376,68951200
2021-08-02,408.985107421875,412.1067710167303,408.6299431376853,411.5553422417352,58783300
2021-08-03,412.31231689453125,412.43382344600275,407.59244339115173,409.7794757496443,58053900
2021-08-04,410.2842102050781,412.2843051456388,410.0505525213927,411.0319033838049,46732200
2021-08-05,412.8825378417969,412.9666511964766,411.12542726136564,411.4431983310459,38969700
2021-08-06,413.5648498535156,413.98544520016867,412.9199522007403,413.20035860606686,46930000
2021-08-09,413.228271484375,413.85445807390835,412.46186747322616,413.5366870620658,41222600
2021-08-10,413.74237060546875,414.4526991663154,412.9946773475972,413.6769396016709,43339300
2021-08-11,414.77044677734375,414.8639155599606,413.6862716488568,414.80783999492405,44034300
2021-08-12,416.0135192871094,416.1537367311729,413.72369084389135,414.62092846348145,38909400
2021-08-13,416.7705078125,416.78919015715337,415.9760660634455,416.4620637284058,39470300
2021-08-16,417.7519226074219,417.8827560853764,413.91993068902,415.47142121296486,73740000
2021-08-17,415.0134582519531,415.87330259419554,412.03198379117543,415.2003672937734,92673900
2021-08-18,410.4710693359375,415.5648176300806,410.22808476985836,414.0039719428465,89351900
2021-08-19,411.1066589355469,412.3030136509168,407.61114913490746,407.7513380397817,92812200
2021-08-20,414.37786865234375,414.7049951138694,410.96647217681397,411.4524984131377,72008700
2021-08-23,418.02301025390625,418.92960333483194,414.45271350034966,416.06027973077454,54973000
2021-08-24,418.6865539550781,419.2193003480419,418.17251843232447,418.6865539550781,38744700
2021-08-25,419.5650634765625,420.07909894332823,418.4995708066867,418.87344589815075,40529700
2021-08-26,417.0882873535156,419.5183042507706,416.9948185830064,419.2846465858296,57829600
2021-08-27,420.8174743652344,421.1913209422029,417.8360001384459,417.89207569885787,77235100
2021-08-30,422.6680908203125,423.4531772582027,421.24743377041483,421.4904469021432,48357400
2021-08-31,422.04180908203125,422.91100873089704,421.4436603048322,422.57455539172196,59300200
2021-09-01,422.2660827636719,423.49044653623315,422.0324251197073,422.9764111285758,48721400
2021-09-02,423.56536865234375,424.3691375142071,422.36904227288545,423.6868752297582,42501000
2021-09-03,423.46246337890625,423.9765273755303,422.0324795543075,422.43439243098885,47170500
2021-09-07,421.9483947753906,423.2101520054819,421.27545948751975,423.1166832249812,51671500
2021-09-08,421.43438720703125,422.14471575872943,419.51837690907405,421.4157048587594,56181900
2021-09-09,419.6304626464844,422.98578312246457,419.387449559995,421.2380284408069,57970400
2021-09-10,416.3218994140625,421.9764037145198,416.2003928599835,421.5558370150139,89948200
2021-09-13,417.387451171875,419.5745125589616,415.0789117278803,419.31281705012566,83738600
2021-09-14,415.1349182128906,419.03231214319595,414.2470076652523,418.8266922544094,78197100
2021-09-15,418.6024169921875,419.0977701394543,414.4526542585058,415.5555116773011,78792200
2021-09-16,417.9388732910156,419.05105771787464,414.99476341128366,418.0790622084627,77786700
2021-09-17,413.86761474609375,417.5899866501967,413.51131271479295,417.16807262421446,118425000
2021-09-20,406.9667663574219,409.3295710757895,402.10984707082173,407.75436793021106,166445500
2021-09-21,406.582275390625,410.59530867420943,406.0572077545702,409.3013817803459,92526100
2021-09-22,410.5484924316406,412.5831513891095,406.6948671942367,408.85139337293356,102350100
2021-09-23,415.5365905761719,417.1399497351395,412.179906070705,412.41431229246786,76396000
2021-09-24,416.22113037109375,416.9337345501658,413.6895313452658,413.9051954031547,62094800
2021-09-27,415.0303039550781,416.3523298980062,414.33644206403306,415.1896841659372,61371100
2021-09-28,406.6667175292969,412.59251441684535,405.93537117136833,412.26433994291904,130436300
2021-09-29,407.3512268066406,409.77967232630994,406.78864603672207,408.04506020824715,82329200
2021-09-30,402.3723449707031,409.52639859565073,402.034785142796,408.82317995272075,140506000
2021-10-01,407.15423583984375,408.83259245748525,400.5815046124614,404.0975980601775,129240100
2021-10-04,401.903564453125,406.8917073430287,399.7657521393978,405.9915954205408,128570000
2021-10-05,406.08538818359375,408.3262970264828,402.6068074886927,403.4037658375677,90682500
2021-10-06,407.7730712890625,407.97934991567206,400.8721656243834,402.4942384202276,113032200
2021-10-07,411.29852294921875,414.1301397145414,410.86722352719846,411.0453745390407,72437500
2021-10-08,410.5484924316406,412.45189876084635,409.9202996692927,412.0674690550003,74557400
2021-10-11,407.57623291015625,412.79881127574237,407.5105922896659,409.89216791478833,65233300
2021-10-12,406.57293701171875,408.89825725037673,405.7853354665387,408.4950853785661,71181200
2021-10-13,408.03564453125,408.8513737107969,404.62270437794365,407.59495963247764,72974000
2021-10-14,414.8990783691406,415.04910180856405,411.2235756383798,411.6923881563111,70236800
2021-10-15,418.0588684082031,418.42455590539737,416.38989699593026,417.0087329506892,66260200
2021-10-18,419.2965087890625,419.6340400404351,415.621006350095,416.27735526871015,62213200
2021-10-19,422.53131103515625,422.59692303340495,420.30911592133424,420.91859501540216,46996800
2021-10-20,424.19097900390625,424.491025906163,422.87830957409244,422.99082000892685,49571600
2021-10-21,425.29730224609375,425.5223230800388,423.15951848148666,423.59081795122904,41305400
2021-10-22,424.8565673828125,426.30990306849355,422.91567707626706,424.86595278780356,58845100
2021-10-25,427.1350402832031,427.4632147429343,424.17217058163135,425.9442668817109,45214500
2021-10-26,427.5194396972656,429.89162954029996,427.14439546156063,428.68211402620443,56075100
2021-10-27,425.6254577636719,428.6446111455954,425.5504317463337,427.97890546543795,72438000
2021-10-28,429.7322692871094,429.8072666921166,427.04129028806375,427.05064707991323,51437900
2021-10-29,430.6042785644531,430.8949400235168,427.14444004690756,427.43510150597126,70162400
2021-11-01,431.3450012207031,431.96383713747196,429.61977470154915,431.5887642564896,48433600
2021-11-02,433.0889892578125,433.398421537022,431.38250486096626,431.51378609797507,48908400
2021-11-03,435.7330627441406,436.1362346004919,432.0856879971298,432.5263728629684,52509800
2021-11-04,437.7864990234375,437.8708818410705,435.9862464051318,436.3331630823048,52847100
2021-11-05,439.3055419921875,441.29330287495554,437.79597912682055,440.0087609052828,66390600
2021-11-08,439.6804504394531,440.8993800137787,438.99600255528054,440.4024399467041,50405200
2021-11-09,438.2271423339844,440.28054321030675,436.8207049454919,440.0461369788913,51149100
2021-11-10,434.70172119140625,438.2272005366199,433.2202862022842,436.53945827784827,69429700
2021-11-11,434.84228515625,436.26749330276374,434.8235429594951,436.19246728766257,34848500
2021-11-12,438.1239929199219,438.67718819768925,435.161094692695,436.1081050332003,53466700
2021-11-15,438.2740783691406,439.56800554034606,437.14894545673525,439.40862530276064,46980500
2021-11-16,440.0086364746094,441.14315465497026,437.9364933419403,438.0114907479462,48857500
2021-11-17,438.93975830078125,439.9242530537252,438.32092239942926,439.74610202390977,47858300
2021-11-18,440.4306945800781,440.69322849096955,437.25213142395177,439.9712387754805,50625600
2021-11-19,439.64300537109375,441.5651251990252,439.27731788187225,440.31806790988196,57315600
2021-11-22,438.4052734375,444.0028951339013,438.1989948186662,441.5181949166131,72762000
2021-11-23,438.98663330078125,439.83987544998917,435.4799250989726,438.07713594296996,73206500
2021-11-24,440.1587219238281,440.2806177630515,436.17381531500166,436.98954456020806,61858800
2021-11-26,430.34173583984375,434.96422009835896,429.21657442443677,433.50152742675596,112669600
2021-11-29,435.6205749511719,437.4583119148909,432.92959581507233,435.1236348523177,86268800
2021-11-30,427.1444091796875,435.0860934508205,426.9006175423312,433.18271599479897,148559600
2021-12-01,422.3999938964844,435.6861505788109,422.2031006903949,432.84514843479013,131939200
2021-12-02,428.8697204589844,430.4355669860337,422.22196184931875,422.6157769864965,127637800
2021-12-03,425.13800048828125,431.5888373689355,420.9186873888559,430.52934500421367,137331600
2021-12-06,430.1729736328125,432.0482235973753,425.2691846744251,427.6788877462588,98977500
2021-12-07,439.07098388671875,439.63356454550274,430.04165158605986,435.44238012792107,95484700
2021-12-08,440.23370361328125,440.68377393878586,437.71148993714627,439.4648728181905,72238800
2021-12-09,437.26141357421875,440.3368223530035,437.06452034105865,438.94912708653544,61272600
2021-12-10,441.3775939941406,441.52761743144606,437.41145846142433,439.9617996675269,77159800
2021-12-13,437.46771240234375,441.2088270752524,437.18640772794674,440.86191039613635,87724700
2021-12-14,434.45794677734375,436.6894990636773,431.54194649017546,434.2047983047942,97264100
2021-12-15,441.246337890625,441.49010093703475,432.00134036114184,434.5141971486355,116899300
2021-12-16,437.3551940917969,443.3747305871484,435.80808994562267,443.0934545318682,116568600
2021-12-17,432.7005615234375,437.282834000872,430.99749985758564,434.2812990838007,135511600
2021-12-20,428.0994873046875,428.49465734331153,424.48636052151494,427.6290276394633,107134800
2021-12-21,435.7019958496094,435.84312797159805,429.3507919289712,431.5148943716561,69806300
2021-12-22,440.0584716796875,440.1713773813337,435.2503599777173,435.44797367017134,58890200
2021-12-23,442.79656982421875,444.29262786782226,440.95237627994055,441.0558636062711,56439700
2021-12-27,449.06304931640625,449.11008378457836,444.12322414632985,444.17025861450196,56808600
2021-12-28,448.6960144042969,450.52139946166386,447.9338723531307,449.4958012534843,47274600
2021-12-29,449.27008056640625,450.28626060152465,447.8022490075834,448.7996209971791,54503000
2021-12-30,448.02801513671875,450.7002217741406,447.56697399413,449.69343150623797,55329000
2021-12-31,446.89892578125,448.68666632067624,446.6260799179109,447.5387725895835,65237400
2022-01-03,449.48651123046875,449.61825370387953,445.85457683489585,448.15981168840295,72668200
2022-01-04,449.3358459472656,451.6223008842784,447.48223441413006,450.9071932731494,71178700
2022-01-05,440.7076721191406,449.74050080120287,440.61357447061033,448.96894028365364,104538900
2022-01-06,440.293701171875,443.0035528678846,437.9319849605687,440.2466667010779,86858900
2022-01-07,438.5529479980469,441.479221117935,437.1980222953608,440.3030723284207,85111600
2022-01-10,438.00726318359375,438.2236562011222,429.62367048499374,435.36328278709937,119362000
2022-01-11,441.9967346191406,442.0908322693714,434.75164626994354,437.7437907456816,74303100
2022-01-12,443.1916809082031,445.2429062617321,441.2345819172256,443.7280116585806,67605400
2022-01-13,437.0851745605469,444.94185525916146,436.0595761258511,444.2926187440994,91173100
2022-01-14,437.263916015625,437.6120514809011,432.7286791584299,433.94247281173614,95890900
2022-01-18,429.52008056640625,432.7850704583351,428.4098031013755,432.57806714158636,109709100
2022-01-19,425.0601806640625,432.455790611051,424.7873060995941,431.0632487949444,109357600
2022-01-20,420.3555603027344,431.6371698449728,418.2384925675779,426.9419932565545,122379700
2022-01-21,412.1037292480469,421.58818048554997,412.0755028255823,419.2358828982697,202271200
2022-01-24,413.8538818359375,414.36198622480896,395.90115681307793,406.5053054589265,251783900
2022-01-25,408.8011474609375,413.7409730372485,401.9136123373261,407.4744480032651,167997300
2022-01-26,407.7754821777344,417.80568219701877,403.5225099061903,414.68182421507754,186391100
2022-01-27,405.7618408203125,415.5003567839677,404.07761673198485,412.3671096082244,149878300
2022-01-28,415.8392333984375,415.88626787051186,402.54404110046244,407.1168944257264,164457400
2022-01-31,423.3288879394531,423.67702338927,413.82559991033423,415.1711072435179,152251400
2022-02-01,426.1893310546875,426.82914917104256,420.5343978995624,424.0534262540882,123155400
2022-02-02,430.32940673828125,431.0539041932423,426.2834369036978,428.5887004556451,117361000
2022-02-03,420.2144470214844,426.2080966836343,419.3770152968473,424.30745056905977,118024400
2022-02-04,422.1903991699219,426.0293363499769,417.6080991681987,419.97923360740066,118454400
2022-02-07,420.8354797363281,424.3450895509773,419.50878037886775,422.95254768054906,84472900
2022-02-08,424.298095703125,425.2202068332441,418.9160368655322,420.3368340105605,81012000
2022-02-09,430.5081787109375,430.82808779311625,428.12765428405766,428.325239275932,92589900
2022-02-10,422.7737121582031,430.668007266661,420.77896856601785,424.67435811188443,140103700
2022-02-11,414.437255859375,424.92849902096657,413.0070690365457,422.85849404433793,153214600
2022-02-14,413.0822448730469,415.5098319487012,409.6196698794952,413.92909493615394,123006300
2022-02-15,419.7440185546875,419.9133771021189,416.99652213320917,417.5140448697904,88482700
2022-02-16,420.2144470214844,421.58818077331404,415.82976087005267,417.7021805621434,84863600
2022-02-17,411.2381286621094,420.18627912524965,410.63595532705654,417.03419417418587,102259100
2022-02-18,408.5753479003906,412.7436129970205,406.3077292195654,411.4921744012356,132642900
2022-02-22,404.1905822753906,409.77022506154026,400.6997521061171,406.37352124987865,124391800
2022-02-23,397.020751953125,407.662542699413,396.4561948551213,407.0979856014093,132578000
2022-02-24,402.9955749511719,403.4284183428238,386.378971556724,386.7364966376221,213942900
2022-02-25,411.8873291015625,411.97200837339045,402.58162557598797,404.22823397331,121804500
2022-02-28,410.8335266113281,412.3107765451423,405.25388303089113,406.50529284633944,145615000
2022-03-01,404.57635498046875,411.3415647709706,401.8758933767992,409.3374027412006,137785900
2022-03-02,412.01904296875,413.74091213892484,406.0724278778105,406.825151607102,117726500
2022-03-03,409.9678649902344,415.0488225356622,408.1707060110163,414.44664922565886,105501700
2022-03-04,406.6369934082031,407.76607902539786,402.600442693899,406.2417947777143,113978200
2022-03-07,394.64971923828125,406.75934432063025,394.58384800510765,406.05365494553234,137896600
2022-03-08,391.6576232910156,401.97008984857894,390.5943799836052,394.82851645161617,164772700
2022-03-09,402.1582336425781,404.134169484024,397.8394184443937,400.02235763522094,116990800
2022-03-10,400.34234619140625,401.23620227999874,395.60010497302005,397.55720444393785,93972700
2022-03-11,395.2518615722656,403.43783985789673,394.7437572588801,402.8262482347944,95636300
2022-03-14,392.36322021484375,399.4671471285895,391.2247162730047,396.02340888185535,95729200
2022-03-15,400.991455078125,401.6218547157255,393.6993329697204,394.96955062340055,106219100
2022-03-16,409.8831787109375,409.9396315604553,399.7024270341616,404.4917305799787,144954800
2022-03-17,415.0111999511719,415.0111999511719,407.5967527483876,407.9731146505722,102676900
2022-03-18,419.5566711425781,419.8775739934096,412.66663547827596,413.4028311487186,106345500
2022-03-21,419.4340515136719,421.3877829881189,415.9323761926658,419.3868421211315,88349800
2022-03-22,424.3420104980469,425.27640505720075,420.8214687288552,420.8214687288552,74650400
2022-03-23,418.87713623046875,423.303758234989,418.79219389310117,421.8125003060186,79426100
2022-03-24,425.19146728515625,425.2009149244502,419.78326986493045,420.89699675804104,64736900
2022-03-25,427.2679138183594,427.5416361124458,423.2471369609336,425.8238364518409,77101300
2022-03-28,430.3070983886719,430.3070983886719,424.7856157896072,426.6733001787727,68529800
2022-03-29,435.63037109375,436.1211874892994,431.50578514438973,434.18629362949696,86581500
2022-03-30,432.9403991699219,435.30000450918726,430.83562083793777,434.4882852945164,79666900
2022-03-31,426.2768859863281,432.9970375414447,425.823831381212,432.17589947274035,121699900
2022-04-01,427.4850158691406,427.99466991123313,423.91729355560483,427.8530993439852,89048800
2022-04-04,431.1470947265625,431.2509323439472,426.86207198374484,427.683210068739,59601000
2022-04-05,425.70111083984375,432.119225743506,424.5590699380688,429.6558116325977,74214500
2022-04-06,421.4444274902344,423.7190907497015,418.5657201739074,421.7936733149173,106898000
2022-04-07,423.5680847167969,425.3802745470558,418.62236044413095,420.5666732140926,78097200
2022-04-08,422.4354553222656,425.32361011547357,420.89698794603316,422.8129864370016,79272700
2022-04-11,415.2150573730469,420.0097628914947,414.7148221783834,419.16972953989875,89770500
2022-04-12,413.6766052246094,420.71765996000386,412.12869019333453,418.19758861647455,84363600
2022-04-13,418.41461181640625,419.1696739257571,413.2517947132498,413.4311270048809,74070400
2022-04-14,413.20465087890625,419.7549175134308,413.1008132674667,418.64116191799894,97869500
2022-04-18,413.3746032714844,415.0546413726437,411.1471205194664,412.27974277354747,66002500
2022-04-19,420.0475158691406,420.76481631207815,413.10082271070314,413.2707073837323,77821000
2022-04-20,419.7360534667969,422.4354571159878,418.5751460041488,421.8219654514646,65224400
2022-04-21,413.4594421386719,424.73836604910855,412.5533618444505,423.3509170968134,85417300
2022-04-22,402.1145324707031,413.4783716367902,401.5482213990768,412.37409241070765,132471800
2022-04-25,404.44580078125,404.6156854519276,395.31883470061024,399.87760832355883,119647700
2022-04-26,392.7326354980469,402.1144266501944,392.70432139210556,401.91619910483536,103996300
2022-04-27,393.8369445800781,399.16967497196913,391.703881227094,393.80863047196954,122030000
2022-04-28,403.78509521484375,405.51234242525084,394.14847523083597,398.57509707971343,105449100
2022-04-29,388.8630065917969,401.95409397695,388.11736315002133,399.8021348013602,145491100
2022-05-02,391.2037658691406,392.5629010819542,382.27499699533837,388.92910247552595,158312500
2022-05-03,392.99700927734375,395.4037953011167,390.1465874755705,391.7039501067172,100028200
2022-05-04,404.96490478515625,405.53121582781534,390.47692222902697,393.65766562044956,144247900
2022-05-05,390.5713195800781,401.1329155913623,386.4467339742489,400.7081751004019,172929100
2022-05-06,388.24005126953125,391.50573725161655,382.9451102963641,388.01353835630266,151770800
2022-05-09,375.80963134765625,383.5868812355381,374.23340232623997,382.35045035687074,155586100
2022-05-10,376.67791748046875,383.27536414376215,372.6477223262594,381.77465875186067,132497200
2022-05-11,370.69403076171875,381.35001745771194,369.94838734516037,375.7152782695393,142361000
2022-05-12,370.3070068359375,373.57269244374504,363.5207798183708,367.5037946408941,125090800
2022-05-13,379.1603088378906,380.53831045425517,373.3934177273955,374.43164996045624,104174400
2022-05-16,377.6217956542969,381.28390774009296,375.271637959596,377.51798684544667,78622400
2022-05-17,385.3896484375,385.62560898408395,379.9719747013643,383.70016285890136,83029700
2022-05-18,369.8539733886719,381.12345103452697,368.61754246873323,380.840309909265,117674500
2022-05-19,367.5887451171875,372.0059481432004,365.3707103676318,366.7959211904098,98510700
2022-05-20,367.749267578125,374.7336946022532,359.1697448163897,371.1659719805041,131432200
2022-05-23,374.6298828125,375.39439273940906,368.45714636210454,370.7695426186861,76414900
2022-05-24,371.7699890136719,372.9592105064328,365.2291411864955,370.5146628553773,91448800
2022-05-25,375.0545654296875,377.01777330975807,369.8823286767236,370.278726265349,91472900
2022-05-26,382.5487060546875,384.1815635422074,376.07396194375553,376.2816083941698,82168300
2022-05-27,391.93994140625,392.0531978674875,384.8044963104918,385.0026951176574,84768700
2022-05-31,389.74072265625,393.07248421298215,387.00358624823434,390.3259001664865,95937000
2022-06-01,386.58831787109375,392.8648626531449,384.07769419751776,391.8549734040455,86585800
2022-06-02,393.9503173828125,393.9974979722233,384.18154466114504,386.42789374965014,79609600
2022-06-03,387.4850158691406,390.7884638335638,386.5128594774759,389.2405486758481,71874300
2022-06-06,388.6647644042969,393.21406164588547,387.4943805595861,391.48684319664267,57508900
2022-06-07,392.3929138183594,392.8459684053957,384.7194727728496,385.1819749982957,59272400
2022-06-08,388.12677001953125,392.4684496696644,387.333946070098,390.6845741806073,64350000
2022-06-09,378.8960266113281,388.61759004588066,378.8960266113281,386.3523744576506,86289800
2022-06-10,367.9096984863281,373.55388552538324,367.86251789521714,372.7044332589276,132893900
2022-06-13,353.9408264160156,360.3683895194282,352.3362831480851,358.5184668650851,170004900
2022-06-14,352.874267578125,356.7157121238985,349.7784664118968,355.6869276147928,104011800
2022-06-15,357.9049987792969,362.3410401471121,351.2225794060758,356.1683036625761,125666800
2022-06-16,346.0597229003906,350.10881384000515,343.63404163139757,349.702968623294,134473300
2022-06-17,346.8057861328125,350.1424810150499,343.3079900767023,346.47403747740344,111113900
2022-06-21,355.5361022949219,356.92005638665404,352.44587608946637,352.521725834006,76811900
2022-06-22,354.89154052734375,358.9960185982588,350.9007792220965,351.3178660517575,90059400
2022-06-23,358.370361328125,359.1002487608876,353.46963484148904,357.0243321478926,79292100
2022-06-24,369.76434326171875,369.7738317116263,361.5079743602973,361.53641078181903,98050300
2022-06-27,368.3519592285156,370.9776852889989,367.2618578134948,370.683832618729,66009600
2022-06-28,360.825439453125,372.68391795995,360.7116937770823,369.9065216331798,86548900
2022-06-29,360.5315856933594,362.3610628098229,358.71159702593604,361.37524766838453,65676000
2022-06-30,357.60260009765625,360.83500878132185,353.1568557172421,356.64519222936855,112508300
2022-07-01,361.3847351074219,361.82079880218214,354.33221338787916,356.9484798436387,74839700
2022-07-05,362.0671691894531,362.08614608538556,353.4790245086268,356.30383382402914,81438000
2022-07-06,363.2900695800781,365.7736135029027,359.8301699411462,362.2094276989218,70426200
2022-07-07,368.73114013671875,369.52738892243804,363.3090402764563,365.0626968664323,64525900
2022-07-08,368.4277648925781,370.29516685698064,365.5745188691098,367.1006548819058,72397800
2022-07-11,364.2190856933594,366.7215778956689,363.5270941091934,365.7547105106273,58366900
2022-07-12,360.9961242675781,366.0485507559225,359.25195608212715,363.66926385832295,62219200
2022-07-13,359.1003112792969,362.029407826538,355.1475033861952,355.56459025701633,84224600
2022-07-14,358.2281799316406,359.3087928722651,351.715979081912,354.1521096552973,89704800
2022-07-15,365.0721435546875,365.1858892356065,360.7211976903377,362.62649570213034,79060400
2022-07-18,362.0577087402344,368.82583601407083,360.83488501172883,368.15282155868346,63203600
2022-07-19,371.8402404785156,372.4089977632134,365.3185809223327,365.9726185323084,78506000
2022-07-20,374.2101135253906,375.62253303614597,370.6649043931411,372.02991057920354,71843800
2022-07-21,378.0207824707031,378.0681668690259,371.233676151968,373.6319110568227,64903900
2022-07-22,374.5134582519531,379.3383643459128,372.29533041038957,378.1440056178114,72197300
2022-07-25,374.9684753417969,375.8215969964553,372.73137056679104,375.1390938870878,53631500
2022-07-26,370.5321960449219,373.5370840827539,369.64114957187473,373.328540675696,52946400
2022-07-27,380.1535339355469,381.8977018374365,373.52755888438156,373.8214115297532,82342100
2022-07-28,384.9216003417969,385.61356292258694,377.4140666940386,380.95930457713075,73966600
2022-07-29,390.5332336425781,391.5190777399874,385.5850941133151,386.35290637404563,87003700
2022-08-01,389.3768005371094,391.8793213752261,387.1302364241008,387.8411758992656,69997500
2022-08-02,386.80792236328125,391.49064571833276,385.63251176391105,387.8127144423944,63435400
2022-08-03,392.8652038574219,394.0311261963377,388.64695098882254,388.9313152353376,67820600
2022-08-04,392.5997314453125,393.4718009620609,390.9598207163616,392.78929793981433,45656600
2022-08-05,391.93621826171875,392.58079648264055,388.26777497334547,388.3246478205913,56814900
2022-08-08,391.481201171875,395.87007236927724,390.3816112599049,393.6235081493515,53886100
2022-08-09,389.9266052246094,391.25368644325886,388.8554517997777,390.7512903773344,44931800
2022-08-10,398.11663818359375,398.2588492285253,395.01695232609546,396.96966387104465,68665700
2022-08-11,398.11663818359375,402.81833898357877,397.37726224840134,400.9603962309802,59489700
2022-08-12,404.8563232421875,404.9605804756404,399.10244636975136,400.0503656332881,61694500
2022-08-15,406.5246276855469,407.04600061972724,402.5907686609456,402.64764150057266,54048300
2022-08-16,407.3209228515625,409.2451978170758,404.64778356108576,405.4535207281274,59289000
2022-08-17,404.42974853515625,407.1313242254354,402.42965277199465,403.7282975362389,63563400
2022-08-18,405.6051940917969,406.28766820146114,403.33965312992564,404.628809463559,49023200
2022-08-19,400.1546936035156,403.1121973862413,399.282595061536,402.8467811218481,68016900
2022-08-22,391.8224792480469,395.5004110497399,390.921944270961,395.3297635768896,77695600
2022-08-23,390.8745422363281,393.7846615275958,390.32473282411485,391.3958862975145,49105200
2022-08-24,392.12579345703125,393.49077064865355,389.96453858867704,390.6470127203874,49177800
2022-08-25,397.66162109375,397.70900548583626,392.5238859364247,393.6139873082117,50942300
2022-08-26,384.201171875,398.0881839321778,384.1442990308555,397.547891912805,103087000
2022-08-29,381.6607360839844,384.70354880710715,380.3052184856568,381.25313774516417,65370800
2022-08-30,377.4708557128906,383.0541130826595,375.37596260732516,382.8171333082862,85652400
2022-08-31,374.5987243652344,380.3431127380741,374.46603071215685,379.10134082789193,76029700
2022-09-01,375.7741394042969,376.1153764284115,369.7264103214383,372.42798580847113,78740100
2022-09-02,371.81182861328125,380.6464427581479,370.00129941700374,379.43310730382876,99632100
2022-09-06,370.40899658203125,373.5939919026862,368.19086864195987,372.6555609471726,76637400
2022-09-07,377.0633850097656,377.8311974242417,369.87816854830936,370.0961715004415,70964200
2022-09-08,379.5279541015625,379.9829368756566,373.59396971166063,374.79784580059123,80821700
2022-09-09,385.4239501953125,386.2865601335256,381.49955084530114,381.7649670625823,76706900
2022-09-12,389.56640625,390.2868341942052,387.1871194866291,387.49046061347366,69256300
2022-09-13,372.6270751953125,382.10626800654813,371.5085373863549,380.90239200547273,122947100
2022-09-14,374.0489807128906,375.5656574561683,370.75021096587693,373.9257465690702,85023700
2022-09-15,369.8022766113281,375.33812191068284,368.53206820723454,372.49436398050875,87633800
2022-09-16,366.9810791015625,367.63783250475103,363.6973120856197,365.6295206827052,103084800
2022-09-19,369.8269348144531,369.8269348144531,363.76389056536226,363.84005187278575,73278500
2022-09-20,365.5819091796875,367.51408871168167,362.83118428153335,366.5051690967704,77274900
2022-09-21,359.20477294921875,370.55036925173334,359.1952455228189,367.504555601014,106746600
2022-09-22,356.1874694824219,360.07085382306934,355.4450564887527,358.4337342668979,89472600
2022-09-23,350.2197265625,352.76105188849385,345.7842729569001,352.7229712221048,122346900
2022-09-26,346.75506591796875,352.3707580104209,345.53674617910787,348.7538794551558,92581200
2022-09-27,345.869873046875,352.5515910179344,343.4808127042095,350.2862710344236,108294100
2022-09-28,352.6753234863281,354.3600222961964,345.1274522170946,346.821678453464,110802200
2022-09-29,345.3083190917969,349.42013004160674,342.3672197883283,349.13459770031216,112952300
2022-09-30,339.9686584472656,348.27799879138144,339.83541969328155,344.3660311283521,153711200
2022-10-03,348.9442443847656,350.7907644280534,341.90083208876825,343.6807182327434,89756500
2022-10-04,359.7568359375,359.78538917158465,348.9061712798272,354.45522944852485,103602800
2022-10-05,358.91925048828125,361.1750432151708,353.0751323104993,355.3975589353477,88065700
2022-10-06,355.2166748046875,360.4706728707626,354.7217133827097,357.52004633285617,82333500
2022-10-07,345.3083190917969,355.30235769557754,343.547458861724,351.19051769873397,107789500
2022-10-10,342.6717224121094,346.65982139917173,340.43498499131846,346.4218681376383,76042800
2022-10-11,340.50164794921875,345.5367479558779,338.56946829764377,340.9775545535183,92482800
2022-10-12,339.3785095214844,342.4814298234217,339.13102879643657,340.91094386553914,76991800
2022-10-13,348.33502197265625,349.80082219820514,331.3356258487721,332.3826260098785,147254500
2022-10-14,340.39697265625,352.41837848921915,339.7592450066515,350.7907569397952,123737000
2022-10-17,349.14410400390625,350.24821073516875,340.0637984886666,346.4695113964719,93168200
2022-10-18,353.24639892578125,357.35823847132036,349.81033854515664,357.0536513093477,97162900
2022-10-19,350.7431945800781,353.9317748856679,347.9353337780581,351.2095737934234,79746900
2022-10-20,347.80206298828125,354.7122360773966,347.0405950042413,350.2958089110657,88283100
2022-10-21,356.25421142578125,356.7396164612049,346.02221835785116,347.5260706048134,131038400
2022-10-24,360.6134948730469,361.74615500669046,355.1310410528587,357.77710987202045,85436900
2022-10-25,366.3719787597656,366.6860643599622,360.4231457883191,360.53735873384517,78846300
2022-10-26,363.611572265625,368.9036499375108,362.97387385622505,363.2308528954872,104087300
2022-10-27,361.66998291015625,366.44807462100994,361.05128110498777,364.6110821532887,81971800
2022-10-28,370.27435302734375,370.75025961760167,361.3844214069697,361.5652682350303,100302000
2022-10-31,367.5997619628906,369.68423516133385,366.69555686556424,367.81868945232327,96631300
2022-11-01,365.9911804199219,371.5783479860967,364.8204688405162,371.34039469961164,85407600
2022-11-02,356.8062438964844,369.90320408108596,356.7015583770088,365.40111675587,126990400
2022-11-03,353.1322326660156,356.1685191668986,351.01920615203176,353.5700586148132,87100100
2022-11-04,358.21490478515625,360.61346359996287,352.170885136249,358.8335775577456,103505200
2022-11-07,361.64141845703125,362.231537963315,357.4343915475703,359.50933724612685,68286900
2022-11-08,363.59259033203125,366.56224244323937,359.5188315812918,362.74546276276726,84641100
2022-11-09,356.1018371582031,362.77405623568103,355.60687575970667,361.62234147920316,78495500
2022-11-10,375.671142578125,376.00428299719744,367.0572450041489,369.35108918360226,141455800
2022-11-11,379.3070983886719,380.1066180137116,374.64319033872147,376.5277909851231,93839900
2022-11-14,376.0804443359375,380.89661702699635,375.80441036199727,377.5462448649226,71903500
2022-11-15,379.28802490234375,382.9239582221826,375.4807721813481,381.8198514474499,93194500
2022-11-16,376.39459228515625,378.6123045593404,375.76639200285024,377.6604912310654,68508500
2022-11-17,375.2428283691406,375.9186366580597,371.3404174691277,371.6449756187588,74496300
2022-11-18,376.9465637207031,378.64078997970154,374.10065167393867,378.57415608736795,92922500
2022-11-21,375.57586669921875,376.7466070791755,373.73887468559207,375.62347477471184,51243200
2022-11-22,380.6300964355469,380.7919174617573,376.1089836932025,377.5176776993283,60429000
2022-11-23,383.0286865234375,383.51409151080327,380.06853232216565,380.29695819857307,68261600
2022-11-25,382.9429626464844,383.4950305265415,382.191051189936,382.4670560829331,30545400
2022-11-28,376.8323669433594,381.4962458070925,376.0708989562592,379.8591259436192,67881600
2022-11-29,376.18511962890625,378.1553507626501,374.34809818392904,376.96558433179973,52310000
2022-11-30,388.0351867675781,388.0351867675781,374.51945716113363,376.4325818837763,144566700
2022-12-01,387.7496643066406,390.24341023181614,385.2463909544575,389.0726695441886,76398200
2022-12-02,387.30224609375,388.20645105003473,382.76210836744406,382.86679385886526,85342700
2022-12-05,380.3349914550781,385.41766990087285,378.98343312541476,384.4849116571129,77289800
2022-12-06,374.8525695800781,380.7157422182558,372.7681254520418,380.17323078475664,77972200
2022-12-07,374.2148742675781,376.5753814167961,373.0822142567911,374.0054742055746,65927900
2022-12-08,377.1464538574219,378.2124799961138,374.3195674856605,376.09948257287107,60737900
2022-12-09,374.3291015625,378.459967446831,374.20536119651905,375.90911499149865,81447700
2022-12-12,379.7259521484375,379.7259521484375,374.4528979931233,375.11914991787853,75405800
2022-12-13,382.6003723144531,390.7098107273862,379.8401197057134,390.45283160745686,123782500
2022-12-14,380.1541748046875,385.9602409589763,377.21307559103866,382.257673780074,108111300
2022-12-15,370.85498046875,376.20416598654884,369.1988348015829,375.2999318308924,117705900
2022-12-16,366.47662353515625,369.641590174743,364.3443519350762,368.3029384387337,119858000
2022-12-19,363.3689880371094,367.00250429400353,361.70523742151596,366.6678340994925,79878100
2022-12-20,363.8661804199219,365.4821333274918,361.2940437412651,362.6135820142311,74427200
2022-12-21,369.3069152832031,370.43520527298585,365.9220161334383,366.45747677877307,78167400
2022-12-22,364.0383605957031,369.28780122976565,358.3490543275083,366.2662563964438,100120900
2022-12-23,366.13232421875,366.2757459455611,361.4661428370809,363.0151558474651,59857300
2022-12-27,364.6885986328125,366.36192075609665,363.0152765095284,366.01770849733794,51638200
2022-12-28,360.15625,366.59137848650926,359.9267751898031,364.6216127041186,70911500
2022-12-29,366.6391296386719,367.50926042450396,362.47015297141144,362.9960715854847,66970900
2022-12-30,365.67340087890625,365.8168226274327,361.8486652893112,363.9618527124626,84022200
2023-01-03,364.1338806152344,369.49805712111817,361.2748715332829,367.5283210498985,74850700
2023-01-04,366.9451599121094,368.9722652057651,363.34989894273167,366.3905568832152,85934100
2023-01-05,362.75701904296875,365.1092230485303,362.16418974875853,364.99448566002695,76970500
2023-01-06,371.0758056640625,372.19455357778276,362.785708249104,365.84547897836046,104189600
2023-01-09,370.8654479980469,376.4495872696216,370.68379991549534,373.2654787600865,73978100
2023-01-10,373.46630859375,373.5332484725184,369.34515816722075,370.2822289287242,65358100
2023-01-11,378.1898193359375,378.26633038365287,374.2312334389066,375.0439955334967,68881100
2023-01-12,379.5667419433594,381.0297021014003,375.2256881711222,379.2894696301709,90157700
2023-01-13,381.039306640625,381.6130228505716,376.10539392375364,376.3731242643396,63903900
2023-01-17,380.34124755859375,382.69348088927234,379.66236518124305,381.0201591163604,62677300
2023-01-18,374.3364562988281,382.58832869980466,374.1356658339176,381.52697849057256,99632300
2023-01-19,371.6112976074219,373.9443593060729,370.2917592534764,372.2997219516563,86958900
2023-01-20,378.5340576171875,378.68705053096147,371.36267892386525,373.0073162714171,91806400
2023-01-23,383.07598876953125,385.0074698849866,378.3811219727352,379.3373059432333,84178800
2023-01-24,382.6648254394531,383.57318267652687,380.21699688122226,381.40265563212273,59524900
2023-01-25,382.8081970214844,383.1428671935605,376.31570073269967,378.6009940622238,84800300
2023-01-26,387.0154113769531,387.1779754700334,382.5022224600164,385.4663982164665,72287400
2023-01-27,387.9046325683594,390.2759788703347,385.7627902184548,385.97315181927854,68346200
2023-01-30,383.0376892089844,387.37877210654403,382.7412745466371,385.1508473703547,74202000
2023-01-31,388.6696472167969,388.7174447402499,383.20981606709955,383.5540574493801,86811800
2023-02-01,392.80035400390625,395.54462644508357,384.7206171548962,387.45528923844535,101459200
2023-02-02,398.51837158203125,399.981331954011,394.7892597691829,396.6824854385565,101654500
2023-02-03,394.282470703125,398.70003602985804,393.0776695484089,393.5557615392747,94736800
2023-02-06,391.8728332519531,393.26888274999055,390.21865378736663,391.8346069060138,60295300
2023-02-07,396.9980163574219,398.24104381969875,389.7118993305467,390.9549267928235,90990700
2023-02-08,392.6568908691406,396.36688886374986,391.96843733219856,395.0282373142556,76227500
2023-02-09,389.2528991699219,396.40516522520073,388.028984948847,396.25217230001425,78694900
2023-02-10,390.1612548828125,390.54372257551336,387.26401906949224,388.0767519738261,70769700
2023-02-13,394.74139404296875,394.875273798094,390.3525133608386,390.81149214644563,64913500
2023-02-14,394.5597839355469,396.8641617211256,390.6107393049538,393.2211029770664,88389300
2023-02-15,395.8409729003906,395.9174547636312,391.5285747023186,392.3700211000315,61555700
2023-02-16,390.3907470703125,394.8178830322616,390.25689650308516,390.87841017898984,76431500
2023-02-17,389.41546630859375,389.6545122847336,386.34609496505783,388.26803395095567,89257800
2023-02-21,381.6034240722656,386.4512833840668,381.3452649276504,385.39947527197734,82655900
2023-02-22,381.0776062011719,383.5541194328464,379.6241877439821,382.0146479112843,83742300
2023-02-23,383.10467529296875,384.5772067863999,378.88790045751995,383.96523503521115,96242400
2023-02-24,379.01220703125,379.84408241701556,376.39227228887677,378.0942785897589,108194400
2023-02-27,380.3030090332031,383.707021167783,379.3659383654355,382.3492272761536,80444700
2023-02-28,378.8974609375,381.78512595829335,378.79226552930106,379.82496053517093,96438600
2023-03-01,377.4440612792969,379.30863174384257,376.1436650512144,378.0847173960627,99706800
2023-03-02,380.3795166015625,381.2209631061389,375.13961830151106,375.4742885040699,85127800
2023-03-03,386.4800109863281,386.7286281625777,381.54609807414363,382.1962961869598,90120000
2023-03-06,386.74774169921875,389.5971805098177,386.30790523195174,387.3023155770407,72795900
2023-03-07,380.8193664550781,386.93896700217493,380.20742390861926,386.699921017692,108310600
2023-03-08,381.44085693359375,382.196221130841,379.2129323233864,380.9340806833584,74746600
2023-03-09,374.40338134765625,383.88873887527785,373.41851305631604,382.2249589763906,111945300
2023-03-10,369.00091552734375,375.9332484862883,367.48058669730784,373.8583166785041,189253000
2023-03-13,368.4750061035156,373.2846390345943,363.9713881978472,365.0805650006383,157790000
2023-03-14,374.56591796875,376.21055539266825,370.0909552792131,373.38980130348455,149752400
2023-03-15,372.2232666015625,372.4240570496017,366.89731528704147,368.98181836154816,172996900
2023-03-16,378.7539367675781,379.09817809644744,369.3642343818118,369.8710106095369,143254200
2023-03-17,374.3252868652344,378.55815418806935,372.9431249111748,377.425558203759,140553400
2023-03-20,377.9247131347656,378.33746367070916,374.40214170963634,375.1028011958168,93055800
2023-03-21,382.8870544433594,383.36697102971766,379.69079357481445,381.28412015653794,91524200
2023-03-22,376.36016845703125,386.3232414014182,376.3217962204962,382.71428861761933,111746600
2023-03-23,377.377685546875,383.25186087562724,374.6709485097319,379.2205491483167,119351300
2023-03-24,379.85394287109375,379.9403243336123,373.7589969312936,376.10099199884445,107682400
2023-03-27,380.564208984375,382.8966256334002,379.67157124890343,382.1287415933862,74010400
2023-03-28,379.7099914550781,380.564227707631,377.8767066648121,379.87314668350865,62871700
2023-03-29,385.22906494140625,385.4690232440617,382.6662973806607,383.8660888939379,77497900
2023-03-30,387.48468017578125,388.10856590647154,385.62260139743574,387.8589998974814,69840000
2023-03-31,392.94610595703125,393.2436518891425,388.3004877505952,388.4060846284512,112062600
2023-04-03,394.4435119628906,394.846625551224,392.0343209722465,392.42785614585927,67391100
2023-04-04,392.25506591796875,395.37452397054454,390.88248211307797,395.08655642138893,66601500
2023-04-05,391.2279968261719,392.2838191469049,389.577082640603,391.52554275858984,65200200
2023-04-06,392.7541198730469,393.03247968178334,389.3850962213968,390.43131081559227,63743300
2023-04-10,393.15728759765625,393.2340906618624,389.6635097627265,390.277787817443,63681000
2023-04-11,393.2628173828125,394.66416550169424,392.49496262249465,393.78113545650683,59297900
2023-04-12,391.6598815917969,395.61441853712375,391.0743974655557,395.32645103436823,86420400
2023-04-13,396.86224365234375,397.21737725795947,391.60234704835096,392.7445509263928,85814800
2023-04-14,395.892822265625,398.4171884519207,393.5892282764297,396.2287697684171,78161500
2023-04-17,397.3133239746094,397.3325100919648,394.5777937246766,395.80637894641507,66436400
2023-04-18,397.572509765625,399.0218673008723,396.1999552913603,398.8874765900454,63560000
2023-04-19,397.5053405761719,398.4075568472331,395.60486027089866,395.6624479202901,55227300
2023-04-20,395.3361511230469,397.08305478926667,393.79080425161,394.693049912546,75840400
2023-04-21,395.64324951171875,396.10395069254025,393.6947893230702,395.6336418065236,73457400
2023-04-24,396.0559997558594,396.47832873039835,394.1075394245126,395.44169241406223,64332100
2023-04-25,389.7690734863281,394.6450428024144,389.7114858346393,394.0883231137075,97766700
2023-04-26,388.11822509765625,391.4584559223253,387.561534606107,390.38344718568453,80447000
2023-04-27,395.8448486328125,396.11360078097556,390.4025810177756,390.65214704527966,92968400
2023-04-28,399.2234191894531,399.23302689490464,394.9041697532796,394.9617574024191,89433100
2023-05-01,398.8203125,400.8455465437123,398.58993260769745,398.7819109693187,62122300
2023-05-02,394.3378601074219,398.1580067083917,391.43917444922255,398.1099974743272,103998500
2023-05-03,391.631103515625,397.2461331896153,391.3911452329056,394.83694265774216,91531800
2023-05-04,388.8572082519531,390.91123595861524,387.52302611509293,390.58489620304397,94901900
2023-05-05,396.0559997558594,397.102214486308,392.2262744508848,392.48541888407567,87891800
2023-05-08,396.16156005859375,396.64147667611564,394.76021173712985,396.3823322476967,50046800
2023-05-09,394.4242248535156,395.53763480997924,394.1938742734827,394.6162031980649,49220100
2023-05-10,396.26715087890625,397.88927136463667,392.44700411687967,397.25577792419296,96142900
2023-05-11,395.576171875,395.8641101986985,393.5029280689923,395.4034088807809,70157100
2023-05-12,395.0577392578125,397.0254148728848,392.63897016343816,396.8142503993596,70481500
2023-05-15,396.4206848144531,396.8237983199805,393.75234992228525,395.66240845072787,54289400
2023-05-16,393.7715759277344,396.2383543170176,393.761968222226,395.31689334176326,57705500
2023-05-17,398.5515441894531,399.1562144912637,394.14591338269895,395.78721992832476,87287000
2023-05-18,402.39093017578125,402.8132591766572,398.0140926137832,398.234835528931,97177200
2023-05-19,401.805419921875,403.8210757531866,400.5864421499419,403.2931791436521,103793300
2023-05-22,401.9685363769531,403.50427528786696,400.586374286309,401.8245672616326,60745400
2023-05-23,397.4573974609375,401.90143065958665,397.0638622634379,400.3272898695882,86383500
2023-05-24,394.5778503417969,396.238372422446,393.4164603018304,395.85444497777297,89213700
2023-05-25,397.9948425292969,399.4442000783956,395.84482546980115,398.0812240048889,90961600
2023-05-26,403.149169921875,403.86904489294824,398.5707756508926,398.6475494260872,93830000
2023-05-30,403.302734375,405.60632835331285,401.920572129655,405.07843177412394,72216000
2023-05-31,401.0663146972656,402.3812815149699,399.50178187032054,401.4790359496369,110811800
2023-06-01,404.8768615722656,405.9326839874396,400.0489015795839,401.2966730663804,88865000
2023-06-02,410.7318420410156,411.5188830151562,406.92130300774403,407.44919955900986,91426200
2023-06-05,409.9447937011719,412.3635629860605,409.2441048720611,411.0773899248413,65460200
2023-06-06,410.83740234375,411.3652988856477,408.8793344192004,409.53204325524,64022200
2023-06-07,409.4168395996094,412.3635345526036,408.9945106484148,411.2309384070294,85373300
2023-06-08,411.8932189941406,412.344341762355,408.71617349799953,409.4840283285931,61952800
2023-06-09,412.63232421875,414.63837227354514,411.6436971048215,412.6899118726264,85742800
2023-06-12,416.37567138671875,416.45247445367045,412.89150113320926,413.6113761039967,76104300
2023-06-13,419.1207275390625,419.76379931662035,417.1722675057486,417.8345546921649,95899700
2023-06-14,419.619873046875,421.4243641568749,416.1740753599218,419.45671780561304,100612100
2023-06-15,424.8221740722656,426.0699454976172,418.7080413628314,418.8040012480244,110303100
2023-06-16,423.37518310546875,427.3732818174655,422.90312715218045,426.80488011436864,114165800
2023-06-20,421.1785583496094,422.3250049416328,419.107257409602,421.4386947666536,76160400
2023-06-21,419.02056884765625,420.9955241203809,418.43288044222425,420.19591625792975,76982300
2023-06-22,420.5331115722656,420.6390713007603,417.72961825633774,418.06681362984074,70637200
2023-06-23,417.3538818359375,419.13617505158805,416.6409763099136,417.0841314152319,92074500
2023-06-26,415.6487121582031,418.7026693868189,415.40786249787595,416.7855154988048,72823600
2023-06-27,420.2055969238281,420.8221567639146,416.0726085341393,416.52540707007813,72813700
2023-06-28,420.41748046875,421.4290371213432,418.5099408774898,419.126500621765,75636000
2023-06-29,422.07452392578125,422.2383146152685,419.59861200085055,420.0032229268465,67882300
2023-06-30,427.0553283691406,428.0379843526411,424.96474047999936,425.28267848094407,104964000
2023-07-03,427.546630859375,427.8259952574617,426.4290850652605,426.7084788639364,32793400
2023-07-05,426.9108581542969,427.6430505530816,425.725867203726,425.7355105986345,58418400
2023-07-06,423.56781005859375,423.9917077726785,421.06296794825374,423.3366038147622,80658300
2023-07-07,422.49847412109375,426.4388005460157,422.2576244540767,422.5755624788719,86134200
2023-07-10,423.56781005859375,423.7412147414674,421.5735680037754,422.1419696202549,62443500
2023-07-11,426.2653503417969,426.7566930521444,423.3558970583311,424.32893908451956,64463800
2023-07-12,429.6950378417969,431.1016209821125,428.62567949600117,430.0515200243212,91924500
2023-07-13,433.10546875,433.89546265173254,431.07271183277675,431.50622355890425,72425200
2023-07-14,432.835693359375,434.83954937929775,432.0746002832751,433.99178336356243,69815800
2023-07-17,434.33856201171875,435.3886628143162,432.64297129896573,432.6911588627437,52680200
2023-07-18,437.5660095214844,438.2114701147798,433.5775252322227,434.0110663595222,80668200
2023-07-19,438.5390319824219,439.7239933832524,437.48890168977437,438.3559839057652,65891700
2023-07-20,435.62957763671875,438.44271452207744,434.91667207150675,437.5467608684042,70591600
2023-07-21,435.62957763671875,437.5467608684042,435.61996364299455,437.3444259913096,71275600
2023-07-24,437.57568359375,438.3849349409323,435.7452026173443,436.77604624077406,54023400
2023-07-25,438.7702331542969,440.02263949533193,437.2576903912355,437.30587795856155,55191200
2023-07-26,438.8376770019531,440.26348802035136,436.7856334140258,437.8357342912967,71052900
2023-07-27,435.92822265625,442.6238546795818,435.02262562113657,442.2192143317386,92194400
2023-07-28,440.19610595703125,441.0246146496096,435.92822776892785,439.1941631701477,80011800
2023-07-31,441.0342102050781,441.39066294813205,439.3578768125751,440.6681140687776,62040400
2023-08-01,439.7721862792969,440.51399258801536,438.8184017102693,439.5698514127993,55291500
2023-08-02,433.6546325683594,436.9205386548979,432.9031828085776,436.66043160748643,93933400
2023-08-03,432.4118347167969,434.2904737931767,430.9956375639887,431.64112757810364,64276100
2023-08-04,430.45611572265625,436.32320952695244,429.9358722590493,434.2230076857938,100128900
2023-08-07,434.2133483886719,434.3674956833761,431.5929031798807,432.28655130575453,58357500
2023-08-08,432.3250732421875,434.20371206163696,428.97243590614755,431.6795833163524,71361300
2023-08-09,429.4349060058594,432.7586427817327,428.67381291504086,432.5948520910791,78789600
2023-08-10,429.5890808105469,435.16716703483127,428.42337671620794,431.7856284811605,93005500
2023-08-11,429.3385314941406,430.35011754971424,427.1227267257981,427.7200290859293,68690900
2023-08-14,431.7085266113281,431.7085266113281,428.1150686990038,428.4233633029166,47867400
2023-08-15,426.67962646484375,430.2923712690211,426.1111954097984,429.9358890851779,75707500
2023-08-16,423.5486145019531,427.9224233894094,423.4426253576642,426.26537646534126,80107200
2023-08-17,420.3211669921875,425.273020314269,419.8009235363625,425.01291328665195,95711300
2023-08-18,420.5234375,421.5542809321435,417.1611862051528,417.5079955464786,98852000
2023-08-21,423.2595520019531,424.00135836533855,419.3867000805202,421.5350602162778,68719000
2023-08-22,422.113037109375,425.0321333206804,421.5542789285874,425.0321333206804,64994200
2023-08-23,426.814453125,427.431042301619,423.0283039267051,423.17280782729074,68441000
2023-08-24,420.8992004394531,428.92429730681755,420.87027025881116,428.41369725884107,88517300
2023-08-25,423.8665466308594,425.1478540242897,419.0784536965099,422.6237540187648,102325100
2023-08-28,426.5543212890625,427.17088102922287,423.86643129217725,426.053335262057,61595400
2023-08-29,432.7200927734375,432.9994865828607,426.26531078000176,426.44835885508,83081900
2023-08-30,434.50238037109375,435.13822692888783,432.35399106524045,433.057282576268,69053900
2023-08-31,433.86651611328125,436.2557255535454,433.68346804802377,435.1189223908011,66084600
2023-09-01,434.67584228515625,437.06508153807744,433.2211009052936,436.58338220970904,58944100
2023-09-05,432.7972106933594,434.5506033353466,432.72979513066315,434.23269470933957,55166200
2023-09-06,429.8877258300781,432.093916863234,427.56593166865076,431.9879277285903,70758500
2023-09-07,428.5679016113281,429.24226303585164,426.5447585365695,426.89156794336543,70355400
2023-09-08,429.2133483886719,430.74514868706615,428.25959315019446,428.61604594030854,61659700
2023-09-11,432.0361022949219,432.34436749416994,430.12856253408137,431.83376742594476,60180100
2023-09-12,429.6661376953125,432.11317840274216,429.0881220484013,430.59102153155527,67565400
2023-09-13,430.1671142578125,431.3231749266096,428.78943192828973,429.8877204342684,60199300
2023-09-14,433.8761291503906,434.56977723810513,431.33277242916336,432.63336626870154,83430800
2023-09-15,428.648681640625,432.62223173023705,428.2136407942197,432.29352436707654,111848900
2023-09-18,428.9001159667969,430.1956202798295,427.8656361967372,428.3393572391215,55752200
2023-09-19,428.0106506347656,428.57140936349316,425.33263382268484,427.9816479077142,66514600
2023-09-20,424.0757141113281,429.6831231095965,423.8726655634097,429.26740761407626,82562600
2023-09-21,417.0665283203125,421.4944451347644,416.9118372759941,421.2334205936458,104095800
2023-09-22,416.12872314453125,419.6865285568745,415.71297806578804,418.09131961695476,100829700
2023-09-25,417.8786315917969,417.91728222441265,414.4851650567311,414.92023546020613,70874500
2023-09-26,411.73944091796875,415.54862280920696,410.90798029741677,414.84285049792544,96168400
2023-09-27,411.9038391113281,413.47007499335564,408.268702550775,412.90931622583537,104705800
2023-09-28,414.2917785644531,415.964347748709,410.76297593705533,411.3527373620953,92258300
2023-09-29,413.2863464355469,417.5112441372113,411.76846823252566,417.3372277775056,115111300
2023-10-02,413.1219787597656,414.36915501527096,410.3666017087048,412.4548865420046,83798600
2023-10-03,407.59185791015625,413.1799422139496,406.22867088652805,410.94664397430034,103760600
2023-10-04,410.55999755859375,411.3044205907774,406.59612415084763,408.0559969911016,87453000
2023-10-05,410.4052734375,411.24638199806213,407.18585282564163,410.2699077129364,70142700
2023-10-06,415.2779541015625,416.81515765208843,406.63478734252965,407.95929439211045,113273300
2023-10-09,417.9366149902344,418.5070215863633,412.8319288458573,413.3829806224,80374400
2023-10-10,420.1118469238281,422.7028550027733,418.1685761124723,418.5649663005958,78607300
2023-10-11,421.832763671875,422.0841107631383,418.79700772466646,421.17534896503963,62451700
2023-10-12,419.2611389160156,422.8189443567332,416.91182957643576,422.4419089154139,81154200
2023-10-13,417.1728515625,421.95850789546967,415.60664534568787,420.75965970754623,95143100
2023-10-16,421.56207275390625,422.6255551040407,419.1740835467255,419.4157827397426,75433200
2023-10-17,421.5426940917969,423.5923279162561,418.0912522340032,418.4392848901998,75324700
2023-10-18,415.9256591796875,420.73064064200355,414.8428514424272,419.77352121429993,93559800
2023-10-19,412.2712097167969,418.449056290601,411.5944695651963,416.64115074369084,121323000
2023-10-20,407.2052001953125,412.37756965755136,407.0988371910665,411.8361657385735,123919900
2023-10-23,406.4994201660156,410.3569598965053,403.92773684712256,405.6776368923659,92035100
2023-10-24,409.5641784667969,410.71466914656554,406.7701212432729,408.61670687631084,78564200
2023-10-25,403.68597412109375,407.9109007331841,403.17357302000806,407.8818980106432,94223200
2023-10-26,398.85205078125,403.47333880031834,397.93361142540357,402.6225823087564,115156800
2023-10-27,397.0441589355469,400.83401590980566,395.6229662582375,400.43762562519,107367700
2023-10-30,401.7911071777344,402.84491222424634,398.53300645045545,399.82851071417565,86562700
2023-10-31,404.314453125,404.63348310254605,400.45691364342605,402.361504611754,79665200
2023-11-01,408.6263427734375,409.43844855236455,404.74947812853236,405.28123407598383,98068100
2023-11-02,416.4574279785156,416.61211901779166,412.39686933434086,412.41619465013827,94938900
2023-11-03,420.2569580078125,421.80383898984763,418.63274625361095,418.7584345746445,100167800
2023-11-06,421.22369384765625,421.66841210779677,419.2804228673673,421.0109973746679,67831700
2023-11-07,422.4225158691406,423.0606052933152,420.0828841514639,421.22369728667144,64256100
2023-11-08,422.7318420410156,423.54394769961874,420.4308612561604,423.0218692389836,61746000
2023-11-09,419.43511962890625,423.9113935278032,419.0097266771128,423.8727133946502,83174400
2023-11-10,425.98028564453125,426.2896676737884,419.42540510915256,421.5040416459852,89462200
2023-11-13,425.57427978515625,426.6764127794683,423.86306009469695,424.64616313137293,52236100
2023-11-14,433.8307189941406,435.11654569788686,431.27836139592864,431.50073527138204,97176900
2023-11-15,434.7491149902344,436.39268111396075,433.8983292087427,435.16483047300653,77327600
2023-11-16,435.28094482421875,435.59997479434537,433.24098818272,434.30447059030485,66665800
2023-11-17,435.82232666015625,436.43141334936854,434.3721314970017,435.29057073108856,83133200
2023-11-20,439.1771240234375,440.01823251915994,435.56128392675316,435.5709613361329,69936200
2023-11-21,438.2200012207031,439.0514618608499,436.9534996970191,438.13299304399567,49244600
2023-11-22,439.911865234375,441.22672421241435,438.81940964411666,439.87321460582723,59394900
2023-11-24,440.1826171875,440.3759883694041,439.63156537724313,439.96027278304024,29737400
2023-11-27,439.38983154296875,440.36627627306393,439.00308920962266,439.55417048077294,50506000
2023-11-28,439.82489013671875,441.1203943936042,438.4423777026132,439.00310690168646,62115000
2023-11-29,439.5154724121094,443.10230972873876,439.1191116939092,441.97114450802434,63146000
2023-11-30,441.2460632324219,441.59412543023933,438.28766732031204,440.35662667945024,79752700
2023-12-01,443.8564758300781,444.38820233909854,440.0472935709732,440.6370255353667,89183400
2023-12-04,441.5264587402344,443.8757680204174,439.25448022667734,440.47265370720123,72430900
2023-12-05,441.4394226074219,442.3965419933345,439.7668535301099,440.14391844231596,69793500
2023-12-06,439.6605529785156,443.60507121667763,439.225482586349,443.57606849081975,69124700
2023-12-07,443.01531982421875,443.66305717468333,441.13973162302386,441.7391409339485,66995400
2023-12-08,444.919921875,445.451648340426,442.02917923250493,442.27087844484373,83194400
2023-12-11,446.65045166015625,446.8244975103325,444.2141343049595,444.4268307846884,65002200
2023-12-12,448.6903991699219,448.78708475043413,445.30661038207074,446.30240990232363,68327600
2023-12-13,454.8778991699219,455.12927578193285,448.709730800554,449.0674408996175,93278000
2023-12-14,456.3377685546875,458.0006602364905,453.6693999362765,456.8114895469167,119026000
2023-12-15,455.5863952636719,456.9163018501235,453.7420397034311,455.7417134699126,141553700
2023-12-18,458.1491394042969,459.12957270241793,456.13006180277284,457.1881393985243,70375300
2023-12-19,460.93505859375,461.012732509764,458.61506136543755,458.69270565753243,55761800
2023-12-20,454.54779052734375,461.96405036999886,454.1206728290634,460.0808576886502,102921000
2023-12-21,458.85772705078125,459.1295265010188,455.1107457468796,457.5278204873464,86667500
2023-12-22,459.7798767089844,461.4592269639175,457.88699725724837,459.98371888478914,67160400
2023-12-26,461.7213439941406,462.62410332069675,460.1099508863103,460.1876248035588,55387000
2023-12-27,462.5561828613281,462.7017844285322,460.98362668768385,461.5175089754055,68000300
2023-12-28,462.73089599609375,463.5656980482324,462.31349497002446,462.9153345190397,77158100
2023-12-29,461.391357421875,463.0609913493408,459.4402073535901,462.5367960308314,122283100
2024-01-02,458.8092041015625,459.7993540123723,456.7124526493962,458.3335624378489,123623700
2024-01-03,455.0622863769531,457.39200051317124,454.4604467676884,456.6542463475319,103585900
2024-01-04,453.596435546875,457.1686653982138,453.3731600721968,454.5865557790852,84232200
2024-01-05,454.2177734375,456.66396886840727,452.7713854034213,453.80034274035296,86118900
2024-01-08,460.7021179199219,460.84771948944723,454.5865853845721,454.71278328613425,74879100
2024-01-09,460.003173828125,461.02241437904433,457.54726208619434,458.05202403896755,65931400
2024-01-10,462.604736328125,463.4686883884697,459.99350610212235,460.275022232607,67310600
2024-01-11,462.40087890625,464.119036700077,458.4306513904914,463.60455806414546,77940700
2024-01-12,462.72119140625,464.58498035155515,461.3136700813151,463.8472262405501,58026400
2024-01-16,461.0224914550781,462.6532884587613,459.2072559019865,461.34284456675533,85014900
2024-01-17,458.45977783203125,458.94513616011074,456.110630489601,458.00353981867966,68843900
2024-01-18,462.5367431640625,463.09005873569527,458.58594911701266,460.12938495584103,91856200
2024-01-19,468.3028259277344,468.58434205067863,462.5853202688259,463.6628015298727,110834500
2024-01-22,469.2929382324219,471.0110958989677,468.6425450951434,469.83653714242234,75844900
2024-01-23,470.66162109375,470.90430023582877,468.7493378931313,469.83653570981716,49945300
2024-01-24,471.1761779785156,474.45717543420074,470.68110299788805,473.525295727068,81765000
2024-01-25,473.73883056640625,474.0106300348732,471.1761540957068,473.30199623812143,72525000
2024-01-26,473.13702392578125,474.7969411657135,472.2925051479898,473.3117458196852,76641600
2024-01-29,476.8839416503906,477.0295728420406,472.9040272208165,473.4476261562877,61322800
2024-01-30,476.51513671875,477.2237409528727,475.75794925118413,476.1947836172532,58618400
2024-01-31,468.7396240234375,474.7580490082776,468.7201907326481,474.31152767890586,126011100
2024-02-01,474.8746032714844,474.90372358641025,469.6327095934461,470.43842101293257,91891600
2024-02-02,479.873779296875,481.5239798187347,474.971642466127,475.31139921660196,99228200
2024-02-05,478.12646484375,479.90289286822576,475.87442477356564,479.2428126687566,75757100
2024-02-06,479.5146179199219,479.84465802363434,477.6411122849623,479.0680669349689,55918600
2024-02-07,483.513916015625,483.93131701939416,480.8541325434168,481.75692144262655,70556500
2024-02-08,483.7275085449219,484.1060726186496,482.69855130751233,483.513949705615,52343600
2024-02-09,486.523193359375,486.9599980744067,483.8925299274153,484.2322866772762,63979400
2024-02-12,486.30963134765625,488.75582660767503,485.59128089218916,486.49406987855394,56502300
2024-02-13,479.6116943359375,482.53356108402113,476.35010044182593,480.0485287007201,113099200
2024-02-14,483.9702453613281,484.45560372449836,479.92234357796184,482.24237077339893,68387800
2024-02-15,487.3094177246094,487.4938562363656,484.19339631478,484.66906756169146,61683000
2024-02-16,484.8826904296875,488.1442842020213,484.144936285217,487.00856229426716,75532900
2024-02-20,482.21319580078125,483.8148722929186,479.970842787005,483.14507545774694,71736700
2024-02-21,482.6500549316406,482.8053731626366,479.106944807319,480.9124933217148,59293400
2024-02-22,492.638671875,493.5996718242251,488.2898508655614,489.25088043870596,76402500
2024-02-23,492.9784240722656,495.1916567031526,492.25038663284334,494.3568250348437,61321800
2024-02-26,491.1728515625,493.85203868692207,491.0466536727384,493.4152043952731,50386700
2024-02-27,492.08538818359375,492.30866367947897,489.9692329795254,491.86214231163,48854500
2024-02-28,491.4350280761719,492.01743437576624,490.17307863790023,490.5322390639573,56506600
2024-02-29,493.20166015625,494.8130532117829,490.55162288856457,493.19197313484807,83924800
2024-03-01,497.83203125,498.2591489639279,493.6676779750869,494.075392019808,76844800
2024-03-04,497.298095703125,499.1424809176813,497.00689257657365,497.03604251314806,49799300
2024-03-05,492.3280334472656,495.7449748064334,490.1245174506037,495.29842384541166,72855600
2024-03-06,494.82281494140625,497.07488469099843,493.53177482463775,495.59937641592427,68382400
2024-03-07,499.7346496582031,500.78304025779806,494.8810662776538,498.11356939849594,58652100
2024-03-08,496.7350769042969,503.04470489035225,496.16235769149256,500.3655769656846,86532500
2024-03-11,496.3079833984375,496.89041928478855,493.6093924281333,495.5314219659159,62557200
2024-03-12,501.64697265625,502.22937893995004,495.90028750048145,498.41446966211043,73114400
2024-03-13,500.8605651855469,502.1419180781509,499.4239237216424,501.9671962175004,55104100
2024-03-14,499.8705139160156,501.9866689472691,496.8321662856789,501.83132111592977,110171800
2024-03-15,496.4381103515625,498.2590153922283,494.7730358188075,496.80813351794416,107646300
2024-03-18,499.3885498046875,501.93972478311895,498.9795987021718,500.498619372016,88893300
2024-03-19,502.1636657714844,502.44602683293346,497.69420694088996,498.6971800566581,60755300
2024-03-20,506.8083801269531,506.94471696954355,501.5502591703246,502.22213711517423,69594600
2024-03-21,508.4831848144531,510.34298796408666,508.2007643189091,509.64192900671355,60256100
2024-03-22,507.5191955566406,508.8823855528386,507.2854498071945,508.39551924735605,79070800
2024-03-25,506.1170349121094,507.2660322991133,505.96120440733904,506.1462159868013,48512100
2024-03-26,505.1822509765625,507.87950952715136,504.78304672651166,507.53866742888704,65463700
2024-03-27,509.4277038574219,509.4666912006187,505.8443747669276,508.00609219695343,82999800
2024-03-28,509.3303527832031,510.8298796934876,509.04799170553036,509.46668962011773,96294900
2024-04-01,508.4441833496094,510.605900605306,507.2854391895369,510.07035956686866,62477500
2024-04-02,505.21148681640625,505.3477642225264,502.9134325371014,504.62721155274875,74230300
2024-04-03,505.76654052734375,507.2661271144131,504.07225492080545,504.1209296756727,59155800
2024-04-04,499.59307861328125,510.10938062558256,499.29122383235546,509.7685979294163,96858100
2024-04-05,504.8121643066406,506.7693762627344,500.50828302932854,500.9464745680228,74546500
2024-04-08,505.0946044921875,506.5162756490336,504.2864491311744,505.51336185898396,48401800
2024-04-09,505.6788330078125,507.0712635271461,500.8393509659492,506.8278303713481,68049200
2024-04-10,500.615478515625,502.60187193743167,498.638831930463,499.9922752896709,82652800
2024-04-11,504.3935241699219,505.8346295064768,498.6290433917763,502.1344572387197,70099000
2024-04-12,497.4313659667969,502.27081877394835,495.70784003413945,500.85889444352966,92561100
2024-04-15,491.1994323730469,501.7644075343254,490.3522600316743,501.59888962975333,92101400
2024-04-16,490.30364990234375,493.19563735543574,489.0183155418661,491.6766166443132,73484000
2024-04-17,487.40185546875,492.9229325491744,486.00942494137024,492.75738492725213,75910300
2024-04-18,486.39892578125,490.88784877913054,485.46415075166374,488.7943295112607,74548100
2024-04-19,482.1534729003906,487.3142441699,480.8876025986124,486.32104754330464,102212600
2024-04-22,486.59368896484375,489.18382142190774,482.4163675078979,484.75331996273405,67961000
2024-04-23,492.3679504394531,492.79639521919916,486.4087108687592,488.5996095177476,64633600
2024-04-24,492.1342468261719,494.0427545951939,489.914137461728,493.2540334865075,55928100
2024-04-25,490.2646789550781,491.0241892900092,484.4222826199273,486.0678932982719,69122400
2024-04-26,494.90936279296875,496.4868049205615,492.4166096033967,493.0495298783495,64306100
2024-04-29,496.662109375,497.33398732987405,493.9259228058318,496.6913201679961,46415400
2024-04-30,488.79437255859375,496.1752536684076,488.79437255859375,495.2015209263445,77483600
2024-05-01,487.2071838378906,494.84124497607075,486.7397814235659,488.2101273744075,80242800
2024-05-02,491.76422119140625,492.6016467604268,486.4281553313073,490.9073316662554,62550200
2024-05-03,497.8598327636719,499.0867158383158,495.201531622673,497.7332427499149,72756700
2024-05-06,503.0010986328125,503.0400265445959,499.8169737447077,500.2551653379584,47264700
2024-05-07,503.55609130859375,504.94852179554,502.88421343694205,503.9650423598839,52561300
2024-05-08,503.60479736328125,504.14033844049237,501.6086572944442,501.72550045922026,42047200
2024-05-09,506.5064697265625,506.5454570669787,503.1373929681529,503.7897771689901,43643700
2024-05-10,507.1589660644531,508.9116730396104,505.94180018838176,508.1034582569593,52233200
2024-05-13,507.2270202636719,508.9407991411694,506.08776976766853,508.8337028193061,36716400
2024-05-14,509.5542907714844,510.0703976103099,506.88627278339663,507.42181386177714,57535900
2024-05-15,515.8641357421875,516.1562436643347,511.38492968552964,512.0178797101214,59504900
2024-05-16,514.8026733398438,517.5583531460086,514.6565896819933,515.9614174721102,50244800
2024-05-17,515.542724609375,515.6108930215729,513.4686694664939,514.9195214966393,59187600
2024-05-20,516.1366577148438,517.5972564963745,515.2700215074756,515.6595382886503,37764200
2024-05-21,517.402587890625,517.5584184029028,515.1727614260365,515.3772666864285,33437000
2024-05-22,515.912841796875,517.4221156794935,513.7413773413039,516.7113097871478,48390000
2024-05-23,512.1445922851562,519.0678191406353,510.93711353141975,518.9607227822047,57211200
2024-05-24,515.5330810546875,516.3412958961842,513.0403275362747,513.9848197975488,41291100
2024-05-28,515.893310546875,516.5749353115505,513.2642204156563,516.3412489766735,36269600
2024-05-29,512.2807006835938,513.458938533357,511.5698948988185,511.87174962966077,45190300
2024-05-30,508.8824157714844,511.4044095336918,507.6360688600374,510.7422784507473,46377600
2024-05-31,513.5173950195312,513.6439850215788,504.7440541264526,509.8367164200918,90785800
2024-06-03,513.93603515625,515.4063808363203,508.8726139393969,515.1240197883811,46835700
2024-06-04,514.5105590820312,515.250605333056,511.17066354967966,512.6312623824123,34632700
2024-06-05,520.6256103515625,520.645104022442,514.8416361330836,516.8280887412405,47610400
2024-06-06,520.615966796875,521.3560132540258,518.6879948188819,520.9275684331457,30808500
2024-06-07,519.9830932617188,522.7874486486729,518.5516750551577,519.6422511020912,43224500
2024-06-10,521.589599609375,521.9109480214009,518.5807990347079,519.1747616812378,35686100
2024-06-11,522.8457641601562,522.9041857425336,518.0744503489441,520.0414093421914,36383400
2024-06-12,527.1399536132812,529.8274655446977,526.1077992631506,527.4028804771598,63251300
2024-06-13,528.2012939453125,529.0581834417079,525.4164327979901,528.8829186945259,44760900
2024-06-14,528.522705078125,528.551886156822,525.6696157422205,526.6725890295746,40089900
2024-06-17,532.7291259765625,534.1216160104203,527.3833430672393,527.8410283318889,55839500
2024-06-18,534.08251953125,534.2091095084603,532.3687408538616,532.7874386892827,41376400
2024-06-20,532.6317749023438,535.669816103357,530.8595742964317,535.0076850141029,70328200
2024-06-21,531.9176025390625,533.031253064821,530.4620700069489,531.8101607226251,64338600
2024-06-24,530.188720703125,534.3013827585795,530.0715005630634,531.7419769944488,45528700
2024-06-25,532.2302856445312,532.5917242597523,529.8955424418219,531.4096852385123,37936200
2024-06-26,532.8945922851562,533.6076912884868,530.4719636310322,531.1166742934914,38550600
2024-06-27,533.7346801757812,534.3110621107577,532.0153722749866,532.7578061070262,35041500
2024-06-28,531.6343383789062,537.5542520433446,530.3937489459842,534.5063503169283,76144500
2024-07-01,532.7285766601562,533.2560672380866,529.973784394742,533.0118486999152,40297800
2024-07-02,536.3135986328125,536.3135986328125,531.0775683576217,531.126400132376,40434800
2024-07-03,538.70703125,539.068469909586,535.9620173191718,536.0010708200014,32789900
2024-07-05,541.8134155273438,542.2139076372644,538.3747999305978,539.0097918869257,41488400
2024-07-08,542.4386596679688,543.3861988920726,541.3738407022457,542.5949332840256,36110500
2024-07-09,542.9661865234375,544.2947210316149,542.6731362089374,543.396013525926,27289700
2024-07-10,548.3390502929688,548.6809324242213,543.8942844683293,544.1873348127845,38701200
2024-07-11,543.61083984375,549.3255886798729,542.9759074999535,548.4561564855596,53054200
2024-07-12,547.0396728515625,550.6345620898736,544.2653840243584,544.7342644743289,53084400
2024-07-15,548.5440673828125,551.7775178290722,546.6879829958002,549.0325043663784,40584300
2024-07-16,551.7969970703125,552.090047326324,549.1008154677004,549.8530274778409,36475300
2024-07-17,544.060302734375,547.5477506768178,543.7379175635831,545.8772743812609,57119000
2024-07-18,539.879150390625,546.580551242634,537.7007404833427,545.593898977862,56270400
2024-07-19,536.2940673828125,541.2663824595259,535.2390267295067,539.644738170822,65509100
2024-07-22,541.8232421875,542.4288993582354,538.277184442637,540.2113760766848,43346700
2024-07-23,540.973388671875,543.8648979607326,540.4849516029554,541.7157629327536,34439600
2024-07-24,528.7135009765625,536.4698829953903,527.7952370228695,536.1670544374522,74515300
2024-07-25,525.9588012695312,534.7995603016705,525.0210402154329,528.8308137450439,61158300
2024-07-26,531.8493041992188,534.5357078065754,528.9675138593225,529.7392825093052,53763800
2024-07-29,532.161865234375,534.3988851266782,530.169004207153,533.3927359573876,39515800
2024-07-30,529.4656982421875,534.6822315404584,526.0661958644091,533.6271909452782,46853600
2024-07-31,538.0719604492188,540.6997538692295,534.9166765387299,536.2842643515584,65663400
2024-08-01,530.452392578125,542.0381046138815,526.9551667505608,539.7913062018092,76428700
2024-08-02,520.5762329101562,524.5716145988897,516.3756265717791,523.3603002519518,82789100
2024-08-05,505.4151306152344,511.47176200774925,498.4695402072865,499.8078827767836,146267400
2024-08-06,510.0748291015625,517.4990483238507,505.89377938390135,507.21253555376086,84826300
2024-08-07,506.6654357910156,519.2964689099484,506.06955696870784,516.2485672171777,70698300
2024-08-08,518.378173828125,519.0033278281719,509.7719169059722,511.79399346845105,63276600
2024-08-09,520.6640625,522.1489300560904,516.3365178449808,517.5576103421191,45619600
2024-08-12,520.9376220703125,523.3406939742863,518.6712672136742,521.8558860240913,42542100
2024-08-13,529.5047607421875,529.739260585726,523.8780165940644,524.122235093717,52333100
2024-08-14,531.1752319335938,532.3572709257232,527.6291745808618,530.2960214933445,42446900
2024-08-15,540.2797241210938,540.5629961238054,536.1866195717042,536.7922766972661,60846800
2024-08-16,541.4910888671875,542.1846909540823,538.5116347380534,538.6679083622046,44430700
2024-08-19,546.6685180664062,546.6685180664062,541.0514918139045,541.901367537868,39121800
2024-08-20,545.7794799804688,547.8700045132335,544.4411674580102,546.2190851764095,33732300
2024-08-21,547.6550903320312,549.1106230342316,541.9012882335657,546.8247712917706,41514600
2024-08-22,543.3568725585938,550.1559376249218,542.1455582382872,549.5502804647684,56121500
2024-08-23,549.1303100585938,550.0681307743154,544.4022125993778,546.5904609360616,50639400
2024-08-26,547.8211669921875,550.8690092024209,546.1214157161334,550.1559102385648,35788600
2024-08-27,548.5734252929688,549.0618623501647,545.4083627021253,546.5512887213379,32693900
2024-08-28,545.3887939453125,548.661357929549,542.204174863817,548.2315309438809,41066000
2024-08-29,545.4375,550.6442544077365,544.2945742697917,547.3521942445709,38715200
2024-08-30,550.6443481445312,551.1523417216108,544.2556134288437,547.8016709409602,62700100
2024-09-03,539.3126831054688,547.8407751289367,536.8021094517958,547.5086116923438,60600100
2024-09-04,538.2088012695312,541.6083040829072,536.7532683896355,537.4761456891545,47224900
2024-09-05,536.8997192382812,540.9928237930679,534.4477558926965,538.1501466111926,44264300
2024-09-06,527.8637084960938,538.8437645502386,526.9650009606123,537.2221796738046,68493800
2024-09-09,533.7738037109375,535.0437878658838,530.1300820359571,532.0545552082202,40445800
2024-09-10,536.0987548828125,536.450474898389,530.8138918516801,535.678706144088,36394600
2024-09-11,541.5984497070312,542.5167136236998,527.4728902611638,536.0107592184578,75248600
2024-09-12,546.1605224609375,546.4633510224045,539.9573366553728,542.1748597619055,51819600
2024-09-13,549.0130004882812,550.0094311099382,546.5122052774053,546.7662020730168,39310500
2024-09-16,549.8237915039062,550.0875069413107,546.9517795427174,548.7491943236346,36656100
2024-09-17,550.0484008789062,553.477237850398,547.8210997398118,552.031423916307,49321000
2024-09-18,548.4171142578125,555.5385046014119,547.8602888957543,550.702966140304,59044900
2024-09-19,557.7755737304688,559.6316584337985,554.9426745171918,557.8049085738365,75315500
2024-09-20,556.8114013671875,557.8500616857909,553.793383536953,556.4096807844697,77503100
2024-09-23,558.2026977539062,558.8494456443765,556.6642942041962,557.8793836152081,44116900
2024-09-24,559.7999267578125,559.8587165873663,556.1743944512203,558.9964258828836,46805700
2024-09-25,558.5653076171875,560.378103761662,557.4580492681129,559.6432009533316,38428600
2024-09-26,560.77978515625,563.1413061737785,558.4281322177342,562.817932214862,48336000
2024-09-27,559.966552734375,562.6611965458859,558.9377006949258,561.8479471107624,42100900
2024-09-30,562.2103881835938,562.8179029799776,556.6447321030395,558.937595094156,63557400
2024-10-01,557.173828125,562.5043247858904,554.6065728022052,561.8576367225866,72668800
2024-10-02,557.4090576171875,558.4281611024765,553.8913563966638,556.282242548741,38097800
2024-10-03,556.3900146484375,558.3301388916863,554.106899883147,555.9392527365582,40846500
2024-10-04,561.4461059570312,561.8184614824812,556.6643337627131,560.8287828388663,42939100
2024-10-07,556.3704223632812,560.4467168743025,555.22399069742,559.7999688939893,49964700
2024-10-08,561.6322631835938,562.230029540932,558.0655806170524,558.9376197622599,37398700
2024-10-09,565.5224609375,566.0809942856702,561.0248291372598,561.6225357741174,37912200
2024-10-10,564.53271484375,565.9535388259317,562.9257131010544,564.1799758679994,44138100
2024-10-11,567.9132690429688,568.6481717987969,564.3171018304082,564.4542980317323,42268000
2024-10-14,572.557861328125,573.4887501402064,569.0401003876937,569.5202272995722,36217200
2024-10-15,568.109375,573.1263074210011,566.8942852830332,572.8225499433973,54203600
2024-10-16,570.5784912109375,571.0978512020905,567.305757742965,568.1092586044506,30725400
2024-10-17,570.6275634765625,574.3216944108202,570.441385688738,574.1159000748407,34393700
2024-10-18,572.8224487304688,573.6063330690159,570.8528997080355,572.3128969974695,37416800
2024-10-21,571.8817138671875,573.0771269383695,568.9126781204517,572.0972566282711,36439000
2024-10-22,571.5780029296875,572.7342428128154,568.697181591541,569.3536780068462,34183800
2024-10-23,566.355224609375,570.0003732214365,562.8570804647936,569.5594196255329,49314600
2024-10-24,567.5801391601562,568.3836400907534,564.9639018539431,568.3052337104026,34979900
2024-10-25,567.384033203125,572.6949728800472,566.4433960638868,569.8043437567766,47268200
2024-10-28,569.1381225585938,570.9802836348513,568.8343651367928,570.8528957024953,30174700
2024-10-29,570.0592041015625,571.1762108700161,566.7864107519835,568.1778099310847,42899700
2024-10-30,568.3346557617188,571.5780244818477,567.6291179550885,569.5888588084969,41435800
2024-10-31,557.1934204101562,564.0427037299961,556.9974344033881,563.9741056373006,60182500
2024-11-01,559.5452880859375,563.9645140783009,559.1337591781606,559.8196805621591,45667500
2024-11-04,558.3399658203125,560.9758196621659,556.4586313456186,559.6823835212687,38217000
2024-11-05,565.0912475585938,565.1304208425688,559.0356559214524,559.251198693126,39478300
2024-11-06,579.1424560546875,580.0145548780888,573.606225360446,577.3395283952269,68182000
2024-11-07,583.6206665039062,584.6397701216673,581.063218798349,581.1416251858423,47233200
2024-11-08,586.148681640625,587.5695056932594,584.1693242787533,584.1693242787533,46444900
2024-11-11,586.7072143554688,588.0888053142032,584.9826328704219,587.7360663213191,37586800
2024-11-12,584.8847045898438,587.2265495486535,582.4056036057904,586.6288429184635,43006100
2024-11-13,585.1688232421875,587.1677373847895,582.9837313260188,585.3451927424278,47388600
2024-11-14,581.4061279296875,585.7763718199695,580.7202664359244,585.2962448517161,38904100
2024-11-15,573.9591064453125,578.3195418358689,572.1071369723535,577.8491633593196,75988800
2024-11-18,576.310791015625,577.6237838402152,573.5573576252949,574.4195885423085,37001700
2024-11-19,578.41748046875,579.142574989824,572.2737337790142,572.9400384688264,49412000
2024-11-20,578.6134643554688,578.8976052377521,572.8616299600318,578.495884693383,50032600
2024-11-21,581.7196044921875,583.1404284379229,575.6248397212988,581.4550801704302,46750300
2024-11-22,583.5225219726562,584.1496532645427,581.2100426161727,581.709726188909,38226400
2024-11-25,585.501953125,588.7648782973704,583.2188384863542,587.4518855330788,42441400
2024-11-26,588.5592041015625,589.2255088244219,586.0311216188419,586.746407902425,45621300
2024-11-27,586.7758178710938,588.755115442667,585.2570306878304,588.3730114334577,34000200
2024-11-29,590.4208374023438,591.2047216811674,587.314665296655,587.5889978813017,30177400
2024-12-02,591.4791259765625,592.1552388895445,590.3424429138348,590.8323780737772,31746000
2024-12-03,591.7535400390625,591.9985076527607,590.2151960547985,591.2440480710218,26906600
2024-12-04,595.4280395507812,595.6730071584342,592.7726289600115,593.4389336760423,42787600
2024-12-05,594.4481811523438,596.2315525489399,594.0954421437544,595.4280516027892,28762200
2024-12-06,595.5750122070312,596.8096584526629,594.800936138575,595.212464951605,31241500
2024-12-09,592.508056640625,595.6240374954255,591.9201582931329,595.457476264727,34742700
2024-12-10,590.6658325195312,593.6054435570935,590.0093361336401,593.184106485161,37234500
2024-12-11,595.232177734375,596.1826234477978,593.3116099521484,593.5860024095599,28677700
2024-12-12,592.1651000976562,594.9380902901107,592.1651000976562,594.3698085144841,31543800
2024-12-13,592.0474243164062,594.9086286959063,590.6755820460321,594.1933425526647,35904700
2024-12-16,594.5755615234375,595.5456834945226,593.0274092921627,593.8014854078001,43695200
2024-12-17,592.1259155273438,592.9882063411098,590.7541327283874,592.0279524011855,55773500
2024-12-18,574.4784545898438,594.2031909866316,574.0962907751041,591.822113059209,108248700
2024-12-19,574.3020629882812,581.0631932062172,574.0570953688857,579.456191269411,85919500
2024-12-20,581.2000122070312,585.722562754752,571.1323175828937,571.9778879961826,125716700
2024-12-23,584.6803588867188,585.2800771480029,577.7686569320756,580.9443313472664,57635800
2024-12-24,591.1790771484375,591.2184422848073,585.4471892507113,586.0272849416975,33160100
2024-12-26,591.2184448242188,592.3392110668057,588.0133066034633,589.4093887705021,41219100
2024-12-27,584.9950561523438,587.7184519013749,580.8165903318666,587.482441071987,64969300
2024-12-30,578.3192749023438,581.7800467977985,574.5734057798932,577.9948725430215,56578800
2024-12-31,576.2152709960938,580.6985158642835,574.583178079053,579.9807622286955,57052700
2025-01-02,574.799560546875,581.1803135593343,570.7292291618253,579.4696102256324,50204000
2025-01-03,581.9864501953125,582.6254735449975,576.5593423217554,577.6408633877121,37888500
2025-01-06,585.339111328125,589.6060884935793,583.6087253809885,586.2338281568046,47679400
2025-01-07,578.7223510742188,587.6888410122485,576.903513754268,587.3643786767495,60393100
2025-01-08,579.56787109375,580.6395509433228,575.350100693004,578.7911897402016,47304700
2025-01-10,570.7192993164062,576.0874192959229,568.8119506064235,576.0185903209236,73105000
2025-01-13,571.604248046875,571.9581742427216,565.6658729466735,566.0788468496604,47910100
2025-01-14,572.3906860351562,575.1533862250869,568.6152938144415,574.5241441869972,48420600
2025-01-15,582.802490234375,583.9429389739179,579.2827311805529,580.3937160773642,56900200
2025-01-16,581.6817016601562,584.34604932179,580.9836305712422,584.1690862304802,43319700
2025-01-17,587.5218505859375,589.2718593164872,585.584977431737,586.9122909149529,58070600
2025-01-21,592.8995361328125,592.9093774154856,588.5932548694913,590.5595911538271,42532900
2025-01-22,596.232666015625,597.5894432517595,595.1708273073808,595.7213992287225,48196000
2025-01-23,599.4869384765625,599.4869384765625,595.3281553014472,595.6034112523917,41152100
2025-01-24,597.73681640625,600.4995770008244,596.5865262707722,599.54587252364,34604700
2025-01-27,589.2816162109375,589.5962372876534,584.6312490621345,584.7983708814467,70361100
2025-01-28,594.3449096679688,595.1805787054238,587.1972570477369,590.5105293609671,44433300
2025-01-29,591.6804809570312,593.9614384934404,589.1340487911447,593.5583059073574,37177400
2025-01-30,594.8561401367188,596.3898803192325,590.6088457833347,593.7943615542468,39281300
2025-01-31,591.6903076171875,599.6933113603776,590.9332488823969,597.2746959271392,66566900
2025-02-03,587.70849609375,590.1860392450765,580.5510025263411,582.6943020815504,65857200
2025-02-04,591.6510009765625,592.1622076462813,587.2267439810199,587.7674745011321,33457800
2025-02-05,594.0499267578125,594.1974260072697,588.5049031019603,590.5302274178379,30653100
2025-02-06,596.1146240234375,596.242440705887,592.4867305159943,595.7901616750784,35771500
2025-02-07,590.6580810546875,597.8941858585465,589.9501686239648,596.6750666805723,50788500
2025-02-10,594.6693115234375,595.3083949100401,592.5948408497425,593.8631663388722,26048700
2025-02-11,595.1216430664062,595.6623736678141,592.2901133629294,592.408088766588,30056700
2025-02-12,593.2044677734375,594.3744405625547,588.4361250659014,589.1145136580423,45076100
2025-02-13,599.46728515625,599.6737721354118,593.0472263246347,594.3056507477684,40921300
2025-02-14,599.4376831054688,600.7059485220444,598.8182823186273,599.6736338799176,26910400
2025-02-18,601.1976318359375,601.1976318359375,598.1399925315113,600.5979135172886,26749000
2025-02-19,602.6133422851562,602.908280775238,599.3000698962699,599.8113366176324,31011100
2025-02-20,600.1062622070312,601.3843689751305,596.8028311734677,601.2467110134413,36554000
2025-02-21,589.842041015625,600.0276510429451,589.3799206723878,599.8899930676969,76519800
2025-02-24,587.157958984375,592.8800056614799,586.4500466079941,591.8869960824046,50737200
2025-02-25,584.2379150390625,587.8265033006376,579.6366946428752,587.098968367302,58266500
2025-02-26,584.5328979492188,589.4881049123491,581.8980139327481,585.8995163780398,43321600
2025-02-27,575.2025756835938,587.9542991571739,574.809344386224,586.8039490929929,74196700
2025-02-28,584.1788940429688,584.70978328648,572.636508577737,575.7039886670112,88744100
2025-03-03,573.944091796875,587.2856908321073,570.1392358459373,586.1451821704109,74249200
2025-03-04,567.1504516601562,575.5369060706639,562.6180601948478,569.9525173224438,109648200
2025-03-05,573.2460327148438,575.03540599116,563.4340335479696,566.9832562516485,71230500
2025-03-06,563.0703125,570.4047092717689,560.5238803180225,565.7936477589768,80094900
2025-03-07,566.2262573242188,567.6715458955733,556.1094773560538,561.2907933786839,81158800
2025-03-10,551.14453125,559.9536812738498,546.2385307775894,558.0365509948175,99326600
2025-03-11,546.5628051757812,554.5265029627828,542.7284855075093,549.984271043128,88102100
2025-03-12,549.4632568359375,553.631880779765,544.3704523001988,552.7077001878538,69588200
2025-03-13,542.138671875,549.6992388466521,540.4279685563406,549.0896792735167,74079400
2025-03-14,553.3369750976562,554.3398260143258,542.2075022062043,546.7497351697265,62660300
2025-03-17,557.6039428710938,560.1208513978755,552.8846868765244,553.3172833424321,49008700
2025-03-18,551.5770263671875,555.5096990502625,549.6499951496645,555.2933708486255,66041400
2025-03-19,557.584228515625,561.3399385264869,552.1768030039566,553.3566169353411,66556000
2025-03-20,555.9718627929688,560.966374832501,553.1304918485869,553.848245552193,62958200
2025-03-21,556.1552734375,557.0526817242638,550.2878724028328,551.5205297947124,83763000
2025-03-24,566.1151733398438,567.1703352751009,562.2890000340255,562.880651498493,58766800
2025-03-25,567.4759521484375,568.4127234708074,565.7304902910278,567.3181383211917,38355700
2025-03-26,560.7013549804688,568.3339598573967,559.3207546377017,567.2097618801449,51848300
2025-03-27,559.2123413085938,562.9793497998379,557.1020172521603,559.3109298319079,42164200
2025-03-28,547.9506225585938,558.4134627917625,547.3688420558537,557.6837393471919,71662700
2025-03-31,551.6289672851562,552.93066066187,539.2826520783074,542.201606334121,95328200
2025-04-01,553.1869506835938,555.1296497708261,545.998115405224,549.7158288612504,54609600
2025-04-02,556.687744140625,559.547472787333,547.1124411566806,547.3491017135567,76014500
2025-04-03,529.2537231445312,540.3673198616506,529.2537231445312,537.5470145495102,125986000
2025-04-04,498.2696838378906,518.5740121118964,498.05273494035157,516.404523136506,217965100
2025-04-07,497.3821716308594,515.9114550791749,475.115432610906,482.40291724281104,256611400
2025-04-08,489.5917663574219,517.6963226160137,482.3733180084264,514.6196148198313,165816600
2025-04-09,541.0084228515625,541.0084228515625,486.20939567811143,486.59399925019795,241867300
2025-04-10,517.3018798828125,526.098105010763,502.2535908103832,524.7865408671853,162331200
2025-04-11,526.531982421875,528.9874258955272,512.8544231608307,515.7536352571723,97866300
2025-04-14,531.6401977539062,536.7286411738348,526.453165817952,536.5017912856171,68034000
2025-04-15,530.151123046875,535.6931457102869,529.3622343758641,532.1825399641931,56892900
2025-04-16,518.3668823242188,530.4272422697393,513.0713913810127,524.3033791384568,83484800
2025-04-17,519.1064453125,523.8004136549424,516.6411308627585,520.3194209498447,79868100
2025-04-21,506.7503662109375,514.4618777265953,501.4055507612705,513.9293312369678,69368100
2025-04-22,519.9348754882812,521.9564215250564,511.9867032226325,512.9235348557764,75948100
2025-04-23,527.9915161132812,537.8626460694973,526.4729038847668,532.9320165359907,90590700
2025-04-24,539.1051635742188,539.8348871004667,528.0211182344198,529.2734571828396,64150400
2025-04-25,543.0003051757812,543.4045902561826,536.1467190777879,539.0656730072541,61119600
2025-04-28,543.2073974609375,545.8699492792146,537.4583271221219,543.7399439376,47613800
2025-04-29,546.6293334960938,547.7436606136026,540.9393676118534,541.2943585019403,47775100
2025-04-30,546.84619140625,548.7987614609631,534.0068741379372,539.9729233205555,93101500
2025-05-01,550.7216186523438,556.2439589647481,550.1200963901105,552.5952816524762,63186100
2025-05-02,558.8966674804688,560.4941864598073,554.5774316657111,556.894803218062,60717300
2025-05-05,555.6918334960938,558.788283367358,553.9069479669498,554.7648727126054,38659200
2025-05-06,551.0471801757812,555.5340413030556,549.2327420958744,550.1892553966732,48264700
2025-05-07,553.3645629882812,555.9975022415719,548.3254139860352,552.3784371058738,55588000
2025-05-08,557.2202758789062,562.3974366423718,553.9069074354913,557.3977713110521,65130800
2025-05-09,556.51025390625,559.6263849147109,554.9521583078488,558.6205173502777,37603400
2025-05-12,574.9015502929688,574.9114211824733,569.0340889310521,573.4026196086874,78993600
2025-05-13,578.6981201171875,580.9070323903663,574.7536167184122,575.3156554869938,67947200
2025-05-14,579.437744140625,580.8084133986617,577.4161378946785,579.6546629482465,66283500
2025-05-15,582.2678833007812,582.770756919371,576.9822030720642,577.4358426248243,71268100
2025-05-16,585.9560546875,586.2518804364249,581.104331840075,583.0469710816421,76052100
2025-05-19,586.596923828125,587.2773530559552,579.9405744991373,579.9405744991373,68168500
2025-05-20,584.6246337890625,585.8079967408526,581.4197250633151,584.8613545300925,60614500
2025-05-21,574.7733764648438,584.3585523251965,573.7478271095126,580.2759763071138,95197700
2025-05-22,575.0001831054688,578.4811762683786,573.3434386116112,574.5760959985981,70860400
2025-05-23,571.0753173828125,573.7378691727489,567.6140060747297,567.988738706783,76029000
2025-05-27,582.9483642578125,583.1061179228353,570.4048112020747,577.938827709351,72588500
2025-05-28,579.5757446289062,584.545857588394,578.8460211072919,583.3526236048898,68445500
2025-05-29,581.8635864257812,584.9699071457442,577.9388245287198,584.8318350718904,69973300
2025-05-30,581.2127075195312,582.92855680446,575.148009692676,580.7590679776305,90601200
2025-06-02,584.4867553710938,584.5656021144322,576.9428674958667,579.605419698203,61630500
2025-06-03,587.8197631835938,588.7960181097066,583.6385391723649,584.121791379625,63606200
2025-06-04,587.6619262695312,589.6539195966438,587.2280285207049,588.6776647088699,57314200
2025-06-05,584.8219604492188,590.6894216670538,582.8497086239531,589.3384339818148,92278700
2025-06-06,590.8274536132812,592.4940086999786,588.5790577947733,590.3540722792903,66588700
2025-06-09,591.3599243164062,592.9081490758875,590.1864321834666,591.3993476813894,53016400
2025-06-10,594.7128295898438,595.0973729509094,590.7781968461302,591.8924637491524,66247000
2025-06-11,593.0166625976562,596.6653405011278,590.9556931519085,595.8074157747775,73658200
2025-06-12,595.37353515625,595.37353515625,591.2022416981604,591.6854337777163,64129000
2025-06-13,588.7171630859375,593.499849631983,587.218232455665,590.1963519379123,89506000
2025-06-16,594.318359375,596.0638215052488,591.8924679557008,592.0700235861916,79984100
2025-06-17,589.2398071289062,593.4012293190596,588.4804709653109,591.8826171802143,82209400
2025-06-18,589.1510620117188,592.8785866278505,588.1944885876793,590.1371879149127,76605000
2025-06-20,587.7673950195312,592.8906208578056,586.3629131433069,591.8224395288368,94051400
2025-06-23,593.5730590820312,593.9587392448562,585.4035696790836,588.5190130228361,87426000
2025-06-24,600.13037109375,601.1885919192599,596.7972471416377,597.7072083922786,67735300
2025-06-25,600.4666748046875,601.940336500435,598.903972841808,601.247995602986,62114800
2025-06-26,605.1646118164062,605.5997923429508,601.7029677445283,602.3161684365299,78548400
2025-06-27,608.1712646484375,609.6350865938839,604.1360202356653,606.1635425121184,86258400
2025-06-30,611.0791015625,612.4340832221852,608.2998981128763,610.6142811588834,92502500
2025-07-01,610.8812866210938,612.0483479268365,608.7746241554748,609.6053849111585,70030100
2025-07-02,613.650634765625,613.6901746824169,609.8526899336259,610.4757907292374,66510400
2025-07-03,618.4869995117188,619.4167005776212,615.6088560521965,615.628656191773,51065800
2025-07-07,613.8780517578125,617.1913758193931,611.0988485499288,616.5286747873084,74814500
2025-07-08,613.5418090820312,615.2923708557059,612.7307881009865,614.5406899285775,59024600
2025-07-09,617.2210083007812,617.8737488887257,614.1055045789822,615.945166968477,66113300
2025-07-10,618.9617309570312,620.0002120765442,616.1825277796053,617.3594891460615,57529000
2025-07-11,616.7858276367188,618.0122289852302,614.7187654701638,615.9154666088177,63670200
2025-07-14,617.9628295898438,618.3089698632363,614.9858059200452,616.3308874637725,51898500
2025-07-15,615.3220825195312,620.9793689858044,615.242942324076,620.6431287961128,74317300
2025-07-16,617.3792724609375,617.883693134462,611.2769051241828,616.9045519994012,88987500
2025-07-17,621.1573486328125,621.5134493059918,617.3396644874989,617.557284919235,68885700
2025-07-18,620.7024536132812,622.5716954836944,619.5947323692288,622.4035753929759,65621600
2025-07-21,621.87939453125,624.6189973413707,621.4541141003111,621.87939453125,63375000
2025-07-22,621.9684448242188,622.828905853138,619.3277216791315,622.2058050575365,60046300
2025-07-23,627.2598266601562,627.2598266601562,622.8288811376781,624.6289433239532,70511000
2025-07-24,627.4674072265625,629.1784892953694,627.0421268182102,627.6454273719465,71307100
2025-07-25,630.1181030273438,630.5928838363332,627.8829206987424,628.1301809903662,56865400
2025-07-28,629.9598388671875,631.0477599275997,628.5751571845921,630.4938993278172,54917100
2025-07-29,628.29833984375,631.670943868378,627.388438817005,631.3544434316219,60556300
2025-07-30,627.5070190429688,630.6917023127537,624.6189756546709,628.9509803708415,80418900
2025-07-31,625.153076171875,632.8378839877031,623.8574348268075,632.4522038612699,103385200
2025-08-01,614.9066162109375,619.476041722763,612.5032535330552,619.4364414435403,140103600
2025-08-04,624.2530517578125,624.3024917393647,618.7243458354196,618.813325728958,73218000
2025-08-05,621.088134765625,625.6773001361546,620.1683337507773,624.866279158634,68051400
2025-08-06,625.845458984375,626.4981995520814,621.2463937026511,622.1562946160922,64357500
2025-08-07,625.3212280273438,629.9993730574174,622.2156245224251,629.2674923107387,74205800
2025-08-08,630.1972045898438,630.6620853000642,626.7949007710238,627.1114011688534,64051600
2025-08-11,628.9510498046875,631.947873553624,627.70484826023,630.4742118551501,58742300
2025-08-12,635.6468505859375,635.8050706066525,629.8114837326607,631.2950454377703,64730800
2025-08-13,637.8228149414062,639.1085564704525,635.6370120856271,637.8425547169825,60092800
2025-08-14,637.882080078125,638.5447207235369,635.300697252298,635.7457174616427,59327500
2025-08-15,636.388671875,639.0096552004113,635.4787708739423,638.9107148606824,68592500
2025-08-18,636.2501220703125,636.942462907598,635.1424008771667,635.814941575414,43804900
2025-08-19,632.7984008789062,637.0512656505922,631.4829592777961,636.0721245937336,69750700
2025-08-20,631.116943359375,632.649944849085,626.0135183173757,632.3928448945792,88890300
2025-08-21,628.5851440429688,630.978606926108,626.8642219548319,629.3071851926883,54805800
2025-08-22,638.2381591796875,639.4151205943501,630.2664897119097,630.7709103705197,84083200
2025-08-25,635.4292602539062,638.218363635622,635.3105801411765,636.9820621561176,51274300
2025-08-26,638.0897827148438,638.4359833484747,634.5391586749303,635.1622594491828,51581600
2025-08-27,639.543701171875,640.2755819843173,637.3578984386413,637.5062787617181,48341100
2025-08-28,641.80859375,642.362454403162,638.2678697444891,640.1470117905141,61519500
2025-08-29,637.98095703125,640.7404203673219,636.0919150690585,640.374419619015,74522200
2025-09-02,633.25341796875,633.4709780533357,627.9620114164865,630.5137545728464,81983500
2025-09-03,636.6853637695312,637.1502445176759,633.4413400681225,635.6270824559713,70820900
2025-09-04,642.0064086914062,642.0361089027498,636.4579021356687,637.3579030521721,65219200
2025-09-05,640.1469116210938,645.062476969223,636.2797877246134,644.3404359625918,85178900
2025-09-08,641.7196044921875,642.7185457406785,640.1371023874503,641.5118841129237,63133100
2025-09-09,643.203125,643.7272854003053,640.1271612550325,641.8579832056892,66133900
2025-09-10,645.0625,647.3768223058731,643.4997982019892,646.4570213518696,78034500
2025-09-11,650.4231567382812,651.1154976382888,646.4274520986086,647.0109525903231,69934400
2025-09-12,650.2054443359375,651.8868261792371,649.7010841125947,650.393364548417,72780100
2025-09-15,653.6671752929688,653.795755474802,652.1144337731963,652.4111340519337,63772400
2025-09-16,652.76708984375,654.5276118800496,651.9857691498868,654.2209512044083,61169000
2025-09-17,651.9561157226562,654.4682584259048,647.1295902463727,652.7770367516476,101952200
2025-09-18,655.00244140625,657.6036246179045,653.0342590569163,654.6365009878455,90459200
2025-09-19,658.2465209960938,659.0895125014193,654.9438659954435,656.8877828567474,97945600
2025-09-22,661.3606567382812,661.8069106980723,656.7289861632065,656.7587687117981,69452200
2025-09-23,657.7606201171875,661.8566899635472,656.540685502851,661.2417286303936,81708900
2025-09-24,655.6677856445312,659.1489540239103,654.2495430702726,659.0497999269948,68082200
2025-09-25,652.6429443359375,653.9917550046746,649.0328388399253,652.5338627083877,89622100
2025-09-26,656.3819580078125,656.9274266555326,652.4743298182361,654.0909412604747,69179200
2025-09-29,658.2266845703125,659.8135740530697,656.4216318338509,658.9010899003678,73499000
2025-09-30,660.7061157226562,661.1722852976668,656.173659297658,657.4828203674869,86288000
2025-10-01,662.95751953125,663.8699431635192,657.611793334362,657.7208749627936,72545400
2025-10-02,663.7210693359375,665.0600128657511,661.3011766397112,664.9410037342527,56896000
2025-10-03,663.7112426757812,667.1527012490268,662.6698219114437,664.4848020775174,70494400
2025-10-06,666.0914916992188,666.9841207809839,663.9591941673339,666.1014192164715,54623300
2025-10-07,663.6219482421875,667.4601442579947,662.1838505424819,667.0138297258598,72020100
2025-10-08,667.5791625976562,667.6783772359653,663.919480237528,664.7426772273783,60702200
2025-10-09,665.6452026367188,668.4023890582872,663.7112737749407,667.9957845708525,66501900
2025-10-10,647.6542358398438,668.4122493878771,647.4757221413303,666.6071968358344,159422600
2025-10-13,657.5919189453125,659.664772492732,654.3488290056752,655.2216030747315,79560500
2025-10-14,656.78857421875,660.3590300864076,647.8030207789583,651.7701536094826,88779600
2025-10-15,659.7044067382812,664.7228272522149,653.5156893256119,661.3408732132422,81702600
2025-10-16,655.2117309570312,663.2154294168515,651.710706867285,661.3409444600238,110563300
2025-10-17,658.9308471679688,660.2895852935891,652.7322022395391,654.0810128478913,96500900
2025-10-20,665.7840576171875,666.6866142382812,661.7872027532737,661.8367798071084,60493400
2025-10-21,665.7741088867188,667.4601523988813,664.4748753427003,665.9229005771253,56249000
2025-10-22,662.3128051757812,666.4783066993808,657.8497808005621,666.4783066993808,80564000
2025-10-23,666.2402954101562,667.1825015615415,662.3128121266341,662.6301900162397,65604500
2025-10-24,671.6851806640625,672.8951271271609,670.0983517375236,670.9016937183009,74356500
2025-10-27,679.6094970703125,679.9070199177999,676.5151383891614,677.1201116013259,63339800
2025-10-28,681.41455078125,683.2493254549719,679.2028936555786,681.4046232640447,61738100
2025-10-29,681.7418823242188,684.0328991417463,677.2590027977353,683.0609104229828,85657100
2025-10-30,674.2439575195312,680.303738053287,674.2439575195312,678.2805222142791,76335800
2025-10-31,676.4556274414062,679.4508319897004,673.6587916341136,679.4111219213156,87164100
2025-11-03,677.7251586914062,680.1649066224819,674.3530715971103,680.0359699637585,57315000
2025-11-04,669.6917114257812,674.3729598389511,669.0371611161902,670.5545580097922,78427000
2025-11-05,672.0125122070312,675.2655297930335,668.630497422053,669.433839434071,74402400
2025-11-06,664.8021850585938,671.8140994484131,663.2252231578799,670.9115428502156,85035300
2025-11-07,665.4567260742188,665.5658682287408,655.7769731606511,662.4218719882706,100592400
2025-11-10,675.8407592773438,676.57466917413,669.4834554774103,671.6752576501947,75842900
2025-11-11,677.3878784179688,677.9532020666294,673.1529450781785,674.3629519753922,58953400
2025-11-12,677.7647705078125,679.3318048264125,675.3547447293747,679.1631581075335,62312500
2025-11-13,666.5179443359375,675.2654792192372,665.010475070097,674.9084518036677,103457800
2025-11-14,666.408935546875,670.1082678298286,657.8201189320223,659.9127671356764,96846700
2025-11-17,660.2002563476562,668.1742314199619,656.7290154076413,664.1971714004484,90456100
2025-11-18,654.65625,659.6548153709225,650.4708935566339,656.6596108350068,114467500
2025-11-19,657.185302734375,661.856623370592,653.3371790986623,655.3505280387882,94703000
2025-11-20,647.1683349609375,670.0090710879778,646.5335791707308,667.3808213360044,165293500
2025-11-21,653.6148681640625,659.0894699034471,645.5020288545189,649.6675301260088,123956200
2025-11-24,663.2351684570312,664.5542570793402,656.1538823239337,657.2448196444445,80437900
2025-11-25,669.4734497070312,670.6536740212097,659.020017057554,663.135941149376,81077100
2025-11-26,674.09521484375,676.0986363282427,671.1595147067713,672.0620713400136,71879600
2025-11-28,677.7747192382812,678.0523870500939,674.9084513312986,675.2654787466182,49212000
2025-12-01,674.6803588867188,677.3779800628074,673.1629015749381,673.2323336611282,61201200
2025-12-02,675.9300537109375,678.2012155152329,673.7481184984898,676.316803165018,62953800
2025-12-03,678.2706298828125,679.2822075879724,674.105128319461,674.9779023816353,57238500
2025-12-04,678.7665405273438,679.7384687237238,675.7416137771377,679.6690366334618,61970300
2025-12-05,680.0557861328125,682.7336127271673,678.9549213715281,679.8375623637357,79241000
2025-12-08,678.0127563476562,680.9980334759979,675.9696853695019,680.9484564225444,55231500
2025-12-09,677.4275512695312,679.7582780276033,676.9812972721672,677.5366934232544,58310100
2025-12-10,681.92041015625,683.3088703732143,675.711837383319,676.9515664343469,85671300
2025-12-11,683.5072021484375,683.5865617528303,676.5647198382891,679.51034738166,86173700
2025-12-12,676.1580810546875,683.2195721462687,673.5893360954813,682.5153843270051,113160300
2025-12-15,675.1365356445312,680.1252340287925,673.6687159286942,680.1053789946951,90811000
2025-12-16,673.2918701171875,675.4837328267965,669.4338188610296,673.6488975485244,122030600
2025-12-17,665.8832397460938,674.8489377460819,665.6848710067972,674.3034691132465,110625200
2025-12-18,670.9114990234375,675.1464323222394,669.3544527925658,672.0322187932205,108650100
2025-12-19,676.9923095703125,677.4896664833268,672.8940327515619,673.0134542661981,103599500
2025-12-22,681.2098388671875,681.7370055876305,676.9922622536055,680.3245290528953,69556700
2025-12-23,684.3233032226562,684.562024812114,680.2548972126992,680.3046207584179,64840000
2025-12-24,686.7305297851562,687.1781631452748,684.164151137988,684.313382495532,39445600
2025-12-26,686.660888671875,688.0037280321676,685.6264081645946,686.989161229118,41613300
2025-12-29,684.2138671875,685.5567672531378,682.4433081832867,683.9055083361335,62559500
2025-12-30,683.3782958984375,684.9200900521846,682.9505762759469,683.8159723723246,47160700
2025-12-31,678.3152465820312,683.726492314561,678.1063955310838,683.5076844111845,74144800
2026-01-02,679.55859375,683.2390468658663,676.2263268834449,682.0852055985325,89377200
2026-01-05,684.0845947265625,685.7855773037328,682.7517121374489,682.910839643419,71927200
2026-01-06,688.1529541015625,688.6602678554459,684.1442890432024,684.2934596862484,69273800
2026-01-07,685.9347534179688,690.2916046822218,685.6761181181482,688.5309418430683,75588300
2026-01-08,685.8651123046875,686.9692300361542,683.8557710289468,685.1787573638412,64019200
2026-01-09,690.4010009765625,691.6344363504869,685.5368360184962,686.9791831428475,80125500
2026-01-12,691.4852294921875,692.410366767912,686.979207477028,687.0289310253164,63976000
2026-01-13,690.1026000976562,692.4103433578374,687.6953490317495,691.813478661017,78309700
2026-01-14,686.7105712890625,688.0633674208381,682.4134005947378,687.347202661372,94676700
2026-01-15,688.5806884765625,691.7737417111902,687.5959315038539,690.8983886882239,77862000
2026-01-16,688.0037231445312,690.5800586110835,686.4519720383781,689.9931507530615,79289200
2026-01-20,673.9981689453125,681.1501633341576,672.9934983300664,677.8874730475171,111623300
2026-01-21,681.77685546875,685.0991655259935,674.5452667925615,676.0572511802958,127844500
2026-01-22,685.3379516601562,687.476610793547,683.2888434897402,686.2033478813381,77112200
2026-01-23,685.5865478515625,687.3074439470811,683.5274830754288,684.5123006998919,63059600
2026-01-26,689.068115234375,690.4607389282814,686.2729717064406,686.8399658941375,60473800
2026-01-27,691.8134765625,692.8480177488461,689.9036431059924,690.5104039402848,55506100
2026-01-28,691.7438354492188,694.1510864943795,690.271678492269,693.3652237572153,61172200
2026-01-29,690.3711547851562,693.375209936545,681.2098793986574,692.7087686795362,97486200
2026-01-30,688.3121337890625,690.540343876794,683.4877957603626,688.1330925763239,101835100
2026-02-02,691.73388671875,693.2458711004026,685.7755608588325,685.9347490634862,79286500
2026-02-03,685.885009765625,693.2757257351432,680.4140840721383,692.529690413304,107904600
2026-02-04,682.5626831054688,687.7948875474046,678.1561081391175,686.7006659106327,105204600
2026-02-05,674.0379638671875,680.0758839506523,672.2176206040476,677.3404209861714,113610800
2026-02-06,686.96923828125,688.6503070282812,677.2508650473027,677.8576866055596,89127600
2026-02-09,690.2816162109375,692.1914496038428,684.7012866666231,685.7755337993461,73885200
2026-02-10,688.4613037109375,692.8579216647231,688.0037135108784,691.276360737094,65185700
2026-02-11,688.3021850585938,693.4547952732178,685.5368515439336,692.7087599208829,76353900
2026-02-12,677.668701171875,691.6742279947084,676.7734344520502,690.5701102294341,118829000
2026-02-13,678.1461181640625,682.6522007204912,673.9384983110481,678.0864377658819,96267500
2026-02-17,679.2402954101562,681.31927396984,672.2077222570326,676.5446598627462,81354700
2026-02-18,682.662109375,685.507036973797,679.2204384959671,680.4041503420104,73570300
2026-02-19,680.8616943359375,682.5527199680946,677.9471901363287,680.2251236342836,58649400
2026-02-20,685.7855834960938,686.4122580979458,678.126274472082,678.7131823752115,100034000
2026-02-23,678.7827758789062,686.3525334522094,676.7734345413753,684.1940214696967,90558100
2026-02-24,683.7164916992188,684.7112054782021,676.4053697086953,678.295350173768,73798700
2026-02-25,689.4859008789062,690.0130676270821,686.4519751919497,686.53156929616,56369500
2026-02-26,685.6561889648438,689.6350440416309,680.7323436648176,689.615191050754,71671000
2026-02-27,682.3637084960938,683.2291046432514,678.0367277603054,679.4790749097389,83308900
2026-03-02,682.7516479492188,684.9797970984218,674.4358553343317,675.1122534180175,87477200
2026-03-03,676.7337036132812,679.0016196644848,666.1200629162043,671.4915420947397,105003100
2026-03-04,681.50830078125,683.4579617719511,676.027417786932,678.026802327329,79182200
2026-03-05,677.7084350585938,681.9061587313661,672.0385544367263,678.4743840881955,106606500
2026-03-06,668.8256225585938,672.5358853430707,666.2194774432897,669.8501461298736,100687000
2026-03-09,674.6845092773438,676.3257505242918,658.888450195908,662.8673051642795,102667700
2026-03-10,673.6002807617188,679.7476047325034,671.1930903760745,674.1374043547928,81505300
2026-03-11,672.7548217773438,676.4849986405864,669.7806371390539,673.9982140650914,68441700
2026-03-12,662.5390625,668.0995392824933,662.3500644519811,667.6120785283837,108882200
2026-03-13,658.7890014648438,668.7859240392634,657.863924887251,665.7321452917186,97200200
2026-03-16,665.493408203125,668.5173163233716,663.5934708305671,664.8468199428278,82023100
2026-03-17,667.2440185546875,670.8747480492216,666.1598145596139,668.8355969918504,87128000
2026-03-18,657.9335327148438,666.1796881508768,657.6948111200146,664.8268919718373,82062600
2026-03-19,656.3121337890625,659.4753162945015,651.7066041735543,653.497076818377,111272500
2026-03-20,646.9034423828125,655.0025723674255,643.063298812559,654.8230422006715,163617500
2026-03-23,653.6959228515625,660.9173090129275,652.2596206790361,656.3790129905765,134802700
2026-03-24,651.5015869140625,655.3417305137531,648.2100787416998,649.6463809650626,96457500
2026-03-25,655.1322021484375,659.1917509309695,652.5588148295345,656.9774239230809,90653800
2026-03-26,643.432373046875,653.1672421520028,643.1630473705688,650.3844333840033,96494400
2026-03-27,632.4606323242188,641.0085567819559,631.4831091918358,640.8489947137006,103649400
2026-03-30,630.3460693359375,638.7245091624994,627.6630399662237,638.4651675144013,99275900
2026-03-31,648.6688842773438,649.865752001465,636.3405988140365,637.2981538716512,152534100
2026-04-01,653.5562744140625,656.8278752918841,651.3220400966815,652.219751792706,97841500
2026-04-02,654.144775390625,656.5086804928782,643.4522901873171,644.7589215344626,68358700
2026-04-06,657.23681640625,658.0247645183308,653.8356054757206,654.1746977251443,39105800
2026-04-07,657.5260009765625,657.9150134208243,649.386996170508,654.9626585699763,69980400
2026-04-08,674.27294921875,675.3402070755335,669.734652974974,674.6519776493207,93606100
2026-04-09,678.162841796875,679.4096297331154,672.0386657215836,673.1059235004034,57134400
2026-04-10,677.7140502929688,680.2774536083281,676.7066358948267,679.5692561407437,42253500
2026-04-13,684.3369750976562,684.536473353906,674.8414790590384,675.669302461078,54185800
2026-04-14,692.675537109375,692.7952238870419,685.8929616905456,685.9229138241225,63480500
2026-04-15,698.1414184570312,698.480571570673,692.4161778504387,693.4734516118131,58240400
2026-04-16,699.8569946289062,700.9741726960574,696.7350934539525,699.2585607342904,49972400
2026-04-17,708.3152465820312,710.5594650064761,703.9464965121796,704.3255249385737,70661900
2026-04-20,706.8988037109375,708.0857482546458,704.3254772575062,706.9587079747221,43546800
2026-04-21,702.2708129882812,709.4523240430285,700.8345107773317,708.4548936431559,58941400
2026-04-22,709.3825073242188,709.6218808832724,706.4001392457644,707.3278031045794,42518500
2026-04-23,706.6295776367188,710.5295037064266,700.4754491270062,707.6768673789517,56174000
2026-04-24,712.10546875,712.6340752101273,707.1881441382454,708.9236633096505,45182000
2026-04-27,713.332275390625,713.7911152864904,710.4696550399041,711.3374146094498,33135900
2026-04-28,709.8612060546875,711.0481506026886,707.4274735730012,709.9908768700561,43117400
2026-04-29,709.7515258789062,710.3699278433978,706.5497524472755,709.1729992133655,41859200
2026-04-30,716.8132934570312,717.9403946619685,708.6244289610544,712.7936806635566,67240900
2026-05-01,718.7982177734375,723.0073446973263,718.6186267345964,719.3966516418469,43049800
2026-05-04,716.1649780273438,720.2644021704073,713.152718877996,718.2196821209096,51950600
2026-05-05,721.9102172851562,723.1769124909786,719.6360467603954,719.9153564929043,36933200
2026-05-06,731.9443359375,732.7023927493656,725.9497697512824,726.288861980811,53288900
2026-05-07,729.7001342773438,734.238430329629,727.8748196364371,733.161188473549,51724600
2026-05-08,735.724609375,736.1834492768152,732.6824588199246,733.0415191543954,47227100
2026-05-11,737.4002685546875,738.8864300819614,734.5576163199453,734.5576163199453,44024000
2026-05-12,736.2831420898438,736.9414802248905,729.9494836014034,734.9964788307154,54185300
2026-05-13,740.4025268554688,741.9983910774667,733.5800764180441,736.5723674930287,44200200
2026-05-14,746.2474975585938,747.6040491923611,741.649357949993,741.7391534739264,45307600
2026-05-15,737.2706298828125,741.5496453663399,736.0637780312098,739.8838927249178,60410800
2026-05-18,736.751953125,739.5147938000424,731.5054597381557,737.9289136337939,47843900
2026-05-19,731.8446044921875,735.7545755811656,729.650306265128,732.8919551385734,54255900
2026-05-20,739.3452758789062,739.9636778498481,732.0042028263388,733.8195334397973,45768000
2026-05-21,740.8114624023438,742.9559620700644,735.1361419849363,736.7419902854853,43332200
2026-05-22,743.7239990234375,747.015507083493,742.566945697205,744.3224328967863,41762000
2026-05-26,748.6613159179688,750.1973368284331,746.4469887578754,748.0827892360243,41123600
2026-05-27,748.5316162109375,749.4492351039673,746.2973210478585,748.9505199197505,42106300
2026-05-28,752.6609497070312,753.2095851254732,747.3047533704411,748.3221518516883,41562600
2026-05-29,754.5361328125,756.1320579864754,752.7507543048832,753.9576670103595,55075700
2026-06-01,756.5908203125,758.3264003155792,752.7507376917755,753.4189990020213,43634900
2026-06-02,757.6182250976562,758.4461093852723,754.805464031348,755.0847737682097,31581900
2026-06-03,752.3018798828125,756.8501599793441,751.6336185743088,756.2018667594974,51402500
2026-06-04,755.1445922851562,756.3614281257201,749.5389775481502,750.1673635570705,49923000
2026-06-05,735.65478515625,750.8855669656407,733.6400171295905,750.3768677170906,93989400
2026-06-08,737.3204345703125,743.4247643242134,736.2931129658897,741.4498108327123,49319100
2026-06-09,735.1560668945312,744.9807928982774,720.7332622187009,741.7191759970133,87683500
2026-06-10,723.56591796875,736.4826536495077,723.4661992814284,731.5054857614351,60341300
2026-06-11,735.8642578125,738.0984921563339,722.5485255148498,726.8873842592473,86330500
2026-06-12,739.843994140625,742.5270843334097,733.1412911200548,738.8066884479139,57079500
2026-06-15,752.890380859375,754.7356026867302,749.8282623277308,749.9179969688896,60176400
2026-06-16,748.4019775390625,753.4988323298886,747.9531216783239,752.6111046530555,67093100
2026-06-17,739.0560302734375,750.217278570044,737.3204502885575,749.3594421826946,85945200
2026-06-18,746.739990234375,748.22998046875,743.8599853515625,747.760009765625,80875700
2026-06-22,744.3900146484375,750.1799926757812,743.1300048828125,747.7000122070312,46628100
2026-06-23,733.5800170898438,739.6300048828125,732.2999877929688,733.8099975585938,66846800
2026-06-24,733.239990234375,739.9500122070312,730.8400268554688,735.1699829101562,57439500
2026-06-25,734.2999877929688,739.3699951171875,729.5999755859375,738.9099731445312,53934400
2026-06-26,728.989990234375,736.530029296875,716.5800170898438,728.9500122070312,71034000
2026-06-29,741.0,741.5599975585938,732.0900268554688,736.530029296875,58035200
2026-06-30,746.77001953125,748.02001953125,740.8900146484375,741.2899780273438,55626000
2026-07-01,745.760009765625,749.4400024414062,742.3800048828125,745.0,47100900
2026-07-02,744.780029296875,751.3099975585938,740.030029296875,747.4000244140625,57447800
2026-07-06,751.280029296875,752.4099731445312,747.4099731445312,748.739990234375,50673300
2026-07-07,747.7100219726562,750.9600219726562,745.2100219726562,750.219970703125,43721500
2026-07-08,745.4000244140625,746.1500244140625,739.510009765625,743.1599731445312,43767400
2026-07-09,751.7100219726562,751.969970703125,745.5900268554688,747.3499755859375,41441700
2026-07-10,754.9500122070312,755.4199829101562,748.0999755859375,752.0499877929688,42191300
2026-07-13,749.1699829101562,753.9099731445312,748.0,752.469970703125,44013600
2026-07-14,751.8300170898438,753.3400268554688,748.6599731445312,750.9099731445312,35143100
2026-07-15,754.8099975585938,755.5800170898438,750.2000122070312,754.239990234375,43844800
2026-07-16,750.719970703125,754.5700073242188,747.8800048828125,752.760009765625,46409800
2026-07-17,743.2899780273438,747.2899780273438,740.7999877929688,742.0800170898438,62651000
2026-07-20,742.0900268554688,748.72998046875,741.510009765625,747.0599975585938,50422300
2026-07-21,748.280029296875,749.0399780273438,744.1799926757812,746.2899780273438,34324300
2026-07-22,747.4099731445312,750.02001953125,746.3699951171875,746.6199951171875,32836200
2026-07-23,738.1799926757812,742.5599975585938,735.2100219726562,739.3699951171875,55437300
2026-07-24,738.9299926757812,743.719970703125,737.2899780273438,738.510009765625,44782000
2026-07-27,739.0900268554688,745.530029296875,735.8699951171875,744.9099731445312,41461200
2026-07-28,740.8599853515625,742.7899780273438,735.97998046875,739.1900024414062,47322200
2026-07-29,729.4600219726562,742.6799926757812,729.0999755859375,739.969970703125,70697200
2026-07-30,741.6900024414062,742.4500122070312,734.5900268554688,736.0499877929688,66811300
2026-07-31,747.030029296875,748.9000244140625,737.6799926757812,744.6799926757812,62445900
